{"best_test_loss": 0.5462223236579269, "epoch_time_hist": [28.316110610961914, 29.03983473777771, 27.950919151306152, 27.86769151687622, 27.545701503753662, 27.48515248298645, 26.63950800895691, 26.44702649116516, 26.80162286758423, 28.399754762649536, 29.7986056804657, 29.528608560562134, 29.727718830108643, 29.404028177261353, 31.267908096313477, 27.075432777404785, 27.577358722686768, 28.532182216644287, 37.979900598526, 58.87828707695007, 65.0657708644867, 54.03670072555542, 33.92862296104431, 24.308958292007446, 22.034153938293457], "time_till_best_val_loss": 509.4051651954651, "val_loss_hist": [0.6601622450854441, 0.6610392457649411, 0.6643279982314333, 0.6649857487247317, 0.6691515018394923, 0.668274501191224, 0.65862749395618, 0.6557772418185535, 0.6489804867211362, 0.6428414821170173, 0.6285902214288842, 0.629028721657632, 0.6314404735665109, 0.6382372286639282, 0.6533654900097925, 0.5689541766215489, 0.5946064459417977, 0.5764086814365169, 0.5378206533536983, 0.5619381714413081, 0.5612804209480097, 0.5818899364046943, 0.6051304538345729, 0.6691515018489552, 0.6680552510267912, 0.6680552510267912]}
