{"best_test_loss": 0.23579091531075574, "epoch_time_hist": [57.96583008766174, 57.850499391555786, 57.77079892158508, 58.15528059005737, 58.0838680267334, 57.93490958213806, 58.02203893661499, 57.940908432006836, 58.013020753860474, 57.98775863647461, 58.057419538497925, 58.06310820579529, 58.03954482078552, 57.93887114524841, 58.03806495666504, 58.08401155471802, 57.73076915740967, 57.48734188079834, 57.86524796485901, 58.015527963638306, 58.14552116394043, 58.18785524368286, 58.06690716743469, 58.082101821899414, 58.080073833465576], "time_till_best_val_loss": 637.7823328971863, "val_loss_hist": [0.6649857487247317, 0.5522911642062642, 0.3893882920326817, 0.2615654461683498, 0.24424468317815734, 0.2223196667348757, 0.2223196667348757, 0.23832492873847128, 0.229116421832293, 0.22538916903693512, 0.2181539136106522, 0.21179565884210053, 0.22429291821477104, 0.21946941459724909, 0.22516991832279082, 0.23021267265445708, 0.22736242051683048, 0.22297741699817072, 0.23262442446321807, 0.2223196667348757, 0.2223196667348757, 0.2264854198590992, 0.22582766936344956, 0.22429291821477104, 0.2264854198590992, 0.22253891689930852]}
