{"best_test_loss": 0.4777448071107568, "epoch_time_hist": [1.113518238067627, 1.1729512214660645, 1.256838321685791, 1.326538324356079, 1.402125358581543, 1.311849594116211, 1.180480718612671, 0.9877452850341797, 0.8538694381713867, 0.7604053020477295, 0.7298929691314697, 0.8744163513183594, 0.9285955429077148, 0.9042456150054932, 0.8882753849029541, 0.8426132202148438, 0.8877670764923096, 0.9916956424713135, 0.9105911254882812, 0.8913826942443848, 0.9289281368255615, 0.9265239238739014, 0.895550012588501, 0.8741235733032227, 0.8835785388946533], "time_till_best_val_loss": 12.970631122589111, "val_loss_hist": [0.6117079584493511, 0.638456478828361, 0.6489804867211362, 0.6417452312948533, 0.6454724840381417, 0.6356062266907344, 0.6347292260568529, 0.6141197101263962, 0.5562376672216766, 0.5283928962461648, 0.5101951325642429, 0.5156763867459838, 0.4990133735351653, 0.5463714097665782, 0.6035957026835432, 0.573996930485113, 0.5553606665083236, 0.5838631878845897, 0.5720236790052177, 0.5805744354180975, 0.5812321859113959, 0.5772856829516052, 0.5450559087799812, 0.5472484104243094, 0.5472484104243094, 0.5472484104243094]}
