{"best_test_loss": 0.6007760785071724, "epoch_time_hist": [33.771682262420654, 34.01355528831482, 34.22034478187561, 33.81628370285034, 33.34450054168701, 33.263590574264526, 33.66256403923035, 33.35097861289978, 33.70542931556702, 33.48423933982849, 33.459641456604004, 33.637526750564575, 33.895551919937134, 33.60588216781616, 33.63008117675781, 33.67662596702576, 33.54896831512451, 33.35703206062317, 33.49268841743469, 33.77717351913452, 33.4551215171814, 33.49787139892578, 33.51722002029419, 33.65791940689087, 33.24396371841431], "time_till_best_val_loss": 135.82186603546143, "val_loss_hist": [0.6595044946139114, 0.655119491325255, 0.65775049316067, 0.6242052181402279, 0.6110502079594649, 0.6213549660026013, 0.640868230637122, 0.6529269896809269, 0.6849375136881181, 0.6908572626726004, 0.6862530146747149, 0.686033764433506, 0.6932690199365651, 0.6882262661546102, 0.6689322515342679, 0.6689322512471572, 0.6649857484972123, 0.6643279982314333, 0.6647664985602989, 0.6621354965871051, 0.6616969959711554, 0.6579697429465479, 0.6586274935888153, 0.6538039899926722, 0.655119491325255, 0.6557772418185535]}
