{"best_test_loss": 0.03689556331782021, "epoch_time_hist": [7.0210182666778564, 8.48225474357605, 9.083807945251465, 9.801331996917725, 9.295886039733887, 9.414812803268433, 10.048994064331055, 9.687539100646973, 9.803241968154907, 9.817743062973022], "time_till_best_val_loss": 92.45662999153137, "val_loss_hist": [0.09547593047824296, 0.09545229479905344, 0.07988760480910562, 0.0835847033080484, 0.06975590509454693, 0.060643967029017594, 0.05755120313065739, 0.05102675296343302, 0.04604343946896648, 0.047225735557189064, 0.03590685574951859]}
