{"best_test_loss": 0.31304096940816384, "epoch_time_hist": [27.437148571014404, 26.331172466278076, 28.15719223022461, 24.99118208885193, 27.27242875099182, 28.00901961326599, 28.03797721862793, 26.747706174850464, 28.356369495391846, 30.547106981277466, 27.19386577606201, 25.739081621170044, 24.024444341659546, 24.699685096740723, 25.597599029541016, 28.274192810058594, 30.272945404052734, 26.276623487472534, 22.955065727233887, 23.819698333740234, 16.718037843704224, 19.842510223388672, 19.112427949905396, 23.14269709587097, 22.540666818618774], "time_till_best_val_loss": 613.5561783313751, "val_loss_hist": [0.42492836675000206, 0.41633237821156643, 0.40085959884238226, 0.33123209168105355, 0.3383954154630832, 0.34212033626251825, 0.37191977076298227, 0.4174785100166912, 0.4140401143321987, 0.3077363896759961, 0.3856733524244793, 0.41289398275249206, 0.4140401146013169, 0.4386819484114991, 0.3203438395323684, 0.3177650429708377, 0.3051575931144654, 0.3063037249195902, 0.3189111747759624, 0.3131805157503387, 0.4527220630242773, 0.44097421202174863, 0.44699140399865356, 0.4363896848012496, 0.29684813752731093, 0.31346704870161984]}
