{"best_test_loss": 0.09521061742368117, "epoch_time_hist": [44.83114528656006, 44.92091488838196, 44.835110664367676, 44.744643211364746, 44.79779648780823, 44.927353620529175, 45.13041138648987, 44.26721978187561, 44.585874795913696, 45.01913833618164, 45.1713981628418, 44.99764323234558, 45.19658827781677, 44.942609786987305, 44.9025502204895, 45.02061152458191, 45.17111849784851, 45.11649537086487, 45.25195121765137, 45.065932512283325, 45.061614751815796, 44.399375438690186, 44.72121334075928, 44.540820360183716, 45.318617820739746], "time_till_best_val_loss": 314.1873755455017, "val_loss_hist": [0.42120343832587287, 0.11547277936631883, 0.1042979942663525, 0.11805157592784953, 0.10945558738941388, 0.09799426933816635, 0.08997134670229309, 0.08194842406641982, 0.09656160458176041, 0.08911174784844952, 0.0994269340945723, 0.09111747838026432, 0.10229226360738418, 0.0945558739227921, 0.09856733536127157, 0.0991404011432911, 0.09140401145869903, 0.0991404011432911, 0.1042979942663525, 0.0971346704843228, 0.09770773638688517, 0.09598853867919804, 0.09484240687407329, 0.09541547277663566, 0.09283667621510497, 0.09570200572791686]}
