{"best_test_loss": 0.13156376225817762, "epoch_time_hist": [1.2153310775756836, 1.3683879375457764, 1.1917228698730469, 1.3572509288787842, 1.6346497535705566, 1.6893110275268555, 1.6554675102233887, 1.70328688621521, 1.723459243774414, 1.5931246280670166, 1.5962224006652832, 1.5575919151306152, 1.6931216716766357, 1.4238197803497314, 1.4614522457122803, 1.4264767169952393, 1.3769235610961914, 1.4406547546386719, 1.4402899742126465, 1.400923252105713, 1.4423828125, 1.5220377445220947, 1.5359017848968506, 1.4670050144195557, 1.4885432720184326], "time_till_best_val_loss": 18.28580617904663, "val_loss_hist": [0.4088825212849597, 0.4363896848012496, 0.22693409732750763, 0.19369627506608322, 0.15415472778927924, 0.19283667621223965, 0.13553008595600202, 0.13409742119959606, 0.1286532951252535, 0.14154727793290697, 0.1361031519281061, 0.13266475644319012, 0.11919770773297428, 0.13381088824831489, 0.13495702005343962, 0.15272206350915438, 0.15902578620235344, 0.15959885386362183, 0.1624641833764337, 0.18280802291739806, 0.1816618911122733, 0.18280802291739806, 0.18280802291739806, 0.18280802291739806, 0.18280802291739806, 0.18280802291739806]}
