{"best_test_loss": 0.31073283322819584, "epoch_time_hist": [31.008432865142822, 30.92880630493164, 31.070780992507935, 32.626038789749146, 28.12318754196167, 26.074214696884155, 25.592151641845703, 25.596357107162476, 26.613928079605103, 27.284353971481323, 26.594433307647705, 26.88648509979248, 27.14048457145691, 27.044912099838257, 27.28530788421631, 27.24047589302063, 27.070777893066406, 26.555700540542603, 27.258405685424805, 26.97919726371765, 27.39654564857483, 26.81381392478943, 27.62278389930725, 27.80866026878357, 27.43873882293701], "time_till_best_val_loss": 31.008432865142822, "val_loss_hist": [0.37736389683732485, 0.3194842406785248, 0.3587392550040476, 0.4186246418218159, 0.4246418337987209, 0.45444126073196445, 0.45186246417043374, 0.4435530085832793, 0.44613180514481, 0.4438395405589488, 0.44498567333968525, 0.4435530085832793, 0.45243553007299614, 0.4492836676089031, 0.44699140399865356, 0.4484240687550595, 0.44756446990121596, 0.4467048710473724, 0.4487106017063407, 0.44957020056018426, 0.4492836676089031, 0.4510028653165902, 0.4510028653165902, 0.4512893982678714, 0.45042979941402783, 0.45042979941402783]}
