{"best_test_loss": 0.5010898522523349, "epoch_time_hist": [10.222854614257812, 9.610844373703003, 10.229567050933838, 9.8205087184906, 10.30696725845337, 9.862974166870117, 10.31104326248169, 10.011702299118042, 9.788906574249268, 9.564577341079712, 8.7375328540802, 8.55187463760376, 8.01569938659668, 7.468372106552124, 7.101876258850098, 8.682962417602539, 7.2691099643707275, 7.61395263671875, 8.373679399490356, 8.495597124099731, 5.874742269515991, 5.415925025939941, 5.9683520793914795, 6.240556240081787, 6.66868257522583], "time_till_best_val_loss": 139.6053009033203, "val_loss_hist": [0.5741033160258493, 0.5700428602725671, 0.5720730881892157, 0.5616963681353103, 0.5565080081083577, 0.5603428829108879, 0.5713963455770044, 0.5801939995357502, 0.5673358899037371, 0.5722986690599526, 0.5752312203795347, 0.5686893751281595, 0.5754568012502717, 0.5923753665555521, 0.542296413251922, 0.4926686216897661, 0.573200992542901, 0.573200992542901, 0.6196706519147379, 0.6465147755324495, 0.6422287389884451, 0.6498984885935056, 0.6144822918877852, 0.6083916083778843, 0.6079404466364101, 0.5759079629917458]}
