{"best_test_loss": 0.5316057156567787, "epoch_time_hist": [9.411176681518555, 9.402642726898193, 8.82239556312561, 8.979149580001831, 8.439036130905151, 8.337710857391357, 8.866922616958618, 8.389445304870605, 8.778566360473633, 8.08685827255249, 8.390408515930176, 7.88166069984436, 7.755325794219971, 7.564768075942993, 7.0800940990448, 8.050561666488647, 7.164277791976929, 7.345453977584839, 7.177292108535767, 7.274353265762329, 7.1771252155303955, 6.9584059715271, 7.114943265914917, 6.9212565422058105, 6.964763879776001], "time_till_best_val_loss": 45.05440068244934, "val_loss_hist": [0.5810963230186985, 0.5725242499492893, 0.566884728162263, 0.5583126550742542, 0.5400406045445513, 0.529889465361383, 0.532596435810228, 0.5596661402986767, 0.5774870290869053, 0.5648545003124411, 0.5601173020401508, 0.5725242499306897, 0.5761335438624829, 0.5713963455770044, 0.592149785684815, 0.5950823370043969, 0.610421836214518, 0.610421836214518, 0.6090683509900955, 0.6090683509900955, 0.6079404466364101, 0.6074892848949359, 0.6079404466364101, 0.6092939318608326, 0.6115497405682033, 0.6117753214389403]}
