{"best_test_loss": 0.147493339788145, "epoch_time_hist": [6.05223536491394, 5.645141124725342, 5.639564514160156, 5.696197032928467, 5.648328542709351, 5.647392272949219, 5.611150503158569, 5.6652209758758545, 5.603276014328003, 5.693797588348389, 5.622023820877075, 5.6398584842681885, 5.673203945159912, 5.631184816360474, 5.6666388511657715, 5.715559959411621, 5.652793645858765, 5.62813925743103, 5.6846349239349365, 5.639111280441284, 5.633141040802002, 5.682084083557129, 5.646383285522461, 5.691322326660156, 5.627147912979126], "time_till_best_val_loss": 62.524327754974365, "val_loss_hist": [0.644710128566553, 0.2115948567513739, 0.1741484322090199, 0.18023911571892084, 0.19851116624862372, 0.17505075569196818, 0.165125197379537, 0.1570042860330024, 0.15226708774752387, 0.15159034513531267, 0.1511391833938385, 0.14369501465951512, 0.15249266861826094, 0.16783216782838187, 0.1554252199378429, 0.15655312429152823, 0.15790660951595067, 0.1610647417062697, 0.16941123392354138, 0.16489961650879992, 0.17550191743344232, 0.1741484322090199, 0.15880893299889898, 0.1561019625500541, 0.15497405819636872, 0.152718249488998]}
