{"best_test_loss": 0.15645434729579913, "epoch_time_hist": [6.309699058532715, 5.958484411239624, 5.829632997512817, 5.879723310470581, 5.839212656021118, 5.806402206420898, 5.922259092330933, 5.806520700454712, 5.808221817016602, 5.9282002449035645, 5.837891578674316, 5.843732595443726, 5.909149646759033, 5.887122869491577, 5.834152698516846, 5.898180723190308, 5.868889093399048, 5.839195013046265, 5.889004230499268, 5.824771404266357, 5.828419208526611, 5.936849594116211, 5.847843885421753, 5.8497655391693115, 5.919792890548706], "time_till_best_val_loss": 100.16747570037842, "val_loss_hist": [0.5722986690599526, 0.2018948793096798, 0.1987367471743218, 0.18294608616776573, 0.1788856304944984, 0.17866004962376134, 0.18114143920186915, 0.1741484322090199, 0.177532145270076, 0.15497405819636872, 0.16377171215511457, 0.16377171185330303, 0.16850891044059307, 0.15497405819636872, 0.15790660951595067, 0.15971125648184725, 0.16241822693069213, 0.15339499210120924, 0.16467403563806285, 0.16129032257700676, 0.1554252199378429, 0.16489961650879992, 0.15519963906710582, 0.16399729302585164, 0.1691856530528043, 0.16873449131133014]}
