{"best_test_loss": 0.2974085735921198, "epoch_time_hist": [1.0033624172210693, 1.1018595695495605, 1.1811473369598389, 1.3109872341156006, 1.3430607318878174, 1.3419055938720703, 1.3520314693450928, 1.4086790084838867, 1.3671026229858398, 1.3023691177368164, 1.3805863857269287, 1.3673124313354492, 1.4345269203186035, 0.9462893009185791, 0.9562413692474365, 1.0074918270111084, 0.9994711875915527, 0.8571174144744873, 0.883373498916626, 0.8189272880554199, 0.841339111328125, 0.8101015090942383, 0.81186842918396, 0.8521838188171387, 0.8663251399993896], "time_till_best_val_loss": 14.093091487884521, "val_loss_hist": [0.5878637491408106, 0.6469659372739236, 0.663658921708467, 0.5477103541496118, 0.4845477103432315, 0.43672456574697216, 0.3417550191666647, 0.28626212496534487, 0.2923528084752458, 0.2826528310335517, 0.30498533725175136, 0.2788179561474283, 0.2993458152633255, 0.3122039251001082, 0.31919693209295746, 0.3388224678622448, 0.35438754786856586, 0.36002706969636755, 0.39093164898734645, 0.4200315813124288, 0.43762688922992043, 0.46041055717436474, 0.45071057973267065, 0.46808030677942525, 0.47597563725522274, 0.47507331377227446]}
