{"best_test_loss": 0.276822475168883, "epoch_time_hist": [0.9640600681304932, 1.1092779636383057, 1.2580676078796387, 1.350517749786377, 1.2514252662658691, 1.3248343467712402, 1.3238048553466797, 1.2957825660705566, 1.3474018573760986, 1.261143445968628, 1.3957257270812988, 1.340320348739624, 1.0118613243103027, 0.8786041736602783, 1.0780377388000488, 0.906282901763916, 0.7806029319763184, 0.7901885509490967, 0.8024992942810059, 0.9020946025848389, 1.0068697929382324, 0.988797664642334, 1.0308120250701904, 1.0011076927185059, 0.9351611137390137], "time_till_best_val_loss": 11.225172281265259, "val_loss_hist": [0.6352357319955959, 0.6095195127315696, 0.6074892848949359, 0.6002706970313496, 0.5483870968712813, 0.4364989848678527, 0.34581547483993197, 0.28806677193124147, 0.29325513195819414, 0.2779156327480732, 0.2937062936996683, 0.28558538235313363, 0.3275434243520518, 0.3221294834125394, 0.30115046243399163, 0.36250845927447534, 0.42792691178822634, 0.4398826979372912, 0.49176629820681783, 0.4561245206303604, 0.44822919015456286, 0.45319196931077843, 0.4489059327667741, 0.44913151363751114, 0.45635010150109745, 0.464245431976895]}
