{"best_test_loss": 0.5044805037417176, "epoch_time_hist": [10.183622598648071, 10.336223363876343, 9.93021011352539, 9.99730658531189, 9.907702207565308, 9.790807962417603, 9.678674459457397, 9.617717981338501, 9.915027141571045, 9.838682174682617, 9.643669843673706, 9.448101997375488, 9.538870573043823, 9.392228841781616, 9.371746301651001, 9.354092597961426, 9.356852293014526, 9.197030544281006, 9.112184286117554, 8.64570140838623, 8.962083578109741, 8.781822919845581, 8.995074272155762, 8.714361190795898, 8.964259624481201], "time_till_best_val_loss": 127.82661700248718, "val_loss_hist": [0.5898939769774443, 0.5768102864746941, 0.5587638168157283, 0.5461312880544523, 0.5492894202447713, 0.5447778028300299, 0.5574103315913059, 0.5377847958371806, 0.5382359575786547, 0.5118429957024173, 0.4969546582337705, 0.5003383712948266, 0.49469884952639975, 0.48928490862871005, 0.4926686216897661, 0.4949244303161865, 0.5030453415560794, 0.5059778930632534, 0.510940672219469, 0.510940672219469, 0.5102639296072577, 0.5256034286823442, 0.5368824723542324, 0.5508684862627348, 0.5594405594279396, 0.5587638167964284]}
