{"best_test_loss": 0.5284572535594949, "epoch_time_hist": [11.408774614334106, 10.29916524887085, 10.151814460754395, 10.570592403411865, 10.381710290908813, 10.281954765319824, 9.640787363052368, 9.884123086929321, 9.518118858337402, 9.521404504776001, 9.777940273284912, 9.616185665130615, 9.307384014129639, 9.256924152374268, 9.224439144134521, 9.485557317733765, 9.369544982910156, 9.445147275924683, 9.334038734436035, 9.429595470428467, 9.442395210266113, 9.462177276611328, 9.674623489379883, 9.237991094589233, 9.026723623275757], "time_till_best_val_loss": 52.81205701828003, "val_loss_hist": [0.63568689373707, 0.5244755244636933, 0.561019625523099, 0.544552221945715, 0.5366568914834953, 0.5062034738369962, 0.513873223539051, 0.5199639070489519, 0.5242499435929563, 0.5226708774977967, 0.5411685088982366, 0.5431987367348703, 0.5258290096881157, 0.5334987592931763, 0.5330475975517021, 0.5371080532249694, 0.5402661854152884, 0.5416196706397108, 0.5413940897689737, 0.5418452515104479, 0.5427475749933962, 0.5416196706397108, 0.5384615384493918, 0.5375592149664435, 0.5375592149664435, 0.5375592149664435]}
