{"best_test_loss": 0.5435409457744077, "epoch_time_hist": [4.751876592636108, 4.565157413482666, 4.526427268981934, 4.497193813323975, 4.442431211471558, 4.48073935508728, 4.478759765625, 4.298187732696533, 4.316172122955322, 4.422382116317749, 3.9920215606689453, 3.827395439147949, 3.5204222202301025, 3.6758205890655518, 3.7041122913360596, 3.32731294631958, 3.3918685913085938, 4.292460680007935, 3.820753812789917, 3.2716281414031982, 3.121232509613037, 3.051560163497925, 3.0382800102233887, 2.823786973953247, 2.78130841255188], "time_till_best_val_loss": 96.41929173469543, "val_loss_hist": [0.5818825611436866, 0.5815874889075915, 0.5836529949665491, 0.5895544408206093, 0.5750958984781619, 0.5748008261854588, 0.5683092357459927, 0.5777515490253431, 0.5992918265048784, 0.5998819710652145, 0.6258483328230792, 0.6081439952608987, 0.5928002360403423, 0.5544408379889513, 0.5219828857916204, 0.6376512245311995, 0.6364709353603875, 0.6388315137020115, 0.6113897904527886, 0.6282089111647032, 0.6282089111647032, 0.6282089111647032, 0.6282089111647032, 0.5092947772053912, 0.502803186765925, 0.502508114473222]}
