{"best_test_loss": 0.13177623990392803, "epoch_time_hist": [4.441640853881836, 4.109280347824097, 4.035322189331055, 4.106160879135132, 4.046933650970459, 4.0537943840026855, 4.113316059112549, 4.055962085723877, 4.057638168334961, 4.103063583374023, 4.050006866455078, 4.056490421295166, 4.0783562660217285, 4.026338577270508, 4.025418043136597, 4.043661832809448, 4.10786509513855, 4.043013334274292, 4.0250959396362305, 4.085143804550171, 4.023553133010864, 4.024209022521973, 4.106298208236694, 4.034884929656982, 4.054643392562866], "time_till_best_val_loss": 12.586243391036987, "val_loss_hist": [0.5379167895975829, 0.16878135142612036, 0.14606078488798876, 0.1283564473258083, 0.1318973148382444, 0.14222484508284966, 0.14222484508284966, 0.13396282088716546, 0.13425789317986847, 0.12953673649662034, 0.13779876069230457, 0.12865151961851132, 0.1318973148382444, 0.13425789317986847, 0.13632339922878953, 0.13779876069230457, 0.1357332546433835, 0.13809383298500758, 0.1354381823506805, 0.13396282088716546, 0.13278253171635343, 0.1316022425455414, 0.12924166420391733, 0.1316022425455414, 0.13071702566743237, 0.1313071702528384]}
