{"best_test_loss": 0.19261822375453813, "epoch_time_hist": [0.9072699546813965, 1.07112717628479, 1.1172997951507568, 1.2230689525604248, 1.301100492477417, 1.2676022052764893, 1.3071231842041016, 1.3301396369934082, 1.2825953960418701, 1.230139970779419, 1.2930116653442383, 1.2717325687408447, 1.3197088241577148, 1.2337350845336914, 1.1937341690063477, 1.2074971199035645, 1.2228317260742188, 1.2065253257751465, 1.1293208599090576, 1.2005155086517334, 1.1426799297332764, 1.197700023651123, 1.1296968460083008, 1.0172975063323975, 0.9365880489349365], "time_till_best_val_loss": 12.037466764450073, "val_loss_hist": [0.48657421046653243, 0.4697550899831881, 0.42401888461422194, 0.3638241369028084, 0.32753024490033844, 0.29271171436138355, 0.25435231630999255, 0.2018294482088572, 0.22159929181995872, 0.2050752434285903, 0.20005901445263916, 0.21333726762427452, 0.2363529064551091, 0.2782531720189362, 0.2242549424542858, 0.2086161109410264, 0.23487754499159405, 0.24254942460187226, 0.24166420772376324, 0.2602537621640527, 0.28474476245840236, 0.3071702567038309, 0.308645618167346, 0.30392446148409785, 0.3024491000205828, 0.28622012392191737]}
