{"best_test_loss": 0.44550173009096017, "epoch_time_hist": [5.775619745254517, 5.082762956619263, 5.298259973526001, 5.072895050048828, 4.955844163894653, 4.676598787307739, 4.74859619140625, 4.779284954071045, 4.717220783233643, 4.664731025695801, 4.438708305358887, 4.614511489868164, 4.685710191726685, 4.721036672592163, 4.747611999511719, 4.577394008636475, 4.750118255615234, 4.714118719100952, 4.885722875595093, 4.705271482467651, 4.805211544036865, 4.647380590438843, 4.645458936691284, 4.74851393699646, 4.824060440063477], "time_till_best_val_loss": 10.85838270187378, "val_loss_hist": [0.5178518736937784, 0.47713189730076333, 0.4151667158331317, 0.4384774269566693, 0.4340513425661242, 0.4520507524210077, 0.4762466804226543, 0.45854234286047385, 0.46650929476345504, 0.463263499543722, 0.4532310415918197, 0.4420182944691054, 0.4511655355428986, 0.4617881380802069, 0.464443788714534, 0.4679846562269701, 0.46709943934886106, 0.4567719091042558, 0.45529654764074073, 0.45529654764074073, 0.45500147534803775, 0.4502803186647896, 0.45500147534803775, 0.45175568012830464, 0.45234582471371065, 0.45234582471371065]}
