{"best_test_loss": 0.4801485289780021, "epoch_time_hist": [6.41846227645874, 5.6815595626831055, 5.825557708740234, 5.70796275138855, 5.798041820526123, 5.3984973430633545, 5.203120708465576, 4.971778869628906, 4.723963975906372, 4.5207061767578125, 4.440361261367798, 4.565860271453857, 4.532429456710815, 6.192907810211182, 6.595714807510376, 6.60390043258667, 5.561654329299927, 4.552732467651367, 4.368654012680054, 3.9632821083068848, 4.445396184921265, 4.0395729541778564, 4.228304147720337, 3.7763705253601074, 3.818284273147583], "time_till_best_val_loss": 73.98120999336243, "val_loss_hist": [0.5830594184429062, 0.5701643489109947, 0.5747155499222575, 0.5742098609210061, 0.5696586599097432, 0.5767383059194601, 0.5977243994791979, 0.5908975979623035, 0.5815423514391519, 0.5881163084554206, 0.5749683944228833, 0.5514538558646914, 0.5767383059272633, 0.5314791403152597, 0.44045512009000115, 0.5127686472689565, 0.5183312262827223, 0.4642225031488187, 0.4498103666131527, 0.45158027811753276, 0.48470290769950186, 0.5276864728058739, 0.5259165613014939, 0.5711757269134975, 0.5714285714141232, 0.5742098609210061]}
