{"best_test_loss": 0.14967152241789, "epoch_time_hist": [4.645548105239868, 4.3279643058776855, 4.276329755783081, 4.323394298553467, 4.263920783996582, 4.277135610580444, 4.332698345184326, 4.282538652420044, 4.290628433227539, 4.2481067180633545, 4.343430995941162, 4.277241468429565, 4.3256378173828125, 4.270461082458496, 4.236495018005371, 4.305483102798462, 4.263671875, 4.238049268722534, 4.336138486862183, 4.260548114776611, 4.269901514053345, 4.3260979652404785, 4.263774633407593, 4.2669830322265625, 4.333153009414673], "time_till_best_val_loss": 90.39532375335693, "val_loss_hist": [0.524905183298991, 0.1817951959498914, 0.15170670037543094, 0.15297092287855954, 0.14766118836541944, 0.14235145385227937, 0.14740834386479373, 0.15752212388982245, 0.1484197218672966, 0.13400758533163065, 0.13628318583726212, 0.14614412142655636, 0.14791403286604515, 0.14664981036291658, 0.1428571428535308, 0.12996207332161916, 0.129203539819742, 0.12869785081849058, 0.14260429835290508, 0.13780025284101644, 0.14462705435791082, 0.12844500631786485, 0.13780025284101644, 0.1484197218672966, 0.13830594162457505, 0.13780025284101644]}
