{"best_test_loss": 0.314481576683391, "epoch_time_hist": [0.9011433124542236, 1.068192720413208, 1.157163143157959, 1.240037441253662, 1.1939196586608887, 1.2652029991149902, 1.1978304386138916, 1.209585189819336, 1.2253093719482422, 1.2502329349517822, 1.1786305904388428, 1.0580568313598633, 1.0623462200164795, 1.08492112159729, 1.037616491317749, 0.9792060852050781, 1.0482456684112549, 0.8514418601989746, 0.9106643199920654, 0.6498003005981445, 0.8060593605041504, 0.7618527412414551, 0.653728723526001, 0.5685474872589111, 0.6431245803833008], "time_till_best_val_loss": 13.94530463218689, "val_loss_hist": [0.5170670037795938, 0.5699115044103689, 0.4627054361450644, 0.3994943109796491, 0.39013906444043034, 0.31251580277338775, 0.2609355246457412, 0.2604298356444898, 0.27130214917139567, 0.2634639696519984, 0.25613147915075035, 0.2546144121300983, 0.2498103666182096, 0.295828065597049, 0.3357774971073995, 0.3590391908885199, 0.38533501895359457, 0.33931731983971386, 0.35271807837287694, 0.4328697850712296, 0.4242730719892534, 0.4065739570061549, 0.4338811630737325, 0.4670037926557016, 0.4637168141475672, 0.46144121364193574]}
