{"best_test_loss": 0.5309911453718654, "epoch_time_hist": [7.093240022659302, 6.898362636566162, 6.8913328647613525, 6.891535043716431, 7.098433494567871, 6.894016742706299, 6.489392280578613, 6.2028467655181885, 6.238120079040527, 6.051941156387329, 6.114654302597046, 6.223276615142822, 6.138463973999023, 6.030055522918701, 5.868574142456055, 6.157817125320435, 5.984073638916016, 5.94769024848938, 5.7572691440582275, 6.12324070930481, 5.686079263687134, 5.871890306472778, 5.921550989151001, 5.885913848876953, 5.951912879943848], "time_till_best_val_loss": 7.093240022659302, "val_loss_hist": [0.5307206068133825, 0.5067003792539393, 0.5324905183177626, 0.5512010107052402, 0.5830594184429062, 0.576991150427889, 0.5471554993540543, 0.5529709228684457, 0.5666245259022346, 0.604804045496718, 0.6108723135117352, 0.6182048040298811, 0.6131479140173667, 0.6065739570010981, 0.6037926674942151, 0.6040455120377931, 0.6068268015017237, 0.6063211125004723, 0.6032869784929636, 0.604804045496718, 0.6015170669885836, 0.596713021476695, 0.5987357774817008, 0.5959544879748179, 0.5959544879748179, 0.596713021476695]}
