{"best_test_loss": 0.5873138657786248, "epoch_time_hist": [27.24251365661621, 26.14455246925354, 26.687288999557495, 26.488794088363647, 25.70110297203064, 24.9626727104187, 25.27388644218445, 25.456151247024536, 25.541125535964966, 25.87861132621765, 25.656280994415283, 25.206210136413574, 25.00535273551941, 23.64442539215088, 22.856853485107422, 32.4128143787384, 49.54798436164856, 41.45237159729004, 30.031731605529785, 33.518251180648804, 46.81229829788208, 58.62041735649109, 63.58083987236023, 49.24027609825134, 31.9510178565979], "time_till_best_val_loss": 463.70662093162537, "val_loss_hist": [0.6392857140351295, 0.633193277169344, 0.6252100840204788, 0.6210084033482982, 0.6119747899031098, 0.6090336134325833, 0.6042016806595756, 0.6237394963021471, 0.6352941176337124, 0.6443277310789007, 0.6344537814992762, 0.6384453781378479, 0.6436974789780736, 0.65315126049048, 0.6584033613307059, 0.6647058823389768, 0.6443277310789007, 0.547478991585137, 0.5628151260385963, 0.5554621848622803, 0.5489495798204003, 0.5918067232184057, 0.5764705895364421, 0.567647058811604, 0.6747899159522103, 0.6714285714144658]}
