{"best_test_loss": 0.2160123767121251, "epoch_time_hist": [44.552773237228394, 44.665438652038574, 44.350489139556885, 44.780932903289795, 44.655070304870605, 44.61477518081665, 44.819342374801636, 44.80973291397095, 44.771467208862305, 44.77108407020569, 44.68050217628479, 44.653759717941284, 44.927754163742065, 44.73586463928223, 44.73753118515015, 44.82316279411316, 44.76107573509216, 44.93564510345459, 44.64578294754028, 44.726959228515625, 44.79985308647156, 44.60898041725159, 44.928520917892456, 44.85495066642761, 44.74080419540405], "time_till_best_val_loss": 760.1107563972473, "val_loss_hist": [0.665756302507022, 0.4714285714186675, 0.37626050419377605, 0.3264705882284355, 0.26281512613651353, 0.23529411771337153, 0.24096638654955954, 0.22752100848844847, 0.23466386554128857, 0.23172268907076213, 0.2287815126002357, 0.23697478991098794, 0.23445378150767954, 0.22647058823053634, 0.23067226890271697, 0.24054621853049787, 0.2336134453732434, 0.21764705872858084, 0.2287815126002357, 0.22836134453301762, 0.2380252100790331, 0.23277310923880729, 0.2493697478939208, 0.24012605041512342, 0.2336134453732434, 0.22773109243219053]}
