{"best_test_loss": 0.5209824018464324, "epoch_time_hist": [1.0795989036560059, 1.2069284915924072, 1.2947394847869873, 1.4091384410858154, 1.3938114643096924, 1.4212827682495117, 1.281700611114502, 1.171769142150879, 1.0072436332702637, 0.8585882186889648, 0.7780623435974121, 1.0781757831573486, 0.9935564994812012, 0.8780069351196289, 0.9586498737335205, 0.9736566543579102, 0.9458904266357422, 1.0639867782592773, 1.097222089767456, 1.0510444641113281, 0.9785928726196289, 1.0441372394561768, 1.0182411670684814, 1.0091819763183594, 0.9725747108459473], "time_till_best_val_loss": 17.78490924835205, "val_loss_hist": [0.5932773109119059, 0.6252100840204788, 0.6334033613312311, 0.6243697478860427, 0.6273109243565691, 0.6292016806590504, 0.5785714285922705, 0.5283613445267151, 0.5264705882242339, 0.5313025209972415, 0.5042016806616765, 0.5352941176358131, 0.5649159663746867, 0.5693277310804763, 0.5619747899041602, 0.5813025209961912, 0.5035714285608494, 0.5052521008297216, 0.5186974789806996, 0.5186974789806996, 0.5186974789806996, 0.5035714285608494, 0.5035714285608494, 0.5035714285608494, 0.5035714285608494, 0.5172268907454364]}
