{"best_test_loss": 0.5679752465564113, "epoch_time_hist": [30.47258687019348, 30.33370089530945, 30.296756744384766, 30.186013221740723, 29.764370679855347, 29.433823823928833, 30.17890691757202, 29.56423592567444, 29.609604358673096, 29.284054279327393, 29.48271894454956, 29.596234798431396, 29.525349140167236, 29.909897089004517, 29.735036373138428, 29.26022696495056, 29.50010323524475, 29.33009386062622, 29.161335945129395, 29.259371280670166, 29.58025097846985, 29.089611768722534, 29.2882821559906, 29.88377022743225, 29.636396884918213], "time_till_best_val_loss": 30.47258687019348, "val_loss_hist": [0.606512605029275, 0.534033613434159, 0.5596638655344609, 0.5758403362869897, 0.5922268903303549, 0.5846638655339357, 0.5794117646937098, 0.5962184873824324, 0.6277310924237872, 0.6317226890623587, 0.6556722682329161, 0.6508403361207807, 0.6619747899020594, 0.6617647058684504, 0.6586134453643149, 0.659873949565969, 0.6567226890618336, 0.6584033613307059, 0.6588235291862017, 0.6598739495297431, 0.6567226888545629, 0.6552520991462858, 0.6558823529273975, 0.6581932772970968, 0.6586134453643149, 0.6560924369610065]}
