{"best_test_loss": 0.771776063156354, "epoch_time_hist": [15.969347715377808, 15.845345258712769, 15.79561710357666, 15.663207054138184, 15.659112215042114, 15.598537683486938, 15.66566276550293, 15.632581949234009, 15.5475914478302, 15.390862226486206, 15.412047624588013, 15.420560359954834, 15.472229242324829, 15.439533233642578, 15.570964097976685, 15.466415882110596, 15.402572631835938, 15.407965421676636, 15.479974269866943, 15.623822212219238, 15.370912551879883, 15.389611959457397, 15.4862699508667, 15.485444068908691, 15.438078880310059, 15.577894926071167, 15.567084550857544, 15.36818265914917, 15.353219032287598, 15.372753620147705, 15.383715152740479, 15.38482141494751, 15.38292384147644, 15.413182258605957, 15.371828556060791, 15.374426364898682, 15.302407026290894, 15.38136625289917, 15.431672811508179, 15.493783473968506, 15.50048565864563, 15.539463996887207, 15.518986463546753, 15.700517654418945, 15.728762865066528, 15.379840850830078, 15.411975145339966, 15.485121726989746, 15.559430837631226, 15.54562520980835, 15.335268020629883, 15.542660236358643, 15.611977100372314, 15.634506464004517, 15.647253274917603, 15.715388059616089, 15.555182933807373, 15.568068027496338, 15.701712846755981, 15.699823141098022, 15.738473892211914, 15.726224899291992, 15.62770938873291, 15.698683261871338, 15.70871376991272, 15.71281361579895, 15.599597930908203, 15.875285863876343, 15.719988822937012, 15.723652362823486, 15.633881330490112, 15.865845203399658, 15.702485084533691, 15.688219785690308, 15.690978527069092, 15.624893188476562, 15.601014852523804, 15.544710636138916, 15.63485598564148, 15.727930307388306, 15.868741512298584, 15.792619466781616, 15.83425235748291, 15.573557376861572, 15.708981275558472, 15.644848346710205, 15.740434885025024, 15.799752950668335, 15.566773414611816, 15.710748672485352, 15.609798431396484, 15.696102619171143, 15.794484615325928, 15.725005388259888, 15.725196361541748, 15.647727966308594, 15.802643775939941, 15.894826650619507, 15.646396160125732, 15.80265188217163], "time_till_best_val_loss": 15.969347715377808, "val_acc_hist": [0.0, 0.0, 0.0, 0.0, 0.0, 0.0, 0.0, 0.0, 0.0, 0.0, 0.0, 0.0, 0.0, 0.0, 0.0, 0.0, 0.0, 0.0, 0.0, 0.0, 0.0, 0.0, 0.0, 0.0, 0.0, 0.0, 0.0, 0.0, 0.0, 0.0, 0.0, 0.0, 0.0, 0.0, 0.0, 0.0, 0.0, 0.0, 0.0, 0.0, 0.0, 0.0, 0.0, 0.0, 0.0, 0.0, 0.0, 0.0, 0.0, 0.0, 0.0, 0.0, 0.0, 0.0, 0.0, 0.0, 0.0, 0.0, 0.0, 0.0, 0.0, 0.0, 0.0, 0.0, 0.0, 0.0, 0.0, 0.0, 0.0, 0.0, 0.0, 0.0, 0.0, 0.0, 0.0, 0.0, 0.0, 0.0, 0.0, 0.0, 0.0, 0.0, 0.0, 0.0, 0.0, 0.0, 0.0, 0.0, 0.0, 0.0, 0.0, 0.0, 0.0, 0.0, 0.0, 0.0, 0.0, 0.0, 0.0, 0.0, 0.0], "val_loss_hist": [0.7657454680870627, 0.7576977951226687, 0.7770895959131717, 0.7863918978767752, 0.76553792701173, 0.7675149999121545, 0.7709044133667335, 0.7772896823854085, 0.784581304035404, 0.7965933267572572, 0.7987964020868054, 0.8016093496628485, 0.7974467536737556, 0.7958018395817915, 0.7967236471860966, 0.7948281147382135, 0.7964572179104819, 0.7919340596149842, 0.7914742675166508, 0.7909794485714008, 0.789073262638291, 0.7928238066017343, 0.7935501966905668, 0.7941162575094044, 0.7942088458769115, 0.793041395979651, 0.793605079884702, 0.793605079884702, 0.7945881436250933, 0.7940244597200423, 0.7940244597200423, 0.7940244597200423, 0.7933293438989684, 0.7933293438989684, 0.7908870093290133, 0.7911279774605757, 0.7911279774605757, 0.7911279774605757, 0.7911279774605757, 0.7911279774605757, 0.7911279774605757, 0.7911279774605757, 0.7911279774605757, 0.7911279774605757, 0.7911279774605757, 0.7911279774605757, 0.7911279774605757, 0.7911279774605757, 0.7911279774605757, 0.7911279774605757, 0.7911279774605757, 0.7911279774605757, 0.7911279774605757, 0.7911279774605757, 0.7911279774605757, 0.7911279774605757, 0.7911279774605757, 0.7911279774605757, 0.7911279774605757, 0.7911279774605757, 0.7911279774605757, 0.7911279774605757, 0.7911279774605757, 0.7911279774605757, 0.7911279774605757, 0.7911279774605757, 0.7911279774605757, 0.7911279774605757, 0.7911279774605757, 0.7911279774605757, 0.7911279774605757, 0.7911279774605757, 0.7911279774605757, 0.7911279774605757, 0.7911279774605757, 0.7911279774605757, 0.7911279774605757, 0.7911279774605757, 0.7911279774605757, 0.7911279774605757, 0.7911279774605757, 0.7911279774605757, 0.7911279774605757, 0.7911279774605757, 0.7911279774605757, 0.7911279774605757, 0.7911279774605757, 0.7911279774605757, 0.7911279774605757, 0.7911279774605757, 0.7911279774605757, 0.7911279774605757, 0.7911279774605757, 0.7911279774605757, 0.7911279774605757, 0.7911279774605757, 0.7911279774605757, 0.7911279774605757, 0.7911279774605757, 0.7911279774605757, 0.7911279774605757]}
