{"best_test_loss": 0.1209441005351372, "epoch_time_hist": [18.93135380744934, 18.515870809555054, 18.75727152824402, 18.75579023361206, 18.809197902679443, 18.782447814941406, 18.8506076335907, 18.76512360572815, 18.75787925720215, 18.447123527526855, 18.342713356018066, 18.328859567642212, 18.3251473903656, 18.34463095664978, 18.32655167579651, 18.41241955757141, 18.26433539390564, 18.33055567741394, 18.30717635154724, 18.295626878738403, 18.134912967681885, 18.297126054763794, 18.216079711914062, 18.20615816116333, 18.17429804801941, 18.210864067077637, 18.177541494369507, 18.144289255142212, 18.18277072906494, 18.172956228256226, 18.143622398376465, 18.113336324691772, 18.17803406715393, 17.953962802886963, 18.024102687835693, 18.097611904144287, 18.19890069961548, 18.1960289478302, 18.175397157669067, 17.848160982131958, 17.792129039764404, 18.213234901428223, 18.11460566520691, 18.157747268676758, 18.1273992061615, 18.190911531448364, 18.081543922424316, 18.182032346725464, 18.159939289093018, 18.21860909461975, 18.259576559066772, 18.198697566986084, 18.23012924194336, 18.198832273483276, 18.190792083740234, 18.121599674224854, 18.149187326431274, 18.09867835044861, 18.189550399780273, 18.232435941696167, 18.183282613754272, 18.211381912231445, 18.12831950187683, 18.07235288619995, 18.106235027313232, 18.234387636184692, 18.091474771499634, 18.20734667778015, 18.102606534957886, 18.22111415863037, 18.122138738632202, 18.225122451782227, 18.19025945663452, 18.24566388130188, 18.13616108894348, 17.91244626045227, 17.957216024398804, 18.231268882751465, 18.23300051689148, 18.161136865615845, 18.232183933258057, 18.1565158367157, 18.211577653884888, 18.185709238052368, 18.12810516357422, 18.111870050430298, 18.31993007659912, 18.173487663269043, 18.291176795959473, 18.133721113204956, 18.069544315338135, 18.15092396736145, 18.249217987060547, 18.232536554336548, 18.188618421554565, 18.215442657470703, 18.191808938980103, 18.365153789520264, 18.214557647705078], "time_till_best_val_loss": 315.7173240184784, "val_acc_hist": [0.0, 0.0, 0.0, 0.0, 0.01, 0.01, 0.015, 0.02, 0.025, 0.025, 0.025, 0.025, 0.02, 0.02, 0.02, 0.03, 0.025, 0.03, 0.02, 0.03, 0.035, 0.035, 0.02, 0.025, 0.02, 0.02, 0.025, 0.03, 0.03, 0.035, 0.035, 0.035, 0.03, 0.03, 0.03, 0.03, 0.03, 0.03, 0.03, 0.03, 0.03, 0.03, 0.03, 0.03, 0.03, 0.03, 0.03, 0.03, 0.03, 0.03, 0.03, 0.03, 0.03, 0.03, 0.03, 0.03, 0.03, 0.03, 0.03, 0.03, 0.03, 0.03, 0.03, 0.03, 0.03, 0.03, 0.03, 0.03, 0.03, 0.03, 0.03, 0.03, 0.03, 0.03, 0.03, 0.03, 0.03, 0.03, 0.03, 0.03, 0.03, 0.03, 0.03, 0.03, 0.03, 0.03, 0.03, 0.03, 0.03, 0.03, 0.03, 0.03, 0.03, 0.03, 0.03, 0.03, 0.03, 0.03, 0.03, 0.03], "val_loss_hist": [0.7308912980588242, 0.34098942435265717, 0.22037258789398997, 0.17773057594785405, 0.1636079443715491, 0.16411037809646328, 0.16236341370632082, 0.13211265341966374, 0.12716999057142492, 0.1221536770140744, 0.12236244447169999, 0.1176783475064844, 0.11627900958466, 0.11944565117978623, 0.11447519155401209, 0.11551214558596505, 0.12139159553099636, 0.10812716332514001, 0.11352300424628281, 0.11708493238051697, 0.11013572821094222, 0.11487264643131985, 0.11585204175914493, 0.11099194740409327, 0.1164683990382166, 0.11463207970395675, 0.11576642404718487, 0.11576321103787057, 0.11700580853222199, 0.11628276430438667, 0.11516319174378847, 0.11528019414114697, 0.11565622185273651, 0.11472481976209839, 0.11487462798273934, 0.11459253897291927, 0.11654807650862002, 0.11645637714926788, 0.11655513935073389, 0.11577896610137813, 0.11577896610137813, 0.11577896610137813, 0.1158000615756267, 0.11403800683843149, 0.11403800683843149, 0.11403800683843149, 0.11403800683843149, 0.11405910231268006, 0.1158851523506093, 0.11394460317807577, 0.11394460317807577, 0.11394460317807577, 0.11394460317807577, 0.11394460317807577, 0.11394460317807577, 0.11375891097192135, 0.11394460317807577, 0.11375891097192135, 0.11394460317807577, 0.11375891097192135, 0.11375891097192135, 0.11375891097192135, 0.11375891097192135, 0.11375891097192135, 0.11375891097192135, 0.11375891097192135, 0.11375891097192135, 0.11375891097192135, 0.11375891097192135, 0.11375891097192135, 0.11375891097192135, 0.11375891097192135, 0.11375891097192135, 0.11375891097192135, 0.11375891097192135, 0.11375891097192135, 0.11375891097192135, 0.11375891097192135, 0.11375891097192135, 0.11375891097192135, 0.11375891097192135, 0.11375891097192135, 0.11375891097192135, 0.11375891097192135, 0.11375891097192135, 0.11375891097192135, 0.11375891097192135, 0.11375891097192135, 0.11375891097192135, 0.11375891097192135, 0.11375891097192135, 0.11375891097192135, 0.11375891097192135, 0.11375891097192135, 0.11375891097192135, 0.11375891097192135, 0.11375891097192135, 0.11375891097192135, 0.11375891097192135, 0.11375891097192135]}
