{"best_test_loss": 0.10841980526716873, "epoch_time_hist": [1.7079417705535889, 1.9372694492340088, 2.1922788619995117, 2.255361795425415, 2.311387062072754, 2.3024892807006836, 2.4320740699768066, 2.398536205291748, 2.483609676361084, 2.453364133834839, 2.4488139152526855, 2.572988986968994, 2.563791275024414, 2.5660183429718018, 2.599375009536743, 2.573479175567627, 2.5318353176116943, 2.5741372108459473, 2.5557796955108643, 2.451354742050171, 2.524831771850586, 2.527070999145508, 2.5630881786346436, 2.5160837173461914, 2.570526361465454, 2.529622793197632, 2.545881748199463, 2.5021464824676514, 2.5521655082702637, 2.546980142593384, 2.524503707885742, 2.5015742778778076, 2.6028788089752197, 2.5341389179229736, 2.5156004428863525, 2.567397356033325, 2.553464889526367, 2.489189863204956, 2.5472021102905273, 2.563638687133789, 2.5820438861846924, 2.5517795085906982, 2.523620843887329, 2.5315725803375244, 2.543509006500244, 2.465149402618408, 2.556983709335327, 2.5572898387908936, 2.6292738914489746, 2.6048583984375, 2.5851500034332275, 2.511556386947632, 2.554220199584961, 2.483344078063965, 2.5309152603149414, 2.504074811935425, 2.5393083095550537, 2.6055667400360107, 2.537127733230591, 2.5690040588378906, 2.6120526790618896, 2.550539016723633, 2.557629108428955, 2.547105073928833, 2.5947818756103516, 2.5738768577575684, 2.6053965091705322, 2.5749804973602295, 2.537409782409668, 2.6253113746643066, 2.5187313556671143, 2.615459680557251, 2.584296703338623, 2.5414717197418213, 2.623004674911499, 2.669734477996826, 2.6426851749420166, 2.5460140705108643, 2.623849630355835, 2.6716160774230957, 2.6022229194641113, 2.613938093185425, 2.563614845275879, 2.59977388381958, 2.5831174850463867, 2.591139316558838, 2.6150386333465576, 2.6426339149475098, 2.565843105316162, 2.575110912322998, 2.5807676315307617, 2.6633212566375732, 2.6391103267669678, 2.6022398471832275, 2.65120530128479, 2.6414928436279297, 2.67663836479187, 2.631714105606079, 2.5955283641815186, 2.593240737915039], "time_till_best_val_loss": 253.69985961914062, "val_acc_hist": [0.0, 0.0, 0.0, 0.0, 0.005, 0.005, 0.01, 0.0, 0.0, 0.005, 0.0, 0.005, 0.01, 0.01, 0.01, 0.005, 0.01, 0.0, 0.02, 0.01, 0.01, 0.01, 0.01, 0.015, 0.005, 0.01, 0.005, 0.015, 0.015, 0.01, 0.01, 0.02, 0.01, 0.005, 0.02, 0.0, 0.0, 0.005, 0.015, 0.01, 0.01, 0.005, 0.01, 0.005, 0.01, 0.01, 0.015, 0.005, 0.005, 0.01, 0.015, 0.01, 0.01, 0.0, 0.0, 0.0, 0.015, 0.015, 0.015, 0.01, 0.02, 0.02, 0.005, 0.015, 0.015, 0.005, 0.015, 0.005, 0.015, 0.01, 0.01, 0.0, 0.01, 0.015, 0.025, 0.04, 0.02, 0.025, 0.025, 0.025, 0.015, 0.03, 0.035, 0.03, 0.03, 0.03, 0.035, 0.025, 0.035, 0.035, 0.035, 0.025, 0.025, 0.025, 0.03, 0.02, 0.015, 0.02, 0.035, 0.04, 0.035], "val_loss_hist": [0.7245443357676743, 0.719506313212159, 0.5571379477185211, 0.4952754596736797, 0.43284435670311117, 0.38526472329923855, 0.3365384866677642, 0.3416597002184667, 0.26897576358821434, 0.24131224637213894, 0.21300656039225188, 0.20134310835822966, 0.17277032269355483, 0.18579775689052597, 0.1724854277569228, 0.17771254831804473, 0.1693577128541297, 0.16890459944424008, 0.18804500401496138, 0.17694696054848383, 0.17948730190287593, 0.17242512398498605, 0.15984858697709853, 0.1710158721409915, 0.17129328470114408, 0.17140490226035737, 0.15162851272541572, 0.14288683478047398, 0.150047022929171, 0.14454934431867128, 0.15452946682062882, 0.14145785548547046, 0.14277922594756653, 0.15295131701531428, 0.17161491624167907, 0.1542665434961893, 0.16145905476338002, 0.15379436989685563, 0.1576308482709175, 0.14099829322821486, 0.16250636041726105, 0.16064725127612242, 0.14154321466658334, 0.13969104747508138, 0.13996098912246, 0.1510267093932916, 0.1411651630349166, 0.15555112148895625, 0.16825917460818782, 0.15351565707769313, 0.15683293345916413, 0.1612085476006841, 0.13956552118565538, 0.16831454712291585, 0.17185195288688107, 0.13955271382695322, 0.15429653496570686, 0.15087523812413528, 0.1622254087013369, 0.14458209652795162, 0.13941807124064828, 0.1377404247148415, 0.14892714866800436, 0.13808516410884447, 0.13979070062893872, 0.1452484087302488, 0.13791501290762478, 0.1502229478054482, 0.14453358228659108, 0.14212932402769002, 0.14737305683142127, 0.15077419230664463, 0.1534478002230092, 0.13727118121468065, 0.12235315387979975, 0.12514015184352692, 0.12374722478326688, 0.11497351373244524, 0.11515527059188652, 0.114020343885921, 0.11908198994633701, 0.11303608072205512, 0.11438306674688008, 0.11255665088837767, 0.11503342271030195, 0.12180003279909425, 0.11266816026716274, 0.11451863082090843, 0.11503442601259077, 0.11270528241357754, 0.11361875926912751, 0.11637094800914725, 0.1144151141252129, 0.11468942179739704, 0.11725075994619664, 0.11669263362527804, 0.11509994236934323, 0.11575811063616138, 0.1137987462594333, 0.1132977810316938, 0.1117257042797229]}
