{"best_test_loss": 0.36711259380378036, "epoch_time_hist": [17.32849955558777, 17.01991057395935, 17.099075078964233, 17.0119571685791, 17.03304886817932, 17.17502522468567, 16.875001668930054, 17.003401517868042, 16.758589506149292, 16.877161979675293, 16.858033657073975, 16.936312437057495, 16.98758888244629, 16.874500274658203, 16.918018579483032, 17.044670343399048, 16.915412425994873, 16.798969745635986, 16.893442153930664, 16.656658172607422, 17.029505491256714, 16.984410762786865, 16.965757846832275, 16.775203704833984, 16.79464054107666, 16.744702339172363, 16.738909482955933, 16.725672960281372, 16.670668363571167, 16.89314293861389, 16.839629650115967, 16.839385986328125, 16.823731899261475, 16.947757244110107, 16.747108459472656, 16.746458768844604, 16.81422734260559, 16.930635452270508, 17.00095224380493, 16.723873615264893, 16.709104537963867, 16.78919267654419, 16.632736921310425, 16.857640266418457, 16.889114379882812, 16.580536127090454, 16.77642583847046, 16.6278235912323, 16.721245765686035, 16.704686880111694, 16.739985704421997, 16.551307439804077, 16.80959463119507, 16.737167358398438, 16.79525399208069, 16.808462619781494, 16.84450340270996, 16.811790466308594, 16.596010208129883, 16.752135276794434, 16.73889398574829, 16.726263999938965, 16.67304539680481, 16.837522983551025, 16.717846870422363, 16.609294891357422, 16.667786598205566, 16.71371102333069, 16.543216466903687, 16.619078397750854, 16.644352912902832, 16.780908823013306, 16.997793436050415, 16.82103729248047, 16.72494411468506, 16.626896858215332, 16.68406367301941, 16.605634212493896, 16.607325077056885, 16.74539041519165, 16.880106687545776, 16.63091206550598, 16.70949649810791, 16.655881881713867, 16.738516330718994, 16.824745416641235, 16.787397861480713, 16.496983289718628, 16.61284351348877, 16.660913944244385, 16.73660135269165, 16.82806420326233, 16.693233966827393, 16.752609491348267, 16.766196966171265, 16.77203869819641, 16.597376346588135, 16.870311975479126, 16.94922685623169, 16.687487602233887], "time_till_best_val_loss": 1261.3520681858063, "val_acc_hist": [0.0, 0.0, 0.0, 0.0, 0.0, 0.0, 0.0, 0.0, 0.0, 0.0, 0.0, 0.0, 0.0, 0.0, 0.0, 0.0, 0.0, 0.0, 0.0, 0.0, 0.0, 0.0, 0.0, 0.0, 0.0, 0.0, 0.0, 0.0, 0.0, 0.0, 0.0, 0.0, 0.0, 0.0, 0.0, 0.0, 0.0, 0.0, 0.0, 0.0, 0.0, 0.0, 0.0, 0.0, 0.0, 0.0, 0.0, 0.0, 0.0, 0.0, 0.0, 0.0, 0.0, 0.0, 0.0, 0.0, 0.0, 0.0, 0.0, 0.0, 0.0, 0.0, 0.0, 0.0, 0.0, 0.0, 0.0, 0.0, 0.0, 0.0, 0.0, 0.0, 0.0, 0.0, 0.0, 0.0, 0.0, 0.0, 0.0, 0.0, 0.0, 0.0, 0.0, 0.0, 0.0, 0.0, 0.0, 0.0, 0.0, 0.0, 0.0, 0.0, 0.0, 0.0, 0.0, 0.0, 0.0, 0.0, 0.0, 0.0, 0.0], "val_loss_hist": [0.8273304154984314, 0.7491599939007313, 0.7446100842637366, 0.7515800176730041, 0.7178605162675701, 0.6893898078066976, 0.6808481964344008, 0.6623108903654054, 0.6590561342940163, 0.6436799025712762, 0.6409051958266275, 0.6359782170388969, 0.6482727744753801, 0.6389976081888605, 0.6370175443261994, 0.636635899035275, 0.6287502278678478, 0.6039537630367013, 0.5929848721522728, 0.5868171997896098, 0.5745365302860406, 0.567060780543049, 0.5486153254651608, 0.5358101539507035, 0.5058372325328354, 0.49333883921154886, 0.4762586355317921, 0.4707848418269004, 0.4717883250482712, 0.46404320334391697, 0.4591596070220842, 0.46171356865468216, 0.45302230792916104, 0.45310132976007017, 0.45158423050419366, 0.4480577917360006, 0.44452588455988357, 0.44609953847145584, 0.43913257178166976, 0.43850226249759494, 0.42873550797670495, 0.41944289465196205, 0.4137900533125397, 0.4118170787742942, 0.4060324170553126, 0.40409153589183694, 0.41034623063680853, 0.4089374411297171, 0.40577881878302235, 0.39373051416076776, 0.39237775370773736, 0.39482165463740193, 0.4049202567588968, 0.39887641795109596, 0.40980185616840153, 0.406427286150373, 0.4105282022712218, 0.3980080068195812, 0.38801500412822637, 0.3852501630906765, 0.38267942701862906, 0.38524825006668467, 0.3859648788427022, 0.39016666393096167, 0.37658307153979936, 0.3623102914813947, 0.3662789213040902, 0.3711846951143892, 0.3765624010702129, 0.3619389195259234, 0.35838944352901264, 0.36321520717791106, 0.3523950164996024, 0.34304271780204815, 0.3351695833783042, 0.3308252621260468, 0.3411806511569581, 0.34392982373052716, 0.3494318677688162, 0.3597576768096791, 0.35415119164684666, 0.35490329339923254, 0.34635237142326836, 0.3476096594829035, 0.34195125874505305, 0.3492592416601161, 0.3562120047155224, 0.35560640484269324, 0.3547065258272457, 0.35197943761553696, 0.34821772476760016, 0.3475074392528658, 0.3470425853522897, 0.346384659797471, 0.34716335183382896, 0.3470733171655227, 0.34666098472560647, 0.3452910039047782, 0.3458353892858613, 0.3458353892858613, 0.3449240803210282]}
