{"best_test_loss": 0.6107709444696867, "epoch_time_hist": [2.1132500171661377, 1.7122533321380615, 1.7598521709442139, 1.8246798515319824, 1.8334667682647705, 1.8428740501403809, 1.7843666076660156, 1.6943416595458984, 1.7050118446350098, 1.7454376220703125, 1.8660972118377686, 1.7638607025146484, 1.7648518085479736, 1.706878423690796, 1.7206599712371826, 1.8580856323242188, 1.7093067169189453, 1.7960023880004883, 1.6575663089752197, 1.7134406566619873, 1.8389952182769775, 1.7373864650726318, 1.708561897277832, 1.8276910781860352, 1.9005839824676514, 1.7454872131347656, 1.7174134254455566, 1.777911901473999, 1.787506103515625, 1.7422277927398682, 1.7074227333068848, 1.8193223476409912, 1.7465941905975342, 1.7782871723175049, 1.8802971839904785, 1.8916938304901123, 1.832571268081665, 1.8084757328033447, 1.7887535095214844, 1.8481252193450928, 1.8578784465789795, 1.804975986480713, 1.7152793407440186, 1.815197229385376, 1.7159051895141602, 1.7852537631988525, 1.8012290000915527, 1.8464739322662354, 1.7697148323059082, 1.7904341220855713, 1.9008677005767822, 1.8020412921905518, 1.702010154724121, 1.733170509338379, 1.7989921569824219, 1.888805627822876, 1.776627540588379, 1.790663480758667, 1.8301849365234375, 1.763514757156372, 1.6772551536560059, 1.8098680973052979, 1.7817437648773193, 1.7665019035339355, 1.7989482879638672, 1.6698691844940186, 1.7226762771606445, 1.7065973281860352, 1.670849084854126, 1.8169279098510742, 1.6703672409057617, 1.734503984451294, 1.813645362854004, 1.8942556381225586, 1.7715492248535156, 1.955148696899414, 1.7279167175292969, 1.8042008876800537, 1.8091630935668945, 1.7319552898406982, 1.8445758819580078, 1.80926513671875, 1.8212900161743164, 1.7452366352081299, 1.942366361618042, 1.8039271831512451, 1.715627670288086, 1.8364157676696777, 1.7790257930755615, 1.8441858291625977, 1.792142629623413, 1.8626251220703125, 1.775620698928833, 1.8162765502929688, 1.771451711654663, 1.8040947914123535, 1.8662700653076172, 1.7406091690063477, 1.8816561698913574, 1.8166911602020264], "time_till_best_val_loss": 2.1132500171661377, "val_acc_hist": [0.015, 0.025, 0.015, 0.015, 0.01, 0.015, 0.015, 0.015, 0.015, 0.01, 0.01, 0.01, 0.01, 0.01, 0.01, 0.01, 0.01, 0.01, 0.01, 0.01, 0.01, 0.01, 0.01, 0.01, 0.01, 0.01, 0.01, 0.01, 0.01, 0.01, 0.01, 0.01, 0.01, 0.01, 0.01, 0.01, 0.01, 0.01, 0.01, 0.01, 0.01, 0.01, 0.01, 0.01, 0.01, 0.01, 0.01, 0.01, 0.01, 0.01, 0.01, 0.01, 0.01, 0.01, 0.01, 0.01, 0.01, 0.01, 0.01, 0.01, 0.01, 0.01, 0.01, 0.01, 0.01, 0.01, 0.01, 0.01, 0.01, 0.01, 0.01, 0.01, 0.01, 0.01, 0.01, 0.01, 0.01, 0.01, 0.01, 0.01, 0.01, 0.01, 0.01, 0.01, 0.01, 0.01, 0.01, 0.01, 0.01, 0.01, 0.01, 0.01, 0.01, 0.01, 0.01, 0.01, 0.01, 0.01, 0.01, 0.01, 0.01], "val_loss_hist": [0.6601083703344804, 0.6343080004279468, 0.6507138288668933, 0.6364055778656673, 0.6566571319170698, 0.6462701033455298, 0.655057336156834, 0.6562915441985299, 0.6626671514123996, 0.6862720607222217, 0.693231150116967, 0.7060905740937455, 0.6958323988853984, 0.6958384762679344, 0.6959533262760697, 0.6980508641163897, 0.6974451798596055, 0.6974451798596055, 0.6974451798596055, 0.6974451798596055, 0.6974451798596055, 0.6977861857451503, 0.6977861857451503, 0.698638394215925, 0.698638394215925, 0.698638394215925, 0.698638394215925, 0.6995414266743915, 0.6995414266743915, 0.6995414266743915, 0.6995414266743915, 0.6995414266743915, 0.6993704789350974, 0.6993704789350974, 0.6993704789350974, 0.6993704789350974, 0.6993704789350974, 0.6993704789350974, 0.6993704789350974, 0.6993704789350974, 0.6993704789350974, 0.6993704789350974, 0.6993704789350974, 0.6993704789350974, 0.6993704789350974, 0.6993704789350974, 0.6993704789350974, 0.6993704789350974, 0.6993704789350974, 0.6993704789350974, 0.6993704789350974, 0.6993704789350974, 0.6993704789350974, 0.6993704789350974, 0.6993704789350974, 0.6993704789350974, 0.6993704789350974, 0.6993704789350974, 0.6993704789350974, 0.6993704789350974, 0.6993704789350974, 0.6993704789350974, 0.6993704789350974, 0.6993704789350974, 0.6993704789350974, 0.6993704789350974, 0.6993704789350974, 0.6993704789350974, 0.6993704789350974, 0.6993704789350974, 0.6993704789350974, 0.6993704789350974, 0.6993704789350974, 0.6993704789350974, 0.6993704789350974, 0.6993704789350974, 0.6993704789350974, 0.6993704789350974, 0.6993704789350974, 0.6993704789350974, 0.6993704789350974, 0.6993704789350974, 0.6993704789350974, 0.6993704789350974, 0.6993704789350974, 0.6993704789350974, 0.6993704789350974, 0.6993704789350974, 0.6993704789350974, 0.6993704789350974, 0.6993704789350974, 0.6993704789350974, 0.6993704789350974, 0.6993704789350974, 0.6993704789350974, 0.6993704789350974, 0.6993704789350974, 0.6993704789350974, 0.6993704789350974, 0.6993704789350974, 0.6993704789350974]}
