{"best_test_loss": 0.07576622143457416, "epoch_time_hist": [4.6933183670043945, 4.300822019577026, 4.314978837966919, 4.3683741092681885, 4.309582948684692, 4.409174203872681, 4.336607933044434, 4.372103929519653, 4.311041355133057, 4.328668117523193, 4.398338794708252, 4.310694932937622, 4.38119912147522, 4.338036775588989, 4.392101526260376, 4.355936527252197, 4.315563678741455, 4.41270899772644, 4.356646299362183, 4.366390228271484, 4.321751356124878, 4.3745276927948, 4.314565896987915, 4.403514385223389, 4.339918851852417, 4.334473371505737, 4.401095867156982, 4.3328118324279785, 4.4056055545806885, 4.341773509979248, 4.408384323120117, 4.328291654586792, 4.320139408111572, 4.413068771362305, 4.328162908554077, 4.408405303955078, 4.333355903625488, 4.403158664703369, 4.339030504226685, 4.395675420761108, 4.349160432815552, 4.3583269119262695, 4.402265787124634, 4.350177764892578, 4.404397249221802, 4.334336519241333, 4.40505838394165, 4.337886333465576, 4.330094337463379, 4.398536205291748, 4.311765909194946, 4.374290466308594, 4.312445163726807, 4.363293409347534, 4.305279016494751, 4.419092416763306, 4.3241965770721436, 4.332966566085815, 4.398669242858887, 4.318361043930054, 4.4096314907073975, 4.341053247451782, 4.407393455505371, 4.335083723068237, 4.335889101028442, 4.400426387786865, 4.336303949356079, 4.40142822265625, 4.3457512855529785, 4.359438419342041, 4.343405723571777, 4.352128744125366, 4.402382135391235, 4.344988822937012, 4.3770575523376465, 4.320711374282837, 4.377125024795532, 4.33030366897583, 4.3582236766815186, 4.317470550537109, 4.342578172683716, 4.376477003097534, 4.338331460952759, 4.3756749629974365, 4.311726808547974, 4.324310064315796, 4.391528844833374, 4.331952810287476, 4.391366243362427, 4.357377052307129, 4.400049209594727, 4.333850860595703, 4.3944220542907715, 4.338669776916504, 4.3380773067474365, 4.4078333377838135, 4.337905168533325, 4.409917593002319, 4.33723521232605, 4.37483024597168], "time_till_best_val_loss": 43.74467182159424, "val_acc_hist": [0.02, 0.12, 0.31, 0.32, 0.32, 0.345, 0.34, 0.345, 0.335, 0.325, 0.33, 0.345, 0.34, 0.315, 0.33, 0.33, 0.315, 0.33, 0.325, 0.345, 0.315, 0.325, 0.325, 0.325, 0.325, 0.32, 0.325, 0.325, 0.32, 0.33, 0.33, 0.325, 0.33, 0.33, 0.33, 0.33, 0.33, 0.33, 0.325, 0.325, 0.325, 0.325, 0.325, 0.325, 0.325, 0.325, 0.325, 0.325, 0.325, 0.325, 0.325, 0.325, 0.325, 0.325, 0.325, 0.325, 0.325, 0.325, 0.325, 0.325, 0.325, 0.325, 0.325, 0.325, 0.325, 0.325, 0.325, 0.325, 0.325, 0.325, 0.325, 0.325, 0.325, 0.325, 0.325, 0.325, 0.325, 0.325, 0.325, 0.325, 0.325, 0.325, 0.325, 0.325, 0.325, 0.325, 0.325, 0.325, 0.325, 0.325, 0.325, 0.325, 0.325, 0.325, 0.325, 0.325, 0.325, 0.325, 0.325, 0.325, 0.325], "val_loss_hist": [0.6413030473538164, 0.22636699675655236, 0.1056795705804098, 0.09324831493128553, 0.09099364728043274, 0.09050142812303308, 0.08857549724217476, 0.08904172075672422, 0.09405850569913153, 0.09448651712486218, 0.08836378500656225, 0.0908803753427208, 0.09205611439876066, 0.09382303874520928, 0.09025927343842224, 0.0909509289388364, 0.09378893115769278, 0.08964529932743759, 0.09441066972774807, 0.09056593704628318, 0.09429041559806646, 0.09430484487730699, 0.09408914348907225, 0.09246825995412075, 0.09260032793683631, 0.09348680931851941, 0.09309916658696962, 0.09365125381984114, 0.09474968548489193, 0.09346362769591109, 0.09259170835705764, 0.09347818973874074, 0.09346362769591109, 0.09346362769591109, 0.09346362769591109, 0.09346362769591109, 0.09346362769591109, 0.09346362769591109, 0.09292610250586922, 0.09347818973874074, 0.09347818973874074, 0.09347818973874074, 0.09347818973874074, 0.09347818973874074, 0.09347818973874074, 0.09347818973874074, 0.09347818973874074, 0.09347818973874074, 0.09347818973874074, 0.09347818973874074, 0.09347818973874074, 0.09347818973874074, 0.09347818973874074, 0.09347818973874074, 0.09347818973874074, 0.09347818973874074, 0.09347818973874074, 0.09347818973874074, 0.09347818973874074, 0.09347818973874074, 0.09347818973874074, 0.09347818973874074, 0.09347818973874074, 0.09347818973874074, 0.09347818973874074, 0.09347818973874074, 0.09347818973874074, 0.09347818973874074, 0.09347818973874074, 0.09347818973874074, 0.09347818973874074, 0.09347818973874074, 0.09347818973874074, 0.09347818973874074, 0.09347818973874074, 0.09347818973874074, 0.09347818973874074, 0.09347818973874074, 0.09347818973874074, 0.09347818973874074, 0.09347818973874074, 0.09347818973874074, 0.09347818973874074, 0.09347818973874074, 0.09347818973874074, 0.09347818973874074, 0.09347818973874074, 0.09347818973874074, 0.09347818973874074, 0.09347818973874074, 0.09347818973874074, 0.09347818973874074, 0.09347818973874074, 0.09347818973874074, 0.09347818973874074, 0.09347818973874074, 0.09347818973874074, 0.09347818973874074, 0.09347818973874074, 0.09347818973874074, 0.09347818973874074]}
