{"best_test_loss": 0.08685019643153144, "epoch_time_hist": [0.7991714477539062, 0.9018921852111816, 0.9343371391296387, 0.9618313312530518, 0.9872665405273438, 1.0015842914581299, 1.0961253643035889, 1.0867156982421875, 1.0722415447235107, 1.15083909034729, 1.1942541599273682, 1.1329376697540283, 1.1349267959594727, 1.1842963695526123, 1.1465747356414795, 1.1748270988464355, 1.1576054096221924, 1.156510829925537, 1.1637725830078125, 1.1703102588653564, 1.214061975479126, 1.1587474346160889, 1.2010679244995117, 1.2183358669281006, 1.1973416805267334, 1.1670312881469727, 1.1321935653686523, 1.178220510482788, 1.1532156467437744, 1.1435039043426514, 1.2059977054595947, 1.1892452239990234, 1.1900582313537598, 1.2041821479797363, 1.2046175003051758, 1.1543278694152832, 1.1793253421783447, 1.2190313339233398, 1.269866943359375, 1.212367057800293, 1.2537524700164795, 1.161139965057373, 1.16221284866333, 1.1974878311157227, 1.1882286071777344, 1.213986873626709, 1.2281622886657715, 1.3183472156524658, 1.3146498203277588, 1.2938263416290283, 1.2472786903381348, 1.3112168312072754, 1.285036325454712, 1.2940819263458252, 1.290137767791748, 1.3097620010375977, 1.2556962966918945, 1.2424585819244385, 1.2535834312438965, 1.317152500152588, 1.273777723312378, 1.2551772594451904, 1.2735011577606201, 1.2402431964874268, 1.3207426071166992, 1.2828044891357422, 1.3018097877502441, 1.277395486831665, 1.233389139175415, 1.2719361782073975, 1.271416187286377, 1.3038363456726074, 1.2771248817443848, 1.3036859035491943, 1.2683868408203125, 1.323986291885376, 1.295424461364746, 1.2908756732940674, 1.2847318649291992, 1.2728276252746582, 1.354020595550537, 1.3015167713165283, 1.2689530849456787, 1.2857997417449951, 1.287855863571167, 1.3114211559295654, 1.3141498565673828, 1.2572710514068604, 1.3253207206726074, 1.282867431640625, 1.2805101871490479, 1.2645373344421387, 1.2433366775512695, 1.2858939170837402, 1.2349433898925781, 1.3056361675262451, 1.3049802780151367, 1.2758238315582275, 1.3101561069488525, 1.283684492111206], "time_till_best_val_loss": 52.5775682926178, "val_acc_hist": [0.02, 0.075, 0.115, 0.165, 0.215, 0.225, 0.255, 0.245, 0.245, 0.215, 0.245, 0.23, 0.255, 0.265, 0.255, 0.245, 0.225, 0.27, 0.225, 0.265, 0.27, 0.215, 0.275, 0.275, 0.26, 0.245, 0.255, 0.265, 0.27, 0.25, 0.285, 0.27, 0.255, 0.29, 0.295, 0.215, 0.28, 0.285, 0.265, 0.24, 0.29, 0.24, 0.275, 0.225, 0.265, 0.29, 0.325, 0.275, 0.295, 0.305, 0.32, 0.315, 0.315, 0.3, 0.325, 0.305, 0.295, 0.32, 0.32, 0.32, 0.315, 0.32, 0.32, 0.32, 0.315, 0.305, 0.31, 0.31, 0.31, 0.31, 0.31, 0.31, 0.31, 0.31, 0.31, 0.31, 0.31, 0.31, 0.31, 0.31, 0.31, 0.31, 0.31, 0.31, 0.31, 0.31, 0.31, 0.31, 0.31, 0.31, 0.31, 0.31, 0.31, 0.31, 0.31, 0.31, 0.31, 0.31, 0.31, 0.31, 0.31], "val_loss_hist": [0.49029360420481866, 0.3540093630789238, 0.21495381644421654, 0.24558273651499316, 0.1537052082998697, 0.16351702533072462, 0.18088755900433937, 0.1882516220065131, 0.1574677342337376, 0.13446023202194882, 0.18475070833850293, 0.15636718041503614, 0.11984658149794677, 0.12712745765103806, 0.15912892620846705, 0.14143366782318648, 0.1225365318325415, 0.12101728277387541, 0.14438441111651407, 0.12246416219661864, 0.1281267045053892, 0.15199889875671002, 0.11964487483706115, 0.11398144627496087, 0.1258948020757519, 0.1223622278418137, 0.10837142607938316, 0.14721057339847105, 0.11336349397782443, 0.13826120488398314, 0.11957596370363449, 0.12149631829925987, 0.1210296902489946, 0.10018535620418825, 0.11353442905672986, 0.15070982423277596, 0.11857384979922712, 0.1223850654532836, 0.12990575978656058, 0.1330430150662426, 0.11708571692352616, 0.13736835752257476, 0.12021562048751953, 0.13637861318086728, 0.11275506542368152, 0.10616476712416668, 0.09213166063179234, 0.10190887018708181, 0.10518497202753113, 0.09758511652977989, 0.09921070270065102, 0.09966107708877137, 0.09445929536571854, 0.09707379506779024, 0.09501549463177865, 0.09655650974878267, 0.09862099420168112, 0.0964880687024065, 0.0959679845726726, 0.09662353079947743, 0.09763765022678841, 0.09733096244209494, 0.09804816674981104, 0.09608744646285979, 0.09816740762492059, 0.09887607680677991, 0.09784716807661319, 0.09648001298565008, 0.0954284056718001, 0.0954284056718001, 0.09560446845009973, 0.09560446845009973, 0.09560446845009973, 0.09560446845009973, 0.09626001467690457, 0.09626001467690457, 0.09626001467690457, 0.09626001467690457, 0.09626001467690457, 0.09626001467690457, 0.09626001467690457, 0.09626001467690457, 0.09626001467690457, 0.09626001467690457, 0.09626001467690457, 0.09626001467690457, 0.09626001467690457, 0.09626001467690457, 0.09626001467690457, 0.09626001467690457, 0.09626001467690457, 0.09626001467690457, 0.09626001467690457, 0.09626001467690457, 0.09626001467690457, 0.09626001467690457, 0.09626001467690457, 0.09626001467690457, 0.09626001467690457, 0.09626001467690457, 0.09626001467690457]}
