{"best_test_loss": 0.10812217589645767, "epoch_time_hist": [2.169039726257324, 1.8361201286315918, 1.82893967628479, 1.8115453720092773, 1.8427486419677734, 1.7583744525909424, 1.837146282196045, 1.6964082717895508, 1.7963604927062988, 1.849853754043579, 1.8006985187530518, 1.8706631660461426, 1.836822748184204, 1.8295080661773682, 1.803635597229004, 1.774071455001831, 1.7488822937011719, 1.8673815727233887, 1.829129934310913, 1.8174307346343994, 1.785517930984497, 1.798130989074707, 1.8808443546295166, 1.7795357704162598, 1.7747180461883545, 1.7540826797485352, 1.783412218093872, 1.8019073009490967, 1.8657572269439697, 1.7485413551330566, 1.76762056350708, 1.754145622253418, 1.7632322311401367, 1.8623182773590088, 1.7118782997131348, 1.9044697284698486, 1.7856147289276123, 1.7793478965759277, 1.752763032913208, 1.7587034702301025, 1.8487005233764648, 1.739372968673706, 1.7732901573181152, 1.726393222808838, 1.8072936534881592, 1.814462423324585, 1.7385518550872803, 1.779067039489746, 1.7568113803863525, 1.8262989521026611, 1.8215420246124268, 1.92033052444458, 1.6986961364746094, 1.7525997161865234, 1.844351053237915, 1.8765125274658203, 1.7752795219421387, 1.7562098503112793, 1.8681442737579346, 1.7080302238464355, 1.7726023197174072, 1.7602407932281494, 1.7185602188110352, 1.7415449619293213, 1.8080875873565674, 1.8014271259307861, 1.7388591766357422, 1.8126559257507324, 1.8511955738067627, 1.7653882503509521, 1.7862308025360107, 1.7452008724212646, 1.8368754386901855, 1.7919635772705078, 1.8258020877838135, 1.8430266380310059, 1.7705302238464355, 1.7486345767974854, 1.7837295532226562, 1.7801709175109863, 1.75184965133667, 1.783226728439331, 1.710766315460205, 1.7587242126464844, 1.828373670578003, 1.7581536769866943, 1.803147315979004, 1.7177433967590332, 1.7910723686218262, 1.79789137840271, 1.8150160312652588, 1.8227262496948242, 1.7866644859313965, 1.8135151863098145, 1.7618346214294434, 1.7418036460876465, 1.7466270923614502, 1.7764406204223633, 1.9164776802062988, 1.7503180503845215], "time_till_best_val_loss": 29.341936349868774, "val_acc_hist": [0.01, 0.035, 0.125, 0.155, 0.14, 0.14, 0.14, 0.155, 0.175, 0.185, 0.22, 0.245, 0.255, 0.275, 0.295, 0.29, 0.29, 0.295, 0.3, 0.295, 0.27, 0.28, 0.285, 0.285, 0.29, 0.285, 0.28, 0.295, 0.295, 0.3, 0.3, 0.3, 0.3, 0.3, 0.3, 0.295, 0.295, 0.295, 0.285, 0.285, 0.285, 0.285, 0.285, 0.285, 0.285, 0.285, 0.285, 0.285, 0.29, 0.29, 0.29, 0.29, 0.29, 0.29, 0.29, 0.29, 0.29, 0.29, 0.29, 0.29, 0.29, 0.29, 0.29, 0.29, 0.29, 0.29, 0.29, 0.29, 0.29, 0.29, 0.29, 0.29, 0.29, 0.29, 0.29, 0.29, 0.29, 0.29, 0.29, 0.29, 0.29, 0.29, 0.29, 0.29, 0.29, 0.29, 0.29, 0.29, 0.29, 0.29, 0.29, 0.29, 0.29, 0.29, 0.29, 0.29, 0.29, 0.29, 0.29, 0.29, 0.29], "val_loss_hist": [0.7420907822537199, 0.48602504837431754, 0.3395107556594203, 0.29204894723233266, 0.2761354380796382, 0.21464562489807404, 0.21053210143819912, 0.18766716779638717, 0.1675016164051601, 0.15034243115216323, 0.1333195812454449, 0.11661015051375043, 0.10585746928280655, 0.10466232015841295, 0.09995392812048748, 0.09855256400903084, 0.09618979178119515, 0.0969589731138003, 0.0982476054934596, 0.1013951608751464, 0.10476859866544792, 0.10515290328231323, 0.1055868211492093, 0.10813880431819756, 0.10429377410659978, 0.10774406327603524, 0.10617952034051496, 0.10635627516277227, 0.10560913471710914, 0.10269702308184023, 0.10269702308184023, 0.10210517620637802, 0.10192798180272218, 0.10305525367913997, 0.10408133103602775, 0.1064493832797776, 0.10580941641192837, 0.10603987514131222, 0.10558872236752846, 0.10558872236752846, 0.10558872236752846, 0.10558872236752846, 0.10558872236752846, 0.10558872236752846, 0.10558872236752846, 0.10558872236752846, 0.10558872236752846, 0.10558872236752846, 0.10516107666863764, 0.10516107666863764, 0.10516107666863764, 0.10516107666863764, 0.10516107666863764, 0.10516107666863764, 0.10516107666863764, 0.10516107666863764, 0.10516107666863764, 0.10516107666863764, 0.10516107666863764, 0.10516107666863764, 0.10516107666863764, 0.10516107666863764, 0.10516107666863764, 0.10516107666863764, 0.10516107666863764, 0.10516107666863764, 0.10516107666863764, 0.10516107666863764, 0.10516107666863764, 0.10516107666863764, 0.10516107666863764, 0.10516107666863764, 0.10516107666863764, 0.10516107666863764, 0.10516107666863764, 0.10516107666863764, 0.10516107666863764, 0.10516107666863764, 0.10516107666863764, 0.10516107666863764, 0.10516107666863764, 0.10516107666863764, 0.10516107666863764, 0.10516107666863764, 0.10516107666863764, 0.10516107666863764, 0.10516107666863764, 0.10516107666863764, 0.10516107666863764, 0.10516107666863764, 0.10516107666863764, 0.10516107666863764, 0.10516107666863764, 0.10516107666863764, 0.10516107666863764, 0.10516107666863764, 0.10516107666863764, 0.10516107666863764, 0.10516107666863764, 0.10516107666863764, 0.10516107666863764]}
