{"best_test_loss": 0.31986242366704837, "epoch_time_hist": [35.36537790298462, 34.931872844696045, 36.30884861946106, 36.47232794761658, 37.82805776596069, 37.537261962890625, 37.73097062110901, 36.245989084243774, 32.66852807998657, 34.854175329208374, 33.579556941986084, 36.151023626327515, 34.94130849838257, 32.735764265060425, 41.24548316001892, 41.073121547698975, 40.12999725341797, 32.31612682342529, 30.61571955680847, 38.758121967315674, 27.346905946731567, 27.406358242034912, 28.472269773483276, 29.23405408859253, 30.160259008407593], "time_till_best_val_loss": 359.94341015815735, "val_loss_hist": [0.39257592792691465, 0.39116985372218055, 0.40241844768272167, 0.41113610797493993, 0.3495500562331398, 0.35939257591790236, 0.3931383576942312, 0.43813273339600306, 0.44797525308076563, 0.44319460066245236, 0.2955568053910136, 0.3321147356487032, 0.3816085489206522, 0.4344769403702341, 0.369516310450801, 0.34139482563719364, 0.32817772777479814, 0.32817772777479814, 0.32508436444530137, 0.3180539932418995, 0.3225534308120767, 0.3385826771558329, 0.327615298078526, 0.32199100111580453, 0.32199100111580453, 0.32199100111580453]}
