{"best_test_loss": 0.10002866150472833, "epoch_time_hist": [87.7018096446991, 87.40068531036377, 86.5364317893982, 87.67092108726501, 86.84427738189697, 87.28091168403625, 87.32305860519409, 87.53272366523743, 87.43226790428162, 86.26956868171692, 86.60190343856812, 86.96923613548279, 87.5641348361969, 87.22531175613403, 87.49178457260132, 87.24415898323059, 87.30132150650024, 87.44824743270874, 87.0071153640747, 88.02416372299194, 87.69686460494995], "time_till_best_val_loss": 1395.089185476303, "val_loss_hist": [0.4049493810623144, 0.19853768278406814, 0.12092238469851174, 0.09111361079608793, 0.09561304836626511, 0.1009561304808505, 0.08633295837777467, 0.09701912260694548, 0.09420697412558474, 0.09392575927744866, 0.15016872872376139, 0.12092238469851174, 0.09420697412558474, 0.09505061866999295, 0.09336332958117652, 0.09223847018863222, 0.08577052868150252, 0.08661417322591074, 0.09730033661720751, 0.0967379077588094, 0.08577052868150252, 0.09336332958117652]}
