{"best_test_loss": 0.1152192603157356, "epoch_time_hist": [1.1847562789916992, 1.3480963706970215, 1.2361338138580322, 1.3404886722564697, 1.5167317390441895, 1.6911375522613525, 1.7162377834320068, 1.6764369010925293, 1.7061052322387695, 1.413771390914917, 1.5218629837036133, 1.4716355800628662, 1.357201099395752, 1.451784372329712, 1.3230571746826172, 1.4514248371124268, 1.4551455974578857, 1.468503713607788, 1.3998239040374756, 1.3153913021087646, 1.3501577377319336, 1.406175136566162, 1.4248058795928955, 1.454404592514038, 1.434152364730835], "time_till_best_val_loss": 16.3517587184906, "val_loss_hist": [0.407480314949171, 0.44263217096618024, 0.2570303711963715, 0.23903262091566277, 0.14566929133448625, 0.18025871765522333, 0.16788526433723608, 0.15213723284161595, 0.15101237344907165, 0.16479190100773927, 0.125703037116825, 0.09814398199948977, 0.09898762654389799, 0.1138920134951099, 0.1366704161941319, 0.15326209223416024, 0.18503937007353657, 0.1808211473514955, 0.16057367828569816, 0.16169853767824247, 0.17885264341454296, 0.1999437570247485, 0.20078740156915673, 0.20078740156915673, 0.20078740156915673, 0.20078740156915673]}
