{"best_test_loss": 0.3459443966653498, "epoch_time_hist": [41.34025859832764, 46.33995509147644, 42.03072643280029, 38.965304136276245, 37.808794260025024, 39.345231771469116, 40.26265525817871, 39.40154767036438, 39.172083139419556, 39.936179399490356, 41.94709897041321, 41.380194425582886, 39.811522245407104, 39.63472938537598, 39.521655797958374, 38.453429222106934, 36.98611283302307, 36.63502311706543, 37.077306270599365, 41.21826481819153, 41.33628749847412, 39.87141704559326, 38.09854435920715, 34.981903076171875, 34.095985889434814], "time_till_best_val_loss": 718.9725017547607, "val_loss_hist": [0.349831270990862, 0.44853768243393966, 0.4327896510505667, 0.3700787399497542, 0.44853768277703776, 0.4513498312583985, 0.4429133858143163, 0.4673790776021547, 0.45697412822112, 0.4462879639919492, 0.41563554514771167, 0.40101237344204127, 0.4139482564563007, 0.3987626546569527, 0.3613610798548549, 0.34673790775177904, 0.3447694038148265, 0.33605174352260825, 0.3343644544337918, 0.3397075365483772, 0.4319460067370094, 0.47103487062792365, 0.46091113609502504, 0.4507874015621264, 0.46006749155061677, 0.4398200224848195]}
