{"best_test_loss": 0.28236291689422377, "epoch_time_hist": [21.97704291343689, 22.931339025497437, 23.164329528808594, 23.072052478790283, 22.84029722213745, 23.868618488311768, 23.692444801330566, 22.82021975517273, 23.24730372428894, 20.402978897094727, 21.061884880065918, 24.48105001449585, 23.20334506034851, 19.613290786743164, 24.8976571559906, 24.106116771697998, 25.80191159248352, 22.705639123916626, 19.523942947387695, 20.617541074752808, 25.775919675827026, 33.28429937362671, 19.77198052406311, 15.638994455337524, 19.54935383796692], "time_till_best_val_loss": 479.8049259185791, "val_loss_hist": [0.44969879516717776, 0.4409638554033409, 0.47891566263617724, 0.451807228902054, 0.4246987951679308, 0.434939759023044, 0.4430722890892694, 0.4424698795416622, 0.4409638554084047, 0.459939759022291, 0.4909638554068987, 0.44969879516717776, 0.46295180721497137, 0.4358433734808481, 0.4524096385405901, 0.359337349386767, 0.384638554205282, 0.463855421731728, 0.44277108432401296, 0.32499999999021084, 0.4560240963718065, 0.3162650602314378, 0.4424698795047449, 0.44367469878181703, 0.3894578313135706, 0.45753012046814673]}
