{"best_test_loss": 0.0635952515527531, "epoch_time_hist": [36.89692211151123, 36.202115535736084, 36.54144787788391, 36.842066526412964, 36.93689179420471, 36.80425024032593, 36.26860427856445, 36.69352746009827, 36.82035756111145, 36.84960103034973, 36.96230888366699, 36.774197578430176, 36.950873374938965, 36.864487409591675, 37.047717571258545, 37.02630257606506, 36.95715951919556, 36.68250036239624, 37.223137617111206, 37.00129818916321, 37.011226654052734, 37.029136657714844, 37.00925660133362, 36.995757818222046, 37.12213492393494], "time_till_best_val_loss": 847.3953874111176, "val_loss_hist": [0.3743975903501688, 0.10813253011722493, 0.09216867469601903, 0.0927710843345551, 0.08825301204553455, 0.07891566257839672, 0.09006024078524012, 0.08253012047944187, 0.07560240963627704, 0.09126506023821492, 0.08554216867212222, 0.07499999999774097, 0.0786144578289574, 0.08463855421431812, 0.08373493975651401, 0.07710843373261722, 0.07560240963627704, 0.09156626505748294, 0.08162650602163776, 0.08132530120236972, 0.0969879518043076, 0.07921686746749347, 0.07740963855188525, 0.07259036144359668, 0.07710843373261722, 0.07710843373261722]}
