{"best_test_loss": 0.10118711135949161, "epoch_time_hist": [1.2045347690582275, 1.3591408729553223, 1.3948874473571777, 1.562009572982788, 1.6634342670440674, 1.6166095733642578, 1.6306931972503662, 1.6743295192718506, 1.7487847805023193, 1.6941468715667725, 1.7498388290405273, 1.618626594543457, 1.6399011611938477, 1.5944106578826904, 1.541027545928955, 1.4752464294433594, 1.4325087070465088, 1.4439632892608643, 1.521207332611084, 1.5127527713775635, 1.5226213932037354, 1.5389621257781982, 1.442612886428833, 1.4543964862823486, 1.4595024585723877], "time_till_best_val_loss": 12.105639219284058, "val_loss_hist": [0.3746987951694368, 0.3942771084708168, 0.23795180722174844, 0.18644578301804599, 0.16506024102031874, 0.14518072288719336, 0.12590361445403905, 0.14006024095963673, 0.11536144577965779, 0.15572289156157462, 0.17018072288644034, 0.13253012045640972, 0.12680722892065865, 0.11746987925438564, 0.14698795169299392, 0.16234939710138652, 0.1713855421479607, 0.18192771083789375, 0.18192771083789375, 0.18192771083789375, 0.18192771083789375, 0.18192771083789375, 0.18192771083789375, 0.18192771083789375, 0.18192771083789375, 0.18192771083789375]}
