{"best_test_loss": 0.3815715093165186, "epoch_time_hist": [26.034560918807983, 25.315041542053223, 24.40501618385315, 24.398990154266357, 25.850629568099976, 26.56170344352722, 24.821468591690063, 23.567917346954346, 23.211689472198486, 23.19224262237549, 23.01094126701355, 23.25594711303711, 22.469173192977905, 22.857279777526855, 22.83888292312622, 22.71131467819214, 23.09945821762085, 23.049524784088135, 23.484947443008423, 22.816686868667603, 23.02476668357849, 23.02070379257202, 23.417943954467773, 23.38545513153076, 23.080021381378174], "time_till_best_val_loss": 26.034560918807983, "val_loss_hist": [0.4123493973870069, 0.3804216867355295, 0.3882530119569321, 0.39578313263742787, 0.41957831337432056, 0.39939759034941574, 0.39608433733746734, 0.4147590361320856, 0.40271084336136415, 0.4343373493845079, 0.43855421685426044, 0.4509036144442499, 0.4481927710708376, 0.4490963855286417, 0.4509036144442499, 0.4551204819140024, 0.4566265060103426, 0.4560240963718065, 0.45692771082961064, 0.4527108433598581, 0.45120481926351796, 0.44789156625156956, 0.4460843372287899, 0.4490963855286417, 0.44939759039250865, 0.44939759039250865]}
