{"best_test_loss": 0.9242593457849094, "epoch_time_hist": [67.74855065345764, 67.88215708732605, 67.73183989524841, 66.81410956382751, 65.97861909866333, 66.28365540504456, 65.96435642242432, 65.66409730911255, 64.83312249183655, 65.35816621780396, 65.23384284973145, 65.4473295211792, 65.51434993743896, 65.09700846672058, 64.64265632629395, 64.78547263145447, 64.22480154037476, 65.22301626205444, 65.18342661857605, 65.01436185836792, 65.28633689880371, 65.22196960449219, 65.4712872505188, 65.30354809761047, 64.93744850158691, 64.67116498947144, 65.08427429199219, 64.9730269908905], "time_till_best_val_loss": 402.4389317035675, "val_acc_hist": [0.0, 0.0, 0.0, 0.0, 0.0, 0.0, 0.0, 0.0, 0.0, 0.0, 0.0, 0.0, 0.0, 0.0, 0.0, 0.0, 0.0, 0.0, 0.0, 0.0, 0.0, 0.0, 0.0, 0.0, 0.0, 0.0, 0.0, 0.0, 0.0], "val_loss_hist": [0.9448395651939472, 0.9245731734832331, 0.9264805720910992, 0.9100058786273519, 0.9037475452731403, 0.9147095509648504, 0.8917487331013079, 0.9049246685811628, 0.9251374095456985, 0.9306842370384482, 0.9350514725191297, 0.9292501909374061, 0.9344437335458555, 0.9344043616946571, 0.9377309781137461, 0.9340191161768708, 0.9450370194216379, 0.9514148581932411, 0.9513450426158817, 0.9537997718882543, 0.9537997718882543, 0.9529434954334918, 0.9528302319377465, 0.9526821543553695, 0.9526821543553695, 0.9526821543553695, 0.9533069980687692, 0.9534001332781326, 0.9524209819225993]}
