{"best_test_loss": 0.17338572440224775, "epoch_time_hist": [325.7030096054077, 321.82659816741943, 327.3519198894501, 326.16117787361145, 322.1992185115814, 327.51657915115356], "time_till_best_val_loss": 1950.7585031986237, "val_acc_hist": [0.0, 0.0, 0.0, 0.0, 0.0, 0.0, 0.0], "val_loss_hist": [0.9689454649198093, 0.3722104805640644, 0.2585711893798526, 0.20472282085194154, 0.19508700456686617, 0.18632802785736471, 0.1693008184752632]}
