{"best_test_loss": 0.11935496092668603, "epoch_time_hist": [3.3546195030212402, 4.392467737197876, 4.632700681686401, 4.9043333530426025, 4.868277549743652, 5.013817548751831, 5.0981669425964355, 4.990465879440308, 5.135892629623413, 5.0896852016448975, 5.092501640319824, 5.055020809173584, 5.04470419883728, 5.06449818611145, 4.972859859466553, 4.846985816955566, 4.907242774963379, 4.900622129440308, 4.928704261779785, 4.897004842758179, 5.072555303573608, 4.890146493911743, 4.986233711242676, 5.004675626754761, 4.9824607372283936, 4.957577228546143, 4.936607599258423, 4.983322381973267, 4.946929454803467, 5.017614841461182, 5.1114606857299805, 5.108428716659546, 5.165185928344727, 5.191070079803467, 5.124789714813232, 5.107514381408691, 5.27232551574707, 5.16044020652771, 5.203601837158203, 5.196348428726196, 5.155677556991577, 5.112114667892456, 5.110903263092041, 5.134666442871094, 5.0894551277160645, 5.0484795570373535, 5.130154371261597, 5.124713182449341, 5.161193132400513, 5.13717794418335, 5.139666557312012, 5.174989700317383, 5.173061847686768, 5.069429159164429, 5.174077987670898, 5.08751654624939, 5.107935667037964, 5.123829126358032, 5.112352609634399, 5.270158052444458, 5.138875961303711, 5.224334001541138, 5.186572790145874, 5.136062145233154, 5.189349412918091, 5.16939377784729, 5.0720460414886475, 5.081927537918091, 5.1577582359313965, 5.129510164260864, 5.065624475479126, 5.096467018127441, 5.132509708404541, 5.068641662597656, 5.0851731300354, 5.107322454452515, 5.127321481704712, 5.173460483551025, 5.085460662841797, 5.066226482391357, 5.0589072704315186, 5.081220626831055, 5.063804388046265, 5.1528160572052, 5.168205738067627, 5.009970664978027, 5.062739133834839, 5.088116645812988, 5.034504413604736, 5.0963404178619385, 5.122350215911865, 5.059330224990845, 5.099855899810791, 5.033618927001953, 5.112446546554565, 5.044144868850708, 5.169793605804443, 5.120753049850464, 5.1266913414001465, 5.115404367446899], "time_till_best_val_loss": 464.7397563457489, "val_acc_hist": [0.0, 0.0, 0.0, 0.0, 0.0, 0.0, 0.0, 0.0, 0.0, 0.0, 0.0, 0.0, 0.0, 0.0, 0.0, 0.0, 0.0, 0.0, 0.0, 0.0, 0.0, 0.0, 0.0, 0.0, 0.0, 0.0, 0.0, 0.0, 0.0, 0.0, 0.0, 0.0, 0.0, 0.0, 0.0, 0.0, 0.0, 0.0, 0.0, 0.0, 0.0, 0.0, 0.0, 0.0, 0.0, 0.0, 0.0, 0.0, 0.0, 0.0, 0.0, 0.0, 0.0, 0.005, 0.0, 0.0, 0.0, 0.0, 0.005, 0.005, 0.0, 0.0, 0.0, 0.0, 0.0, 0.0, 0.0, 0.0, 0.0, 0.0, 0.0, 0.005, 0.0, 0.005, 0.005, 0.005, 0.005, 0.005, 0.005, 0.0, 0.005, 0.005, 0.005, 0.005, 0.005, 0.005, 0.005, 0.0, 0.005, 0.005, 0.005, 0.005, 0.005, 0.005, 0.005, 0.005, 0.005, 0.005, 0.005, 0.005, 0.005], "val_loss_hist": [0.9571448904478845, 0.8905163276773689, 0.7556049893846492, 0.7483952556521176, 0.6739211736831926, 0.5983622555115167, 0.5579646660417809, 0.5114852112833808, 0.46139803762615816, 0.42791850627143957, 0.3625305298645606, 0.342651470216387, 0.36520230792889596, 0.348831047010518, 0.34487865915136934, 0.39199788519877365, 0.3576437485544939, 0.3169075261010091, 0.3036157689375284, 0.32131854415648436, 0.2824376318560933, 0.2918195131892863, 0.2614582260718538, 0.2526981696452144, 0.24585028999509945, 0.22238462778821746, 0.26304165683520064, 0.214857534405545, 0.21360704491650506, 0.2033617563614921, 0.22763399436178122, 0.18317149845041983, 0.20324890915505509, 0.2104363143022063, 0.19413677400166152, 0.22957515695965125, 0.1905013788584182, 0.19607414314711835, 0.20134096398191328, 0.19341295280330056, 0.19490934795331097, 0.1807055876553617, 0.18288272736814698, 0.17959927143226959, 0.18493158911213425, 0.18390525658718943, 0.18384101470180894, 0.18056189241051726, 0.18644786191053817, 0.18286035378579857, 0.17926409426407836, 0.1652907018432297, 0.170008381796299, 0.17867629273024357, 0.18094463358955126, 0.19369725075177616, 0.17749733103100576, 0.17561659743880403, 0.18308856643459964, 0.17120613824433698, 0.18432685225391476, 0.17413589229107448, 0.1832061784345469, 0.14398102822641667, 0.1368161909356405, 0.1302857723993632, 0.12517049497081673, 0.12503817828982058, 0.1254402239707079, 0.1202560297072564, 0.11950121921941007, 0.1141787295367471, 0.11786541025453526, 0.11889047734192272, 0.11618783251164988, 0.117731602867936, 0.11978698054475317, 0.11776633745571391, 0.11308271010502743, 0.11726642296880968, 0.11726062198486817, 0.11928220672470426, 0.1155534633691928, 0.11630395138283146, 0.11714412215182138, 0.11108111656374715, 0.11755626509712093, 0.11716460398349875, 0.11362650596211238, 0.1157100761997965, 0.11655448720977336, 0.11732342177867655, 0.11087363297453444, 0.11917972856430879, 0.11704946094933635, 0.11370624893507704, 0.11556488062887406, 0.1184320396431346, 0.11569496067276652, 0.11651713318525167, 0.11924030425847126]}
