{"best_test_loss": 0.8252680501139572, "epoch_time_hist": [98.96212816238403, 98.1815128326416, 97.71726083755493, 97.84964036941528, 97.83883309364319, 97.52153086662292, 97.0962426662445, 97.42398190498352, 97.2424476146698, 97.29007029533386, 97.09873700141907, 96.90929985046387, 97.18818521499634, 97.00045132637024, 97.16851019859314, 96.58806991577148, 96.6877589225769, 96.62202882766724, 96.83163499832153], "time_till_best_val_loss": 1849.2183248996735, "val_acc_hist": [0.0, 0.0, 0.0, 0.0, 0.0, 0.0, 0.0, 0.0, 0.0, 0.0, 0.0, 0.0, 0.0, 0.0, 0.0, 0.0, 0.0, 0.0, 0.0, 0.0], "val_loss_hist": [0.9549517222341107, 0.9734117726981291, 0.9929957638951314, 1.0059463649111027, 0.9839471654119455, 0.9794906909199523, 0.9810368673442232, 0.9880121072022727, 0.9720717391255844, 0.9522716458267271, 0.947728877532267, 0.9142210000553529, 0.8877510432411626, 0.8895779119556082, 0.8823941363745277, 0.8895347629160247, 0.8877787002207828, 0.8640552864147742, 0.8298875293720498, 0.8252685045090452]}
