{"best_test_loss": 0.32284319044159404, "epoch_time_hist": [32.88025116920471, 33.711873292922974, 31.681899309158325, 30.51227068901062, 31.219138145446777, 30.941450595855713, 30.785447120666504, 31.04096531867981, 30.18805193901062, 34.93072247505188, 34.20305252075195, 31.51835584640503, 29.092605590820312, 29.98763370513916, 28.92991542816162, 32.219754695892334, 34.602232933044434, 42.01377511024475, 34.082955837249756, 29.03604793548584, 24.824562549591064, 25.014867782592773, 31.726651906967163, 27.11396050453186, 37.28444838523865], "time_till_best_val_loss": 580.4593958854675, "val_loss_hist": [0.42212189615061735, 0.4060383747063759, 0.3961625279267419, 0.38882618509060873, 0.40632054174925736, 0.43651241533757024, 0.43623024829468876, 0.4492099322672345, 0.45457110600342154, 0.4274830699653645, 0.348194130915683, 0.3766930022467073, 0.4500564335343722, 0.41422121900927567, 0.344243792315343, 0.3436794582295802, 0.46867945822605306, 0.40265237012517685, 0.3281602708711016, 0.33041760721415303, 0.33239277651432303, 0.34932279908720876, 0.3439616252724616, 0.3391647855434773, 0.4297404063084159, 0.4661399548401202]}
