{"best_test_loss": 0.0857297883861712, "epoch_time_hist": [70.75801467895508, 71.61772394180298, 71.7275652885437, 71.89139533042908, 72.31445693969727, 71.97256827354431, 72.21619820594788, 72.35809350013733, 72.50786852836609, 71.89425492286682, 72.33796310424805, 72.07793378829956, 72.29202198982239, 71.88861227035522, 72.3300051689148, 71.96124482154846, 71.91051197052002, 72.08370637893677, 72.51373243331909, 72.38756489753723, 72.48383045196533, 72.32209205627441, 72.34282732009888, 72.33673572540283, 72.63715624809265], "time_till_best_val_loss": 430.2817244529724, "val_loss_hist": [0.36230248305975443, 0.18115124152987722, 0.10694130925206148, 0.09593679457968576, 0.09537246060242004, 0.09057562076493861, 0.07195259593476432, 0.07223476297764575, 0.08013544029565405, 0.08549661410157003, 0.11399548449059366, 0.0914221218935829, 0.0747742663635786, 0.08577878103595432, 0.12020316079074786, 0.10045146751736826, 0.08493228014197647, 0.09904063229411203, 0.08860045208759276, 0.08013543959545606, 0.07646726815127526, 0.07674943590865803, 0.08295710950587981, 0.0781602710843436, 0.07703160226398943, 0.08182844197773843]}
