{"best_test_loss": 0.10797612587878525, "epoch_time_hist": [1.1921701431274414, 1.3789987564086914, 1.3131217956542969, 1.481935977935791, 1.685274600982666, 1.7043137550354004, 1.5911839008331299, 1.663618564605713, 1.6375141143798828, 1.7242720127105713, 1.6198780536651611, 1.6723964214324951, 1.602259874343872, 1.4925589561462402, 1.5608527660369873, 1.5205857753753662, 1.497023105621338, 1.4912378787994385, 1.6005771160125732, 1.5776894092559814, 1.5569016933441162, 1.4932985305786133, 1.4889750480651855, 1.5510854721069336, 1.5660123825073242], "time_till_best_val_loss": 18.66467809677124, "val_loss_hist": [0.4585214446495077, 0.3781038374611145, 0.31602708802720014, 0.16196388261394007, 0.18397291187606318, 0.1630925507854658, 0.14700902958259973, 0.14870203159851292, 0.14305869074088434, 0.13120767493986435, 0.12302483069630292, 0.1179458239244372, 0.09988713318002576, 0.10186230248019576, 0.14390519186952863, 0.16168171557105865, 0.1800225733583515, 0.18058690744411438, 0.19469525958818582, 0.20203160270310294, 0.18594808125886153, 0.16450338599987294, 0.19723476297411865, 0.19723476297411865, 0.19723476297411865, 0.19723476297411865]}
