{"best_test_loss": 0.3030385220953009, "epoch_time_hist": [38.40476632118225, 39.42177200317383, 36.304155349731445, 37.978400468826294, 38.15501809120178, 40.44090914726257, 36.233121395111084, 35.86254072189331, 36.667813777923584, 36.406660318374634, 36.201730251312256, 35.92701292037964, 37.66399598121643, 37.586246490478516, 38.17278170585632, 38.8186719417572, 38.53143000602722, 39.29695272445679, 37.19891929626465, 36.73093628883362, 36.961873054504395, 36.60709261894226, 36.49891233444214, 36.318732500076294, 36.79210186004639], "time_till_best_val_loss": 38.40476632118225, "val_loss_hist": [0.4133747175129901, 0.33154627350759747, 0.4590857787680845, 0.44638826183842023, 0.40152370202027304, 0.44074492098079165, 0.46444695258283164, 0.45880361172520306, 0.4681151241402902, 0.45682844242503307, 0.44638826183842023, 0.4317155756618659, 0.4314334085657045, 0.4336907449087559, 0.4345372460374002, 0.4351015801231631, 0.4314334085657045, 0.4407449195186002, 0.44582392775265733, 0.44610609431918347, 0.44977426635299733, 0.44977426635299733, 0.4520316026960488, 0.4610609480682545, 0.4616252821540174, 0.4602144469396102]}
