{"best_test_loss": 0.637233579803453, "epoch_time_hist": [14.614503860473633, 14.228162050247192, 14.22278904914856, 14.152578592300415, 14.573803424835205, 14.422689199447632, 15.003159284591675, 15.177692890167236, 14.890848159790039, 15.653968811035156, 14.244854211807251, 12.843295812606812, 12.980258703231812, 12.902965545654297, 12.756047248840332, 16.27785301208496, 16.930963039398193, 18.01914954185486, 17.930157899856567, 17.82561206817627, 17.34304118156433, 18.696305990219116, 18.186004877090454, 17.99128246307373, 18.086676597595215], "time_till_best_val_loss": 389.95466351509094, "val_loss_hist": [0.6143646408704008, 0.6265193370027289, 0.6269613259529954, 0.6276243093783951, 0.6260773480524624, 0.6276243093783951, 0.6338121546821257, 0.6556906077203163, 0.6674033149023778, 0.6587845303721815, 0.6528176795322087, 0.6360220994334581, 0.6313812154556601, 0.6453038673890541, 0.641546961311789, 0.6384530386599238, 0.6375690607593908, 0.6362430939085914, 0.6338121546821257, 0.6344751381075254, 0.6344751381075254, 0.6349171270577919, 0.6355801104831916, 0.6349171270577919, 0.634033149157259, 0.6327071823064595]}
