{"best_test_loss": 0.18747281419299752, "epoch_time_hist": [13.211857080459595, 12.638922929763794, 12.517194032669067, 12.544929504394531, 12.675711154937744, 12.617660522460938, 12.668461084365845, 12.630176544189453, 12.68480134010315, 12.780329704284668, 12.563513040542603, 12.594740390777588, 12.662362337112427, 12.609797954559326, 12.569653987884521, 12.737775087356567, 12.577539920806885, 12.615877389907837, 12.671232461929321, 12.628080368041992, 12.604429006576538, 12.596564292907715, 12.575831413269043, 12.603031396865845, 12.550904512405396], "time_till_best_val_loss": 76.20627522468567, "val_loss_hist": [0.6426519336874552, 0.2632044198836861, 0.19624309391831507, 0.1986740331447807, 0.18961325966431794, 0.17038674032772627, 0.16265193369806294, 0.17546961325579075, 0.19337016574158297, 0.1951381215426489, 0.17922651933305578, 0.1787845303827893, 0.16729281767586093, 0.17745856353198988, 0.18563535911191967, 0.17392265192985806, 0.1805524861838552, 0.1774585635194629, 0.17613259668119044, 0.17569060776261197, 0.17414364645607372, 0.17370165748641284, 0.1725966851277679, 0.17016574585259303, 0.17303867402932513, 0.17458563535525778]}
