{"best_test_loss": 0.3142670726334435, "epoch_time_hist": [1.3448684215545654, 1.4815499782562256, 1.6976981163024902, 1.7863199710845947, 1.7337443828582764, 1.667024850845337, 1.5758793354034424, 1.512174129486084, 1.6313982009887695, 1.3496286869049072, 1.325852394104004, 1.2883636951446533, 1.2253820896148682, 1.2396161556243896, 1.390735387802124, 1.4066219329833984, 1.3874261379241943, 1.2653615474700928, 1.2980389595031738, 1.301572561264038, 1.2279658317565918, 1.2341880798339844, 1.1748299598693848, 1.2565269470214844, 1.2199664115905762], "time_till_best_val_loss": 14.430657386779785, "val_loss_hist": [0.6048618784396715, 0.637790055234524, 0.6232044198757303, 0.62386740330113, 0.629392265179461, 0.6066298342407375, 0.5538121546838937, 0.4749171270613278, 0.3816574585136401, 0.3266298342469253, 0.3270718231971918, 0.36552485999232504, 0.3882872928090986, 0.42895027623361437, 0.4355801104876115, 0.46099447512793384, 0.5016574585524496, 0.4965745856243851, 0.5027624309281158, 0.5261878452922389, 0.520662983413908, 0.5286187845187046, 0.5241988950160398, 0.5257458563419725, 0.5230939226403737, 0.534585635347302]}
