{"best_test_loss": 0.5574162679304607, "epoch_time_hist": [17.236647367477417, 17.251442193984985, 17.06861710548401, 17.367457389831543, 17.21849775314331, 17.12700366973877, 16.63299870491028, 16.75694513320923, 17.143789768218994, 16.945412397384644, 16.51538920402527, 16.468347549438477, 16.799662590026855, 17.166439294815063, 16.46379566192627, 16.619588375091553, 16.86948037147522, 16.931671857833862, 17.07760500907898, 17.005523204803467, 16.675441026687622, 16.478523015975952, 17.134451627731323, 16.897652626037598, 16.703909635543823], "time_till_best_val_loss": 270.78203415870667, "val_loss_hist": [0.6358011049583249, 0.6488397789911858, 0.6439779005382547, 0.6435359115879882, 0.6296132596545942, 0.6092817679423363, 0.6123756905942017, 0.5918232044068106, 0.6190055248481988, 0.6243093921524521, 0.624751381201663, 0.6156906077212002, 0.596906077334875, 0.5858563535782131, 0.5728176795453521, 0.5392265193251, 0.5374585635240341, 0.5613259668384237, 0.5834254143517476, 0.5829834254014811, 0.5829834254014811, 0.5862983425284796, 0.5966850828597418, 0.5924861879312914, 0.5849723751708279, 0.6068508286230475]}
