{"best_test_loss": 0.287833827884634, "epoch_time_hist": [30.44388747215271, 30.00428342819214, 29.087684154510498, 27.544315338134766, 28.14668869972229, 29.420928239822388, 28.96789813041687, 29.97623109817505, 29.901460647583008, 31.05833649635315, 29.205262184143066, 30.292715549468994, 28.071369171142578, 24.30537223815918, 27.272526264190674, 34.7971088886261, 30.433196306228638, 27.85075831413269, 30.536214113235474, 28.68094563484192, 28.268696308135986, 40.88162899017334, 26.775429487228394, 22.22326374053955, 29.251584768295288], "time_till_best_val_loss": 526.7800226211548, "val_loss_hist": [0.39078794900374314, 0.3983198146581347, 0.429606025480023, 0.4382966396165036, 0.438876013892269, 0.4101969872418831, 0.3931054461068046, 0.3954229432098661, 0.33285052142720595, 0.28823870219327236, 0.3647161066422612, 0.389049826176447, 0.4690034762320683, 0.4666859791290068, 0.42641946696331345, 0.3201042873603678, 0.3244495944286081, 0.32676709153166955, 0.2836037079871494, 0.3041714947768201, 0.460023174957705, 0.3319814600135579, 0.4510428736833418, 0.4400347624437997, 0.30301274622528934, 0.3340092699787367]}
