{"best_test_loss": 0.07032640949329351, "epoch_time_hist": [58.01410675048828, 58.10548543930054, 57.493539333343506, 58.26859521865845, 58.34774613380432, 58.61774134635925, 58.38667964935303, 58.52232265472412, 58.55363416671753, 57.99882102012634, 57.406529903411865, 57.55722689628601, 58.62630915641785, 58.74702191352844, 58.63927102088928, 58.62127995491028, 58.61968398094177, 58.59557604789734, 58.58734893798828, 58.63647389411926, 58.75761961936951, 58.76277494430542, 58.690186500549316, 58.53071045875549, 58.949931144714355], "time_till_best_val_loss": 524.309850692749, "val_loss_hist": [0.4406141360729144, 0.1303592120472086, 0.1361529548048623, 0.09617612977705169, 0.08053302433138665, 0.09269988401798845, 0.0732908458843195, 0.08835457705421916, 0.07879490150409053, 0.0686558513587213, 0.07792584000830827, 0.07358053302220219, 0.08893395132998454, 0.07387021892480598, 0.08400926998597888, 0.07126303441262517, 0.07589803012526368, 0.08951332560574991, 0.09096176129516334, 0.08748551564057111, 0.07995364987338546, 0.07618771726314637, 0.07358053302220219, 0.07473928157373293, 0.0753186558494983, 0.07589803012526368]}
