{"best_test_loss": 0.10148367952221117, "epoch_time_hist": [1.2050681114196777, 1.3769488334655762, 1.2224442958831787, 1.4458403587341309, 1.6441481113433838, 1.6881530284881592, 1.6285006999969482, 1.656951665878296, 1.5357763767242432, 1.4444248676300049, 1.29022216796875, 1.3662025928497314, 1.401068925857544, 1.3242943286895752, 1.29329252243042, 1.2374186515808105, 1.2329964637756348, 1.2245995998382568, 1.1997225284576416, 1.2147753238677979, 1.2426073551177979, 1.2406461238861084, 1.2133910655975342, 1.1638152599334717, 1.1702089309692383], "time_till_best_val_loss": 17.50468111038208, "val_loss_hist": [0.4241019697048071, 0.40845886441458695, 0.2954808806403395, 0.17062572421290192, 0.176998841246321, 0.15643105445665031, 0.13267670915027008, 0.12775202780626443, 0.12166859756754192, 0.11355735805001282, 0.126303592116851, 0.12137891077284535, 0.09878331401799585, 0.1184820361340724, 0.14803012745805244, 0.17757821552208639, 0.22276940837616888, 0.22392815590884926, 0.257242178439825, 0.23464658168497549, 0.28302433127328847, 0.28823870219327236, 0.2772305909537303, 0.3030127449353767, 0.298667439157049, 0.28852838933115504]}
