{"best_test_loss": 0.27863501476685754, "epoch_time_hist": [34.53729748725891, 35.64382338523865, 36.885655641555786, 34.13776659965515, 32.65633773803711, 31.5099036693573, 30.561874389648438, 30.705890417099, 31.867464303970337, 32.35155940055847, 31.08616018295288, 32.39182639122009, 32.81681442260742, 32.39471387863159, 33.094523906707764, 33.050655364990234, 33.237605810165405, 33.07118892669678, 33.6738543510437, 33.19467496871948, 32.9948525428772, 33.28598594665527, 33.72449612617493, 34.18428039550781, 33.82333493232727], "time_till_best_val_loss": 34.53729748725891, "val_loss_hist": [0.4136732328964753, 0.27549246809631894, 0.30996523741950704, 0.45567786788946474, 0.46089223637135307, 0.45799536499252624, 0.4698725372144733, 0.4661066048532414, 0.4623406720607665, 0.45307068364852054, 0.45191193397052243, 0.42844727692849227, 0.4116454229312965, 0.4136732328964753, 0.41425260717224066, 0.41657010427530217, 0.419177287580516, 0.419466975654129, 0.4223638470329559, 0.42236384666730203, 0.42497103127390007, 0.4217844727571905, 0.418597914240481, 0.4203360369688037, 0.4197566626930384, 0.4197566627920117]}
