{"best_test_loss": 0.5476252270815566, "epoch_time_hist": [6.720090627670288, 6.487702131271362, 6.483104705810547, 6.720345735549927, 7.043266773223877, 7.183206558227539, 6.516623020172119, 7.28644323348999, 7.127638101577759, 5.840789318084717, 5.138668060302734, 4.736237525939941, 5.21386194229126, 7.205825567245483, 6.703784465789795, 6.097686767578125, 6.943579196929932, 7.761701822280884, 6.651982545852661, 4.960007429122925, 4.843348026275635, 5.671402454376221, 5.301853179931641, 5.026099443435669, 4.782127857208252], "time_till_best_val_loss": 102.50527453422546, "val_loss_hist": [0.5966340933605692, 0.6036916394233482, 0.5971769815255924, 0.5947339847829877, 0.5874049945551736, 0.6131921823937787, 0.5909337676278248, 0.6251357220242906, 0.6786102062790823, 0.70982627576792, 0.7016829533978426, 0.6957111834773151, 0.6970684038898733, 0.6970684038898733, 0.5795331161530878, 0.5586319218089405, 0.552388707911173, 0.5637893593766615, 0.5556460369013125, 0.5705754614394524, 0.5697611291919175, 0.5616178067165685, 0.5781758957497781, 0.5732899022645687, 0.6074918566610344, 0.5806188924923827]}
