{"best_test_loss": 0.14248637407000564, "epoch_time_hist": [5.0869293212890625, 4.71162748336792, 4.636502027511597, 4.632135629653931, 4.6947290897369385, 4.652796030044556, 4.735788583755493, 4.656632900238037, 4.639589071273804, 4.729785203933716, 4.676107883453369, 4.687174081802368, 4.745721817016602, 4.705856561660767, 4.7018959522247314, 4.745201349258423, 4.674573183059692, 4.6790711879730225, 4.673776388168335, 4.685558557510376, 4.666507720947266, 4.722259044647217, 4.6722259521484375, 4.673207521438599, 4.7198264598846436], "time_till_best_val_loss": 65.99137568473816, "val_loss_hist": [0.5694896851094058, 0.18349619992053706, 0.17996742684788583, 0.14983713354642136, 0.14006514657600258, 0.13735070575088626, 0.1490228014415597, 0.14875135721637484, 0.13246471226567685, 0.14576547230874687, 0.14712269272130504, 0.14305103148363055, 0.14875135721637484, 0.13490770900828156, 0.1262214983679093, 0.13382193267823503, 0.12812160694549074, 0.14196525515358402, 0.1452225841437236, 0.13545059717330482, 0.14549402822623525, 0.13572204125581647, 0.13517915309079317, 0.13599348533832809, 0.13735070575088626, 0.14305103148363055]}
