{"best_test_loss": 0.29172073708041213, "epoch_time_hist": [0.9446966648101807, 1.0604205131530762, 1.2069907188415527, 1.2225830554962158, 1.2170641422271729, 1.2743902206420898, 1.254429817199707, 1.2736656665802002, 1.300652265548706, 1.3085322380065918, 1.3146049976348877, 1.1421124935150146, 1.1762909889221191, 1.1050467491149902, 1.1459577083587646, 0.7101805210113525, 0.8304154872894287, 1.0167651176452637, 0.9219949245452881, 0.7508597373962402, 0.8762965202331543, 0.7429561614990234, 0.6923463344573975, 0.6542322635650635, 0.6183850765228271], "time_till_best_val_loss": 13.37803030014038, "val_loss_hist": [0.6077633007435461, 0.6175352877139648, 0.5097719869568466, 0.5255157437425213, 0.48289902278819496, 0.4465255157316361, 0.33007600433414563, 0.2763300759968423, 0.2687296416865166, 0.2687296416865166, 0.25190010854409595, 0.2293702497223298, 0.2747014115017725, 0.25895765470200005, 0.3021172638354474, 0.2972312701738635, 0.2839305102772796, 0.29994571114390467, 0.3783930507828387, 0.39495113993843095, 0.40553745927237955, 0.3906080347342398, 0.3906080347342398, 0.4001085776221469, 0.404451682942333, 0.41530944624279836]}
