{"best_test_loss": 0.4259018946165092, "epoch_time_hist": [8.157708168029785, 7.927540302276611, 7.923741579055786, 8.351280212402344, 8.02197551727295, 8.118726015090942, 7.957538366317749, 8.294002294540405, 8.141211032867432, 8.18566632270813, 8.147181510925293, 7.564100980758667, 7.617438077926636, 7.5820722579956055, 7.724135875701904, 7.6386332511901855, 7.433912754058838, 8.009487867355347, 7.574098110198975, 8.160297393798828, 8.27730131149292, 8.139667272567749, 8.06795048713684, 7.889760494232178, 7.919100284576416], "time_till_best_val_loss": 198.82452774047852, "val_loss_hist": [0.56351791529415, 0.6267643865193604, 0.5287730727326609, 0.5244299674124748, 0.5358306188779633, 0.5754614549246617, 0.5673181324493127, 0.5415309446107076, 0.5244299674124748, 0.5428881650232659, 0.5480456025909869, 0.5312160694752656, 0.5271444082375911, 0.5051574375954234, 0.4989142236563813, 0.49294245384112534, 0.5005428881514511, 0.4872421281884533, 0.48181324656770413, 0.48208469054066005, 0.4761129207958162, 0.4866992399433578, 0.4752985884778692, 0.4706840390751715, 0.4543973941244735, 0.4196525515629845]}
