{"best_test_loss": 0.30566148429728185, "epoch_time_hist": [21.164472579956055, 21.247555017471313, 21.06053876876831, 17.986881017684937, 19.353347063064575, 19.0403995513916, 19.921305179595947, 21.545984029769897, 21.035921335220337, 21.333779096603394, 20.03641104698181, 20.447147846221924, 20.66740393638611, 18.301284551620483, 18.23248600959778, 21.27017307281494, 18.29481077194214, 19.80698585510254, 17.19930601119995, 16.932621002197266, 20.253154516220093, 17.923588037490845, 19.805078506469727, 16.189414262771606, 19.15838313102722], "time_till_best_val_loss": 415.1319682598114, "val_loss_hist": [0.439343265416864, 0.45697780478999767, 0.4484645788857262, 0.4429917908044089, 0.45758589223878365, 0.45758589235458846, 0.45971419883065634, 0.4381270902876824, 0.45819397991917926, 0.3688051080101041, 0.3992094861538702, 0.4317421708594788, 0.39738522346009775, 0.4426877470221135, 0.44816053510343085, 0.34995439645315546, 0.3493463058574234, 0.3089084828121341, 0.30860443902983875, 0.31346913954656525, 0.3040437822954076, 0.29340224991506836, 0.4122833687925727, 0.43356643355325125, 0.4457281848450676, 0.45697780478999767]}
