{"best_test_loss": 0.04341449105182123, "epoch_time_hist": [26.717694997787476, 27.215097188949585, 27.00903582572937, 27.019712686538696, 27.102649927139282, 26.94351029396057, 26.91736912727356, 27.096384048461914, 27.11756443977356, 27.18188714981079, 27.124804258346558, 27.110564470291138, 27.20600724220276, 27.1706862449646, 27.151220083236694, 27.2439603805542, 27.129802703857422, 27.137664318084717, 27.118226528167725, 27.02448296546936, 27.096333742141724, 27.10698890686035, 26.98672127723694, 27.05491852760315, 27.18325138092041], "time_till_best_val_loss": 406.08418798446655, "val_loss_hist": [0.43295834598866045, 0.08513225904271414, 0.07631498935614732, 0.06536941319351264, 0.06658558832269428, 0.07509881397120491, 0.05837640620071826, 0.05898449376530908, 0.05655214350694582, 0.06871389498753153, 0.059288537547604485, 0.053511705852965503, 0.05868044998301367, 0.052903618119400926, 0.05868044998301367, 0.04895104894956063, 0.06263301915285396, 0.0678017634518759, 0.05624809972465041, 0.061112800241376934, 0.05077531136061426, 0.0717543326217162, 0.060504712676786115, 0.058072362418422854, 0.05624809972465041, 0.057464274711644885]}
