{"best_test_loss": 0.11762980345797508, "epoch_time_hist": [1.1075961589813232, 1.3896138668060303, 1.2122468948364258, 1.5341227054595947, 1.5876057147979736, 1.6133296489715576, 1.6256966590881348, 1.5560600757598877, 1.7143948078155518, 1.6705799102783203, 1.5193207263946533, 1.5618324279785156, 1.5861608982086182, 1.5153160095214844, 1.531858205795288, 1.3802380561828613, 1.4571125507354736, 1.3482069969177246, 1.4315788745880127, 1.3939695358276367, 1.3797376155853271, 1.3833930492401123, 1.3382585048675537, 1.2716801166534424, 1.2677621841430664], "time_till_best_val_loss": 8.444514989852905, "val_loss_hist": [0.42718151412504773, 0.47552447551001753, 0.23715415019041794, 0.18060200668347212, 0.14928549523392823, 0.12192155670045846, 0.1115840681024146, 0.11523259348995948, 0.11249619944930082, 0.14016418363818292, 0.13073882638702528, 0.12982669504013905, 0.15445424140606706, 0.13073882638702528, 0.13681970203293342, 0.1675281240447696, 0.20188507144415066, 0.2079659470900588, 0.20826999087235423, 0.20918212221924046, 0.21009425356612665, 0.21404682273596695, 0.22103982972876135, 0.22529644268089705, 0.22499239889860165, 0.22651261781007867]}
