{"best_test_loss": 0.4338515693624567, "epoch_time_hist": [23.52195453643799, 22.254225969314575, 23.91735863685608, 24.81604528427124, 22.52297616004944, 21.80716109275818, 22.274910926818848, 23.65262794494629, 21.403959035873413, 20.156670808792114, 18.98578453063965, 17.956115245819092, 18.823466539382935, 19.358598470687866, 19.693755626678467, 19.746474027633667, 19.784496068954468, 19.952200412750244, 19.687803268432617, 19.985987424850464, 19.87100076675415, 19.768165588378906, 19.726876735687256, 19.932290077209473, 19.649182081222534], "time_till_best_val_loss": 519.2500872612, "val_loss_hist": [0.42383703259156014, 0.4715719063401772, 0.4369109151585008, 0.42474916386668443, 0.43660687137620535, 0.4657950744765645, 0.44603222862736297, 0.4584980237014747, 0.45180906049097574, 0.45272119183786197, 0.4466403161919538, 0.44086348432834105, 0.45332927940245277, 0.4484645788857262, 0.44238370323981807, 0.44086348432834105, 0.44147157189293185, 0.4405594405460456, 0.4399513529814548, 0.44025539676375025, 0.44542414106277217, 0.44572818478152987, 0.44086348432834105, 0.43782304646184445, 0.4411675280670955, 0.4402553967119303]}
