{"best_test_loss": 0.8542332475070044, "epoch_time_hist": [45.23989152908325, 45.34334897994995, 45.2075297832489, 45.21289610862732, 45.273616790771484, 45.15664720535278, 45.16261577606201, 45.0050163269043, 45.276763916015625, 45.25593113899231, 45.01983118057251, 45.041337966918945, 45.370503664016724, 45.12094736099243, 44.92780947685242, 44.81867694854736, 45.01340126991272, 44.94215989112854, 44.99451041221619, 45.09183073043823, 44.987926959991455, 45.22216773033142, 44.91942834854126, 45.0975079536438, 44.97846984863281, 45.029494524002075, 45.172483682632446, 45.30697298049927, 45.187339544296265, 45.310468435287476, 45.25431442260742, 45.10411882400513, 45.218602657318115, 45.392122745513916, 45.141220569610596, 44.791030406951904, 44.83044385910034, 44.80050492286682, 44.827855825424194, 45.093114137649536], "time_till_best_val_loss": 1804.1408548355103, "val_acc_hist": [0.0, 0.0, 0.0, 0.0, 0.0, 0.0, 0.0, 0.0, 0.0, 0.0, 0.0, 0.0, 0.0, 0.0, 0.0, 0.0, 0.0, 0.0, 0.0, 0.0, 0.0, 0.0, 0.0, 0.0, 0.0, 0.0, 0.0, 0.0, 0.0, 0.0, 0.0, 0.0, 0.0, 0.0, 0.0, 0.0, 0.0, 0.0, 0.0, 0.0, 0.0], "val_loss_hist": [0.8648650374524445, 0.8648650374524445, 0.8648650374524445, 0.8648650374524445, 0.8648650374524445, 0.8648650374524445, 0.8648650374524445, 0.8648650374524445, 0.8648650374524445, 0.8648650374524445, 0.8648650374524445, 0.8648650374524445, 0.8648650374524445, 0.8648650374524445, 0.8648650374524445, 0.8648650374524445, 0.8648650374524445, 0.8648650374524445, 0.8648650374524445, 0.8648650374524445, 0.8648650374524445, 0.8648650374524445, 0.8648650374524445, 0.8648650374524445, 0.8648650374524445, 0.8648650374524445, 0.8648650374524445, 0.8648650374524445, 0.8648650374524445, 0.8648650374524445, 0.8648650374524445, 0.8648650374524445, 0.8648650374524445, 0.8648650374524445, 0.8648650374524445, 0.8648650374524445, 0.8648650374524445, 0.8648650374524445, 0.8648650374524445, 0.8648650374524445, 0.8648650374524445]}
