{"best_test_loss": 0.1419407931168118, "epoch_time_hist": [151.05334949493408, 152.25337839126587, 152.9803023338318, 153.517884016037, 153.12643384933472, 153.1383936405182, 153.06991481781006, 151.38774466514587, 153.06353282928467, 151.93200755119324, 151.2695755958557, 150.7301425933838], "time_till_best_val_loss": 1676.7925171852112, "val_acc_hist": [0.0, 0.0, 0.0, 0.0, 0.0, 0.0, 0.0, 0.0, 0.0, 0.0, 0.0, 0.0, 0.0], "val_loss_hist": [0.86407044310046, 0.3417624838179787, 0.23252534267088484, 0.20606115402953668, 0.19006836173081965, 0.17429113675807298, 0.15711626256808817, 0.14387272602129028, 0.1339580142623497, 0.13299985625712904, 0.13243084160930646, 0.1314313066458332, 0.13167606331566262]}
