{"best_test_loss": 0.12153852916545729, "epoch_time_hist": [2.2380499839782715, 2.6971728801727295, 2.8712241649627686, 3.037118434906006, 3.161345958709717, 3.0985376834869385, 3.095198154449463, 3.1823837757110596, 3.2613210678100586, 3.2563962936401367, 3.212599992752075, 3.1975865364074707, 3.195680856704712, 3.0744028091430664, 2.992540121078491, 3.209451198577881, 2.9514758586883545, 3.2071375846862793, 2.8987627029418945, 3.114149570465088, 3.237901210784912, 3.132007598876953, 3.153944969177246, 3.1929478645324707, 3.219353437423706, 3.3235936164855957, 3.1951181888580322, 3.1469974517822266, 3.196408271789551, 3.2081964015960693, 3.2062387466430664, 3.2064924240112305, 3.2461774349212646, 3.3747992515563965, 3.2454771995544434, 3.219496250152588, 3.271761655807495, 3.1975061893463135, 3.2612392902374268, 3.2841134071350098, 3.266029119491577, 3.270453929901123, 3.3154616355895996, 3.28096079826355, 3.260392427444458, 3.2998104095458984, 3.2893786430358887, 3.2784454822540283, 3.255017042160034, 3.1823816299438477, 3.2592947483062744, 3.238403558731079, 3.252100706100464, 3.275649070739746, 3.234004259109497, 3.3131866455078125, 3.3007359504699707, 3.2455902099609375, 3.2053492069244385, 3.2583467960357666, 3.3214938640594482, 3.3250019550323486, 3.281529188156128, 3.268923044204712, 3.2255311012268066, 3.257941246032715, 3.2339937686920166, 3.2330660820007324, 3.203732967376709, 3.2400259971618652, 3.2226362228393555, 3.2427220344543457, 3.156336545944214, 3.2483155727386475, 3.234973907470703, 3.1823890209198, 3.221578359603882, 3.261476516723633, 3.2301831245422363, 3.1884398460388184, 3.2622621059417725, 3.219092845916748, 3.2560391426086426, 3.2294349670410156, 3.234072208404541, 3.247238874435425, 3.2575671672821045, 3.236959457397461, 3.2205264568328857, 3.2188098430633545, 3.217869281768799, 3.2371304035186768, 3.186448574066162, 3.216372489929199, 3.224790334701538, 3.211517333984375, 3.2105798721313477, 3.248011350631714, 3.250497817993164, 3.241492509841919], "time_till_best_val_loss": 307.20972061157227, "val_acc_hist": [0.0, 0.0, 0.0, 0.0, 0.0, 0.0, 0.0, 0.0, 0.0, 0.0, 0.0, 0.0, 0.0, 0.0, 0.0, 0.0, 0.0, 0.0, 0.0, 0.0, 0.0, 0.0, 0.0, 0.0, 0.0, 0.0, 0.0, 0.0, 0.0, 0.0, 0.0, 0.0, 0.0, 0.0, 0.0, 0.0, 0.0, 0.0, 0.0, 0.0, 0.0, 0.0, 0.0, 0.0, 0.0, 0.0, 0.0, 0.0, 0.0, 0.0, 0.0, 0.0, 0.0, 0.0, 0.0, 0.0, 0.0, 0.0, 0.0, 0.0, 0.0, 0.0, 0.0, 0.0, 0.0, 0.0, 0.0, 0.0, 0.0, 0.0, 0.0, 0.0, 0.0, 0.0, 0.0, 0.0, 0.0, 0.0, 0.0, 0.0, 0.0, 0.0, 0.0, 0.0, 0.0, 0.0, 0.0, 0.0, 0.0, 0.0, 0.0, 0.0, 0.0, 0.0, 0.0, 0.0, 0.0, 0.0, 0.0, 0.0, 0.0], "val_loss_hist": [0.8804174853771023, 0.7206727535377048, 0.6431552311494809, 0.6146579487677681, 0.5936373212620167, 0.5807164348199402, 0.5388329624883206, 0.4159443879422245, 0.3979562671233249, 0.3367997183581633, 0.3254542269423854, 0.27908440342482155, 0.2832747436247876, 0.28093450550131893, 0.27643701608723537, 0.34652728958252726, 0.40574976645493604, 0.31954079172280414, 0.42842965609387856, 0.3879944757425474, 0.3183517033316407, 0.3190425646758773, 0.2627470260757512, 0.2557665479536045, 0.215827312796433, 0.20384258544976908, 0.21610757104683762, 0.20870825874192347, 0.20663435722773818, 0.18635918616809166, 0.1882104459961431, 0.20436610338954292, 0.19027124552896252, 0.18560300862859955, 0.19797216317809269, 0.1808638678851949, 0.18335729078782323, 0.18517354867387043, 0.18428740334316673, 0.1757343560030856, 0.18322622508154357, 0.16833647408208832, 0.17393207579400255, 0.1966071785949061, 0.16666158300150571, 0.17781586865737664, 0.17057148616148884, 0.18014423123816894, 0.1824264262167587, 0.17384168575878053, 0.17438070291780086, 0.15316645681151944, 0.18036131277988005, 0.17332143829627827, 0.17229713309733188, 0.16070058733878878, 0.1649786320142593, 0.17064019192200336, 0.1666287054015631, 0.17739841253966745, 0.18132262132782553, 0.15910913361912749, 0.17321701918924315, 0.13284992278746727, 0.12696139712868607, 0.1305144326291047, 0.13199463999460984, 0.12823631075846093, 0.12147053630320588, 0.13103895272836077, 0.12210246254780868, 0.1222128586251584, 0.12074869499577585, 0.12281742655042975, 0.12472007303701835, 0.12296056166021595, 0.11943404410742381, 0.12300694053356039, 0.12252088795750225, 0.1221750227763172, 0.12279166258331455, 0.11935740253910652, 0.12136438110525309, 0.12346448239822674, 0.12591344821230332, 0.12172267720501566, 0.1199173691947769, 0.12089229391220374, 0.1216548173176815, 0.1252145204043466, 0.12124832889272191, 0.1199495616714833, 0.12244964493202458, 0.12282878714861226, 0.12115408475668901, 0.11866260588833123, 0.1155494667551058, 0.11592297575551115, 0.11716969254640777, 0.11829965560535298, 0.11868028360673384]}
