{"best_test_loss": 0.6725161658370525, "epoch_time_hist": [59.00146985054016, 58.7024941444397, 58.48503136634827, 58.374093532562256, 58.305076360702515, 58.22657871246338, 58.27989983558655, 58.33758878707886, 58.199156761169434, 58.13249921798706, 57.882415533065796, 57.946234703063965, 57.921812772750854, 57.81965923309326, 57.77066946029663, 57.697948932647705, 57.912575006484985, 57.6108934879303, 57.8683705329895, 58.11566233634949, 57.664337158203125, 57.69984745979309, 57.4879846572876, 57.536659717559814, 57.71174430847168, 57.828545570373535, 57.69520711898804, 57.56781244277954, 57.75602340698242, 57.59923005104065, 57.580620527267456, 57.5452024936676], "time_till_best_val_loss": 1854.2633454799652, "val_acc_hist": [0.0, 0.0, 0.0, 0.0, 0.0, 0.0, 0.0, 0.0, 0.0, 0.0, 0.0, 0.0, 0.0, 0.0, 0.0, 0.0, 0.0, 0.0, 0.0, 0.0, 0.0, 0.0, 0.0, 0.0, 0.0, 0.0, 0.0, 0.0, 0.0, 0.0, 0.0, 0.0, 0.0], "val_loss_hist": [0.8617176993983914, 0.8549332469561034, 0.8604702998478391, 0.8437821284465951, 0.8210891518106186, 0.8216770530115018, 0.8301090688736079, 0.8493072692424032, 0.8541609629135617, 0.8581801099293501, 0.8609099417962688, 0.8467802226965592, 0.8385786786145221, 0.8222037692997992, 0.8098055809862899, 0.8031846336520804, 0.7894575956065437, 0.7573673666646167, 0.7346161134222796, 0.7272115942272404, 0.710420378253731, 0.702181763976463, 0.6926030426924317, 0.6951476438344426, 0.6940641921969908, 0.7000177731386731, 0.6923801956611338, 0.6870165887857073, 0.6769128344583369, 0.6773168055276853, 0.6544872838094382, 0.641392172645415, 0.6326228253468972]}
