{"best_test_loss": 0.33033960145017294, "epoch_time_hist": [26.34518337249756, 26.01321578025818, 25.13051676750183, 26.089196920394897, 28.749627828598022, 28.22113823890686, 26.825764656066895, 27.006884813308716, 28.298107862472534, 28.998648166656494, 25.45707106590271, 24.146376371383667, 24.215829849243164, 24.054231882095337, 26.45163893699646, 26.209404706954956, 25.95797896385193, 26.093019247055054, 29.485135793685913, 27.15168833732605, 21.653416633605957, 24.17597270011902, 20.398412466049194, 21.738722324371338, 24.77730441093445], "time_till_best_val_loss": 618.8671836853027, "val_loss_hist": [0.43938957672215984, 0.4316153181563025, 0.43967751171481323, 0.43190325365874166, 0.36625395910261294, 0.44428448026362555, 0.4653037719416843, 0.4134753815934356, 0.35588828101480313, 0.33458105389876114, 0.4062769939416563, 0.43996544785639474, 0.4471638352880172, 0.4391016412197207, 0.43276706016605915, 0.33256550531723106, 0.35560034551236397, 0.3305499568001569, 0.43766196370752486, 0.4042614454245822, 0.44514828677094304, 0.3167290526830772, 0.43132738265386333, 0.44514828677094304, 0.31097034263429396, 0.3193204722050297]}
