{"best_test_loss": 0.0754981756925204, "epoch_time_hist": [44.68414664268494, 44.81370306015015, 44.89098882675171, 44.56484603881836, 44.88453006744385, 44.81368708610535, 45.042521953582764, 44.763203144073486, 44.82177186012268, 44.872588872909546, 44.949727058410645, 44.92788052558899, 45.136497497558594, 45.081037521362305, 44.73806118965149, 45.04295516014099, 44.89733576774597, 45.00390815734863, 45.08928179740906, 45.21060538291931, 45.134289264678955, 45.12842130661011, 44.506974935531616, 44.285438537597656, 44.56401515007019], "time_till_best_val_loss": 672.9851913452148, "val_loss_hist": [0.4123236394146312, 0.13936078318055398, 0.13187446011713577, 0.10883961992200289, 0.094730780302484, 0.0866685862341875, 0.09156348977565323, 0.08897207025370078, 0.08580477972687, 0.09444284480004483, 0.09876187733663226, 0.09271523178540987, 0.10739994240980709, 0.094730780302484, 0.08926000575613995, 0.0806219406829651, 0.09357903829272736, 0.08206161819516092, 0.08926000575613995, 0.0918514252780924, 0.09213936078053155, 0.08983587676101826, 0.10221710336590219, 0.09761013532687561, 0.103656780878098, 0.09761013532687561]}
