{"best_test_loss": 0.1338759471428321, "epoch_time_hist": [1.2228152751922607, 1.424529790878296, 1.4067943096160889, 1.5901455879211426, 1.6665420532226562, 1.7260191440582275, 1.6450071334838867, 1.748936653137207, 1.8002068996429443, 1.5849201679229736, 1.6129624843597412, 1.6284866333007812, 1.6985576152801514, 1.5005733966827393, 1.633230209350586, 1.454869031906128, 1.4086816310882568, 1.457306146621704, 1.3833935260772705, 1.367197036743164, 1.4792108535766602, 1.5228850841522217, 1.5173089504241943, 1.483778715133667, 1.4908866882324219], "time_till_best_val_loss": 20.755923748016357, "val_loss_hist": [0.4278721566245934, 0.46156061040997526, 0.2257414339123023, 0.2035704001375414, 0.17477684998057078, 0.18024762452691484, 0.1635473653854435, 0.14166426720006725, 0.1592283328488561, 0.16556291390251762, 0.15750071983422112, 0.16613878490739595, 0.12525194356103508, 0.12352433031785572, 0.13331413762933159, 0.14713504174641132, 0.15231788079031622, 0.15231788079031622, 0.17304923696593583, 0.17218543045861834, 0.1635473653854435, 0.15951626835129526, 0.16988194643910504, 0.16988194643910504, 0.16988194643910504, 0.16988194643910504]}
