{"best_test_loss": 0.40527645241635485, "epoch_time_hist": [30.506709098815918, 29.99935483932495, 34.914138317108154, 34.624292612075806, 31.365896701812744, 29.412233352661133, 29.88045859336853, 29.83512544631958, 26.599212169647217, 26.825300455093384, 26.47247338294983, 25.048211097717285, 25.44679307937622, 26.248892068862915, 26.012487649917603, 26.538344860076904, 26.78529405593872, 25.883751392364502, 25.49421453475952, 25.536200523376465, 25.79405426979065, 25.556994438171387, 25.54931950569153, 25.69829535484314, 25.84109115600586], "time_till_best_val_loss": 190.8226249217987, "val_loss_hist": [0.4131874460001962, 0.43622228619532905, 0.44313273825386895, 0.46443996543436683, 0.4572415778733878, 0.42096170456605353, 0.3754678951806661, 0.42384105959044516, 0.464727900936806, 0.45925712639046196, 0.4621364814148536, 0.43996544772703816, 0.4402533832294773, 0.4402533832294773, 0.47451770801973747, 0.4955369992053871, 0.49236970917096545, 0.45349841634167876, 0.4494673193075305, 0.4494673193075305, 0.45349841634167876, 0.45349841634167876, 0.45349841634167876, 0.45349841634167876, 0.45349841634167876, 0.45349841634167876]}
