{"best_test_loss": 0.35276491418270867, "epoch_time_hist": [32.23160099983215, 30.143274545669556, 29.69658374786377, 31.147093296051025, 30.84667205810547, 32.75967001914978, 31.9041805267334, 31.733790159225464, 36.00625801086426, 36.08934736251831, 32.72387504577637, 33.08622741699219, 30.331650495529175, 29.22378897666931, 33.252071380615234, 30.79569911956787, 26.745883226394653, 33.53815937042236, 24.29410409927368, 23.286925554275513, 19.34545588493347, 21.053789377212524, 18.217368602752686, 18.501023530960083, 18.640678882598877], "time_till_best_val_loss": 447.9240126609802, "val_loss_hist": [0.3848330422453066, 0.39530277305050077, 0.41680814939397826, 0.3619128466224699, 0.4015280135709811, 0.3887945670518168, 0.35257498569275386, 0.35540464062378596, 0.37238256931600505, 0.40011318629854864, 0.4139784947113934, 0.35002829653791656, 0.33984153885948215, 0.3307866440200683, 0.3293718166290501, 0.3353140916713267, 0.3375778154969559, 0.3378607809751596, 0.45302773060404566, 0.46208262590656246, 0.45642331634248945, 0.4541595925168602, 0.4615166949501552, 0.33729485001875226, 0.3520090546812853, 0.3375778154969559]}
