{"best_test_loss": 0.0743666577173277, "epoch_time_hist": [72.57069635391235, 72.13269805908203, 73.0586576461792, 73.19259762763977, 73.3467309474945, 73.34370446205139, 73.2448673248291, 73.37109017372131, 73.25571393966675, 72.93912267684937, 73.21695137023926, 73.34879231452942, 73.24572849273682, 73.46147680282593, 73.26832318305969, 73.29251217842102, 73.46088671684265, 73.69164109230042, 73.47835922241211, 73.13001465797424, 73.42370200157166, 73.51986169815063, 73.26463890075684, 73.4470283985138, 73.59893298149109], "time_till_best_val_loss": 1831.3047292232513, "val_loss_hist": [0.4131295981773308, 0.19468024900411204, 0.09705715922475194, 0.09139784945977936, 0.08602150537390998, 0.08092812676624425, 0.07385398981115297, 0.07385398981115297, 0.06932654215989456, 0.07187323146372741, 0.07441992076756028, 0.08149405787109465, 0.08319185059187346, 0.10101867581687575, 0.07385398981115297, 0.07668364459318949, 0.11205432936864589, 0.08602150528283031, 0.08715336728672458, 0.08092812685356926, 0.06508205998683979, 0.06338426711761788, 0.06395019791508384, 0.06366723239015282, 0.061686474356411766, 0.060837577813785015]}
