{"best_test_loss": 0.11223099972453743, "epoch_time_hist": [1.157533884048462, 1.3218955993652344, 1.1946923732757568, 1.5530152320861816, 1.6915113925933838, 1.5806400775909424, 1.638498067855835, 1.735381841659546, 1.8185296058654785, 1.6257705688476562, 1.7168681621551514, 1.6570580005645752, 1.6786868572235107, 1.4663145542144775, 1.5810589790344238, 1.497331142425537, 1.6014714241027832, 1.5969703197479248, 1.6413919925689697, 1.5608782768249512, 1.522881031036377, 1.5619525909423828, 1.5468544960021973, 1.597640037536621, 1.6003947257995605], "time_till_best_val_loss": 17.034336805343628, "val_loss_hist": [0.4187889077334457, 0.43463497435643084, 0.2541029994268788, 0.18704018109261347, 0.1938313460007103, 0.17798528579009662, 0.15308432370817532, 0.11997736275834812, 0.1242218449314029, 0.11290322580325685, 0.13186191284290147, 0.10101867571870349, 0.10328239968281071, 0.10130164132845507, 0.13016411997367958, 0.1434634974492512, 0.1561969439684155, 0.16411997735811773, 0.17091114883500536, 0.17147707979141266, 0.16157328805428486, 0.1873231465708171, 0.1873231465708171, 0.1873231465708171, 0.1873231465708171, 0.1873231465708171]}
