{"best_test_loss": 0.40125306454913506, "epoch_time_hist": [38.84936285018921, 41.70595836639404, 36.74269914627075, 37.062565326690674, 36.85447597503662, 34.89352607727051, 32.48895525932312, 33.60079526901245, 35.7941689491272, 35.73350644111633, 34.74705195426941, 33.79280400276184, 35.395649433135986, 34.58716106414795, 34.81688070297241, 34.508517265319824, 34.41100811958313, 35.26999378204346, 34.60807156562805, 35.01650619506836, 34.78284740447998, 35.064096450805664, 35.47458028793335, 36.06955909729004, 35.05419397354126], "time_till_best_val_loss": 38.84936285018921, "val_loss_hist": [0.4074702886132578, 0.3848330484418052, 0.47481607229046185, 0.46576117712320997, 0.4380305590939939, 0.4567062818206931, 0.46179966042835885, 0.4584040746475626, 0.45642331634248945, 0.4637804187757844, 0.4717034378529296, 0.46236559138476613, 0.4521788338997463, 0.4496321448656018, 0.45161290310688146, 0.45189586869123105, 0.45472552347326756, 0.45359366156045294, 0.4501980758220091, 0.44963214486533665, 0.4451046972143434, 0.44595359364895437, 0.4439728353015288, 0.4434069043451215, 0.4434069043451215, 0.4434069043451215]}
