{"best_test_loss": 0.3428731761968891, "epoch_time_hist": [44.350250005722046, 42.4310028553009, 40.59210276603699, 43.85994052886963, 43.083664417266846, 45.48316311836243, 45.104695558547974, 48.42502975463867, 50.72254991531372, 47.01392936706543, 42.637179136276245, 40.12841773033142, 38.68178606033325, 36.80003333091736, 46.928131103515625, 63.09060764312744, 46.08390212059021, 47.70880603790283, 47.18426752090454, 49.02789068222046, 38.30294322967529, 33.52561283111572, 31.898557424545288, 34.25560665130615, 49.093518018722534], "time_till_best_val_loss": 860.3094589710236, "val_loss_hist": [0.4384531590294539, 0.4569716775474681, 0.4594226579395582, 0.3496732029899263, 0.43736383441074717, 0.42647058822368, 0.40604575162292905, 0.39297385619844843, 0.4041394334191339, 0.3442265795113228, 0.38725490195023815, 0.43627450979204047, 0.3553921568530667, 0.3259803921479853, 0.3671023965041639, 0.3700980392219198, 0.3455882352847062, 0.33986928103649594, 0.3300653594681355, 0.3229847494465418, 0.3649237472667505, 0.3444989106659995, 0.33333333332425563, 0.33333333332425563, 0.35212418299694653, 0.33714596948972914]}
