{"best_test_loss": 0.08080808080581348, "epoch_time_hist": [154.86685061454773, 155.39998531341553, 155.34039330482483, 155.7369248867035, 155.2179820537567, 155.27369952201843, 155.88151693344116, 154.66551733016968, 153.37035036087036, 154.73290491104126, 152.7279977798462, 154.57821559906006], "time_till_best_val_loss": 1395.753220319748, "val_loss_hist": [0.41802832242870297, 0.21105664487442657, 0.11819172112967888, 0.12254901960450575, 0.12282135075918243, 0.09259259267208801, 0.09940087158150153, 0.09313725505500438, 0.09912854030231132, 0.07870370393417905, 0.09422657951813108, 0.08442265794977062, 0.1122004369285224]}
