{"best_test_loss": 0.12794612794253798, "epoch_time_hist": [1.4199390411376953, 1.465116024017334, 1.0660181045532227, 1.4939806461334229, 1.6725187301635742, 1.7853808403015137, 1.848731517791748, 1.9823691844940186, 1.8183753490447998, 1.8425683975219727, 1.6676595211029053, 1.9612576961517334, 1.9208390712738037, 1.9140851497650146, 1.9619710445404053, 1.8347876071929932, 1.7695558071136475, 1.7041940689086914, 1.775343418121338, 1.8953676223754883, 1.9259610176086426, 1.8410289287567139, 1.745577096939087, 1.7799444198608398, 1.7804467678070068], "time_till_best_val_loss": 18.062657356262207, "val_loss_hist": [0.3736383442164042, 0.41557734203661284, 0.4038671023855156, 0.2870370370292201, 0.1947167755938258, 0.15550108966224868, 0.16421568627003771, 0.15686274509376735, 0.12717864481155425, 0.12962962962609942, 0.16230936831181447, 0.12418300665707936, 0.14025054483134317, 0.15795206971247408, 0.18164488031226167, 0.19934640522332936, 0.18464052287078866, 0.19498910674850248, 0.19880174291397598, 0.20016339868735938, 0.20506535947153962, 0.19008714596432225, 0.21296296295716333, 0.21296296295716333, 0.19498910674850248, 0.20751633986362975]}
