{"best_test_loss": 0.37514029179643266, "epoch_time_hist": [51.72264122962952, 54.730233669281006, 49.47000980377197, 50.3422589302063, 50.252105951309204, 50.600006341934204, 54.004239320755005, 51.43572783470154, 46.5411171913147, 43.672266721725464, 45.39258050918579, 44.72829270362854, 43.69687819480896, 44.33348321914673, 43.01413178443909, 43.87283682823181, 43.63724374771118, 44.644914388656616, 44.43146538734436, 44.80823826789856, 44.96714162826538, 44.906113147735596, 44.17422413825989, 45.0578670501709, 44.72855091094971], "time_till_best_val_loss": 106.45287489891052, "val_loss_hist": [0.37445533768043426, 0.4643246186137149, 0.3709150326696374, 0.4294662280103048, 0.4528867083571, 0.4730392156733922, 0.434095860554627, 0.3845315904034714, 0.43355119824527366, 0.462145969486325, 0.46568627449712185, 0.46377995653427456, 0.48284313724175265, 0.48011982569498585, 0.4795751633856325, 0.4754901960654823, 0.46949891066259536, 0.46595860565179853, 0.46405228733724047, 0.46677559911582855, 0.4637799564143851, 0.4607843137129416, 0.4596949890942349, 0.45833333314696545, 0.4569716775474681, 0.4569716775474681]}
