{"best_test_loss": 0.3608382449128737, "epoch_time_hist": [9.93943738937378, 9.736652612686157, 8.82089877128601, 8.615937948226929, 8.15889573097229, 8.79526948928833, 8.699723482131958, 8.467658042907715, 8.398061752319336, 7.766155004501343, 7.250406503677368, 6.918900966644287, 6.561054706573486, 6.853733062744141, 5.73640775680542, 5.7686004638671875, 5.1889379024505615, 4.9438087940216064, 4.713087320327759, 4.318659067153931, 4.583020925521851, 4.511697292327881, 4.524885177612305, 4.609507322311401, 4.702391862869263], "time_till_best_val_loss": 28.496988773345947, "val_loss_hist": [0.4096016343067892, 0.4017705141163851, 0.36636023151629693, 0.3476336398053697, 0.3541028260008818, 0.36806264894899343, 0.3779366700586334, 0.39053455906058787, 0.4089206673337106, 0.36363636362398244, 0.35852911132589277, 0.3942798774125203, 0.37521280216631897, 0.3595505617855107, 0.5229826353243793, 0.5229826353243793, 0.5229826353243793, 0.5229826353243793, 0.5229826353243793, 0.5229826353243793, 0.5236636022974579, 0.5236636022974579, 0.5236636022974579, 0.5236636022974579, 0.5236636022974579, 0.5178753830262895]}
