{"best_test_loss": 0.03732809430133176, "epoch_time_hist": [5.941603660583496, 5.516623020172119, 5.587785482406616, 5.579369306564331, 5.583657741546631, 5.493302345275879, 5.601618528366089, 5.564035654067993, 5.598287105560303, 5.617467164993286, 5.596663236618042, 5.59039044380188, 5.653881311416626, 5.594922780990601, 5.595512390136719, 5.614370107650757, 5.5250794887542725, 5.59837794303894, 5.669618368148804, 5.594186782836914, 5.583183288574219, 5.6716132164001465, 5.60855507850647, 5.607217073440552, 5.682125568389893], "time_till_best_val_loss": 112.1167528629303, "val_loss_hist": [0.36329588013744313, 0.055498808249481175, 0.04732720487889279, 0.04664623773165175, 0.059584610144379144, 0.0544773578462895, 0.05311542390013227, 0.07013959822709774, 0.08375893768867011, 0.049029622061660554, 0.052434456927053646, 0.0725229826328729, 0.05958461021882276, 0.0398365679250992, 0.0507320393964265, 0.04868913857512124, 0.040177051411638506, 0.05039155600781779, 0.03983656779579608, 0.040517534974368934, 0.03915560092764508, 0.043241402866683404, 0.03949608443855989, 0.04358188636950288, 0.04119850187125644, 0.04085801838471713]}
