{"best_test_loss": 0.07007203667092102, "epoch_time_hist": [0.9558432102203369, 1.0701086521148682, 1.2111186981201172, 1.2872223854064941, 1.2876031398773193, 1.2863709926605225, 1.224165439605713, 1.226715087890625, 1.243762731552124, 1.3324089050292969, 1.2397205829620361, 1.291595697402954, 1.293064832687378, 1.2722058296203613, 1.3544471263885498, 1.3543899059295654, 1.4174811840057373, 1.4683737754821777, 1.41690993309021, 1.4448738098144531, 1.503706693649292, 1.4846689701080322, 1.4572863578796387, 1.419724702835083, 1.520122766494751], "time_till_best_val_loss": 33.06389141082764, "val_loss_hist": [0.35205992477840625, 0.3418454204854666, 0.27374872317760474, 0.16377255702540783, 0.15423901940230716, 0.13108614231763413, 0.08069458629094049, 0.07456588355210876, 0.06979911460294057, 0.08409942130850477, 0.11950970419394467, 0.11542390193682589, 0.0939734422848494, 0.10248552944833213, 0.11644535256306299, 0.108954715692579, 0.09976166155601765, 0.09499489298248316, 0.08954715695983838, 0.08409942117520942, 0.08478038814828805, 0.08716377255406321, 0.08750425604060251, 0.07524685052518738, 0.07013959826925517, 0.06775621410437416]}
