{"best_test_loss": 0.29273084478412803, "epoch_time_hist": [9.926300525665283, 10.099880933761597, 9.73873519897461, 8.177399635314941, 8.416839599609375, 8.55252480506897, 8.883357048034668, 9.302911758422852, 9.351708173751831, 8.676550149917603, 8.108041286468506, 8.16723370552063, 8.129609107971191, 8.3207848072052, 8.305223226547241, 8.266502380371094, 8.326325178146362, 8.19403338432312, 8.042958974838257, 8.191120147705078, 8.02115797996521, 8.09361219406128, 8.223171472549438, 7.988385438919067, 8.090108394622803], "time_till_best_val_loss": 9.926300525665283, "val_loss_hist": [0.35308137554126384, 0.2832822608007054, 0.3115423901834681, 0.3629553966509038, 0.3541028260008818, 0.36431733059706106, 0.38474633978941963, 0.3997276131971492, 0.39734422856860036, 0.381681985735998, 0.3738508682201617, 0.37112700032784723, 0.3724889342740045, 0.37180796730092586, 0.37112700032784723, 0.3707865168413079, 0.3728294177605438, 0.37453183519324035, 0.3728294177605438, 0.37419135170670104, 0.37419135170670104, 0.37419135170670104, 0.3731699012470831, 0.3707865168413079, 0.3707865168413079, 0.3707865168413079]}
