{"best_test_loss": 0.8091190402811186, "epoch_time_hist": [28.728564977645874, 28.212265253067017, 28.130707502365112, 27.736151218414307, 27.66248917579651, 27.802488803863525, 27.57029676437378, 27.61281704902649, 27.45179319381714, 27.4869863986969, 27.361738920211792, 27.39897918701172, 27.58951210975647, 27.269843578338623, 27.34605884552002, 27.312549591064453, 27.431140661239624, 27.40602421760559, 27.599222898483276, 27.493582725524902, 27.14041757583618, 27.366620779037476, 27.308923721313477, 27.118635654449463, 27.083104133605957, 27.00700855255127, 27.15601134300232, 26.915602922439575, 26.912519216537476, 27.08770513534546, 27.12513518333435, 27.098955392837524, 27.284701347351074, 27.428826570510864, 26.958739280700684, 26.97350263595581, 27.120367288589478, 27.009177207946777, 26.918486833572388, 27.026986598968506, 27.13463258743286, 26.90113401412964, 27.084836721420288, 27.337170839309692, 27.070680856704712, 27.25430727005005, 27.513540029525757, 27.78502321243286, 27.64275550842285, 27.533509731292725, 27.624082565307617, 27.505561590194702, 27.43314266204834, 27.405869245529175, 27.514572381973267, 27.57813334465027, 27.454991817474365, 27.638832092285156, 27.852657794952393, 27.570438861846924, 27.439963817596436, 27.429328441619873, 27.503931045532227, 27.5786075592041, 27.445756912231445, 27.7157564163208], "time_till_best_val_loss": 552.6032130718231, "val_acc_hist": [0.0, 0.0, 0.0, 0.0, 0.0, 0.0, 0.0, 0.0, 0.0, 0.0, 0.0, 0.0, 0.0, 0.0, 0.0, 0.0, 0.0, 0.0, 0.0, 0.0, 0.0, 0.0, 0.0, 0.0, 0.0, 0.0, 0.0, 0.0, 0.0, 0.0, 0.0, 0.0, 0.0, 0.0, 0.0, 0.0, 0.0, 0.0, 0.0, 0.0, 0.0, 0.0, 0.0, 0.0, 0.0, 0.0, 0.0, 0.0, 0.0, 0.0, 0.0, 0.0, 0.0, 0.0, 0.0, 0.0, 0.0, 0.0, 0.0, 0.0, 0.0, 0.0, 0.0, 0.0, 0.0, 0.0, 0.0], "val_loss_hist": [0.8972263083076201, 0.9472088083077637, 0.9839821721530215, 0.9844610610707457, 0.9927608525238517, 0.9950822268745836, 0.9829112854511024, 0.9663352866758492, 0.9282965780488339, 0.9161619807271951, 0.9045596981502846, 0.8907080166588156, 0.8686807885626173, 0.8576597714386635, 0.8583021497787986, 0.8556001220898359, 0.8530007828353615, 0.8491587746019825, 0.8446073142697497, 0.8369634327806906, 0.8353922937158199, 0.8464181060743137, 0.8485964519472926, 0.8406016692032369, 0.8481400933566368, 0.8557601869742423, 0.8567354314215994, 0.8588467721377253, 0.8578005060239606, 0.8580366732419271, 0.858162073787796, 0.8584230559882187, 0.857541424336418, 0.857541424336418, 0.857541424336418, 0.857541424336418, 0.8561155605444231, 0.8546048583213849, 0.8542186041958071, 0.8542186041958071, 0.8544597675493091, 0.8554547027856113, 0.8559276176059077, 0.8559276176059077, 0.8559276176059077, 0.8558567840971156, 0.8558567840971156, 0.8558930935100557, 0.8558930935100557, 0.8558930935100557, 0.8558930935100557, 0.8558930935100557, 0.8558930935100557, 0.855767692964187, 0.855767692964187, 0.855767692964187, 0.855767692964187, 0.855767692964187, 0.855767692964187, 0.855767692964187, 0.855767692964187, 0.855767692964187, 0.855767692964187, 0.855767692964187, 0.855767692964187, 0.855767692964187, 0.855767692964187]}
