{"best_test_loss": 0.12320690995345929, "epoch_time_hist": [55.538689613342285, 55.62648129463196, 56.05885624885559, 55.72854661941528, 56.33874988555908, 56.414838552474976, 56.56062912940979, 56.535438537597656, 56.565086126327515, 56.31275701522827, 56.40740489959717, 56.509199142456055, 56.43959069252014, 56.4699022769928, 56.59921622276306, 56.4865779876709, 56.6212420463562, 56.43315935134888, 56.56974482536316, 56.61250853538513, 56.12629175186157, 56.63912296295166, 56.65451145172119, 56.566147804260254, 56.639906883239746, 56.51500082015991, 56.33456587791443, 56.18923759460449, 56.41954493522644, 56.471394538879395, 56.47493577003479, 56.620965242385864], "time_till_best_val_loss": 731.0362677574158, "val_acc_hist": [0.0, 0.0, 0.0, 0.0, 0.0, 0.0, 0.0, 0.0, 0.0, 0.0, 0.005, 0.005, 0.0, 0.0, 0.0, 0.0, 0.005, 0.0, 0.0, 0.0, 0.0, 0.0, 0.0, 0.0, 0.0, 0.0, 0.0, 0.0, 0.0, 0.0, 0.0, 0.0, 0.0], "val_loss_hist": [0.8424200173984293, 0.3152206111065837, 0.20476026734601102, 0.1720820533468967, 0.1631919625584131, 0.15393589162097102, 0.1381328836680479, 0.13725160808132372, 0.13881078936277055, 0.13583144047017542, 0.12628930179796036, 0.12350634432189922, 0.12573168592231554, 0.11825218759985276, 0.12444108440493382, 0.12474907996099868, 0.12070771639382392, 0.12097374089786789, 0.12708106044418888, 0.1224128290157302, 0.12421469415125687, 0.12415660668768498, 0.12170174839681933, 0.12550559903116335, 0.12646424904412695, 0.1267281082252327, 0.12645357304532526, 0.125630762964892, 0.12396489685294002, 0.12240932029873133, 0.12264880379929992, 0.12287193499418743, 0.12270654559245942]}
