{"best_test_loss": 0.11819192818130239, "epoch_time_hist": [1.8760380744934082, 2.3301453590393066, 2.676240921020508, 2.817842721939087, 2.797001600265503, 2.8837389945983887, 2.83457350730896, 2.893238067626953, 2.882115125656128, 2.9612295627593994, 2.9887609481811523, 3.013441324234009, 3.0237555503845215, 2.89526104927063, 2.9739303588867188, 3.0704827308654785, 2.950399160385132, 3.038825035095215, 2.9661223888397217, 3.0302820205688477, 2.9815475940704346, 3.0530011653900146, 2.9836010932922363, 3.0413131713867188, 3.0631163120269775, 2.9790642261505127, 2.9734137058258057, 3.0155181884765625, 3.01737904548645, 3.0007927417755127, 3.0395452976226807, 2.9933829307556152, 2.9721343517303467, 3.0096840858459473, 2.994306802749634, 3.0022940635681152, 3.035932779312134, 3.0734305381774902, 2.9761016368865967, 2.933298349380493, 3.0575828552246094, 3.0097477436065674, 3.043645143508911, 2.997645854949951, 3.035693645477295, 3.0221638679504395, 3.018202781677246, 3.0147345066070557, 2.996748447418213, 3.08705997467041, 2.9806265830993652, 3.0210206508636475, 3.008629560470581, 3.0077059268951416, 2.9730124473571777, 3.0525715351104736, 3.021764039993286, 2.9806249141693115, 3.0312533378601074, 3.0920979976654053, 3.0221729278564453, 2.980161666870117, 3.052216053009033, 2.9878835678100586, 3.012240409851074, 3.007378101348877, 3.0057880878448486, 2.999054431915283, 2.9391956329345703, 3.0832901000976562, 3.0525927543640137, 3.0109498500823975, 3.063448667526245, 2.9899847507476807, 3.012266159057617, 2.996394157409668, 2.983926296234131, 2.9873149394989014, 2.985053300857544, 2.992936849594116, 3.017328977584839, 3.0266964435577393, 3.0528507232666016, 2.9946963787078857, 3.0146431922912598, 3.0123395919799805, 3.0435402393341064, 3.035693883895874, 3.048408269882202, 2.9961812496185303, 3.058675527572632, 3.0553879737854004, 3.0013673305511475, 3.0100412368774414, 3.0547471046447754, 3.0312373638153076, 3.034026622772217, 3.0434868335723877, 3.055969476699829, 3.0116403102874756], "time_till_best_val_loss": 225.70983171463013, "val_acc_hist": [0.0, 0.0, 0.0, 0.0, 0.0, 0.0, 0.0, 0.0, 0.0, 0.0, 0.0, 0.0, 0.0, 0.0, 0.0, 0.0, 0.0, 0.0, 0.0, 0.0, 0.0, 0.0, 0.0, 0.0, 0.01, 0.005, 0.01, 0.0, 0.005, 0.0, 0.005, 0.0, 0.0, 0.0, 0.005, 0.005, 0.01, 0.0, 0.0, 0.005, 0.0, 0.0, 0.005, 0.0, 0.0, 0.0, 0.005, 0.01, 0.0, 0.0, 0.0, 0.005, 0.005, 0.0, 0.0, 0.0, 0.0, 0.0, 0.005, 0.005, 0.0, 0.0, 0.01, 0.0, 0.0, 0.0, 0.0, 0.0, 0.0, 0.0, 0.005, 0.005, 0.0, 0.0, 0.0, 0.0, 0.0, 0.0, 0.0, 0.0, 0.0, 0.0, 0.0, 0.0, 0.0, 0.0, 0.0, 0.0, 0.0, 0.0, 0.0, 0.0, 0.0, 0.0, 0.0, 0.0, 0.0, 0.0, 0.0, 0.0, 0.0], "val_loss_hist": [0.8264233110006199, 0.7265901381471702, 0.6881711405242433, 0.642740281618964, 0.5660627757245832, 0.5879588141957178, 0.4875953687032842, 0.4432739027916338, 0.38980215476809066, 0.3160452544699508, 0.3032752936544491, 0.29462795932742236, 0.2332052219864682, 0.23803698202786433, 0.20876429699941074, 0.20931162080990912, 0.23619224970856237, 0.2527836993090655, 0.22699869561388777, 0.19739649186064856, 0.22476058706418728, 0.2150460720852073, 0.19444238741559355, 0.1937864752095712, 0.16671245244520397, 0.19180903930765003, 0.18862269358477388, 0.17316237282976907, 0.17874099893945547, 0.16393263421213358, 0.15665496825111463, 0.17847365542269283, 0.1826756241178243, 0.17806712716690684, 0.17227612751019186, 0.1646903845952631, 0.16307901807120934, 0.1724379164931626, 0.1594249004539087, 0.16648014495000032, 0.1703946133181069, 0.15746076322043448, 0.13103924781416623, 0.12837659144869326, 0.13244250320465664, 0.12765709011402263, 0.12441150088924169, 0.12127237587990365, 0.11962250409549928, 0.11345556844538435, 0.11571005688096243, 0.11913683904170781, 0.11418305786133182, 0.11566333203405685, 0.11296160223256467, 0.11473680107376308, 0.11683383347271216, 0.11792639024337476, 0.11230359339285424, 0.11403769458264683, 0.11499784317100435, 0.11814387363774079, 0.1139595562864728, 0.11523692985231006, 0.11522008290842613, 0.11444794639022585, 0.11589947644822744, 0.11666490440437356, 0.11819600733819777, 0.11353450692212452, 0.11342312509484696, 0.11342909629218183, 0.11283421524517201, 0.1127261808468983, 0.1121674800924954, 0.11216784299318429, 0.11174287331209715, 0.11368160692058447, 0.11335381590433079, 0.11466646764624798, 0.11372285695001272, 0.11426910966098086, 0.11454462489789967, 0.11420623970512722, 0.11506585506218753, 0.11293126945484384, 0.1143363778440178, 0.11285537141231335, 0.11292791524086283, 0.11337489926842723, 0.11351569624246827, 0.11367674162164897, 0.11388281874450848, 0.11324821340707758, 0.11385369391335884, 0.11381910530517018, 0.11381910530517018, 0.11381910530517018, 0.11475018981031684, 0.11475018981031684, 0.11475018981031684]}
