{"best_test_loss": 0.4484615889269451, "epoch_time_hist": [33.59737706184387, 33.41429781913757, 33.18892049789429, 33.19890332221985, 33.384737491607666, 33.27459907531738, 33.09666466712952, 33.25070905685425, 33.1524875164032, 33.16310477256775, 32.93741154670715, 33.04068326950073, 33.118772983551025, 33.01982641220093, 32.96970772743225, 32.928191900253296, 33.02411651611328, 33.01450514793396, 32.885828495025635, 34.07453536987305, 32.90954780578613, 32.99933838844299, 33.02274417877197, 32.84632635116577, 32.79688358306885, 33.04160451889038, 32.71780610084534, 32.777517795562744, 32.83520483970642, 32.722734212875366, 32.8114812374115, 32.738566398620605, 32.60047626495361, 33.07218074798584, 32.62971234321594, 32.53821516036987, 32.6678421497345, 32.739136934280396, 32.47446537017822, 32.69949436187744, 32.600785970687866, 32.70091676712036, 32.56896114349365, 32.546632289886475, 32.57979202270508, 32.4710738658905, 32.66233825683594, 32.524569034576416, 32.46422839164734, 32.60989856719971, 32.45971155166626, 32.73895025253296, 32.556090354919434, 32.626214027404785, 32.5574893951416], "time_till_best_val_loss": 1514.8448214530945, "val_acc_hist": [0.0, 0.0, 0.0, 0.0, 0.0, 0.0, 0.0, 0.0, 0.0, 0.0, 0.0, 0.0, 0.0, 0.0, 0.0, 0.0, 0.0, 0.0, 0.0, 0.0, 0.0, 0.0, 0.0, 0.0, 0.0, 0.0, 0.0, 0.0, 0.0, 0.0, 0.0, 0.0, 0.0, 0.0, 0.0, 0.0, 0.0, 0.0, 0.0, 0.0, 0.0, 0.0, 0.0, 0.0, 0.0, 0.0, 0.0, 0.0, 0.0, 0.0, 0.0, 0.0, 0.0, 0.0, 0.0, 0.0], "val_loss_hist": [0.9096037887767718, 0.8819188079581322, 0.8946020959755584, 0.8748393323401036, 0.8487359167497737, 0.8404693181680202, 0.8365274856074314, 0.8327845088755649, 0.8270791805385573, 0.8014396416117062, 0.7726127373801929, 0.7461079455623633, 0.7163032291437872, 0.7004676142567755, 0.6970318538179371, 0.6710908824334934, 0.6481406361602455, 0.623752118933114, 0.6162524574369043, 0.6096309442068447, 0.5853091312003231, 0.5742330427902193, 0.5565445991885959, 0.5591982130002641, 0.5514894152362251, 0.5444254507938779, 0.5589027241777635, 0.5486864990554413, 0.5263127810167729, 0.5131218568545873, 0.5091956160218749, 0.499608878631379, 0.5086113728450771, 0.509505315199403, 0.5044618295100235, 0.4929900789134674, 0.4950302631618913, 0.5049686969862859, 0.49496542373333874, 0.4816311918413683, 0.468054105251436, 0.4581637603030458, 0.453178953366966, 0.4493471860582989, 0.451003376171718, 0.4480016619177645, 0.4458143740766227, 0.4459172996244133, 0.4488055328689495, 0.4469828076409836, 0.4567209213225003, 0.47002941334479376, 0.4711670046501028, 0.47472883127455145, 0.47645828195040907, 0.48017043146300165]}
