{"best_test_loss": 0.5502984744516848, "epoch_time_hist": [31.144426822662354, 31.573387145996094, 30.93413805961609, 30.5307457447052, 30.549786806106567, 30.13907790184021, 29.14542269706726, 27.898836374282837, 28.47000551223755, 29.099292993545532, 29.026412963867188, 28.8587007522583, 26.464054584503174, 26.629292726516724, 29.1598117351532, 31.92569398880005, 40.240076541900635, 43.554381132125854, 41.01018404960632, 43.54164218902588, 60.64181995391846, 76.75392031669617, 46.6504180431366, 30.180221796035767, 21.99875831604004], "time_till_best_val_loss": 700.5371906757355, "val_loss_hist": [0.6791346542523427, 0.6795390213994013, 0.6942984229982384, 0.6947027900295583, 0.6817630408272995, 0.7171451677978742, 0.7171451677978742, 0.7110796603172043, 0.6668014557083137, 0.6645774364421027, 0.6613424989757108, 0.6763040840946967, 0.6562879094084859, 0.65143550342395, 0.6526486049200839, 0.5812778002308678, 0.6077638495631265, 0.5946219166883416, 0.5901738778691837, 0.6079660331458155, 0.5972503033263706, 0.57480792558482, 0.6174686615321984, 0.6196926809417773, 0.7033966841750223, 0.7056207035846013]}
