{"best_test_loss": 0.23281008179896506, "epoch_time_hist": [57.82978796958923, 57.806697845458984, 57.90215539932251, 57.99339842796326, 58.06019115447998, 57.92026686668396, 57.80391073226929, 57.9937949180603, 57.92859888076782, 57.452306032180786, 57.30645155906677, 57.02979016304016, 58.02426600456238, 58.02175807952881, 58.04991292953491, 58.211037158966064, 58.04448056221008, 58.271514654159546, 58.02974009513855, 58.03564476966858, 58.160550355911255, 58.082966804504395, 58.151601791381836, 58.24868893623352, 57.833146810531616], "time_till_best_val_loss": 521.2388021945953, "val_loss_hist": [0.6607359482276438, 0.4484431862339137, 0.34411645773667376, 0.29539021430862533, 0.26283865749569674, 0.2503032753689789, 0.24727052162864396, 0.242620299226797, 0.24120501414797402, 0.2268499797770552, 0.24848362312477792, 0.2333198543794953, 0.24039627981721803, 0.2589971694246058, 0.2517185604478019, 0.25333602910931385, 0.24807925595939995, 0.2347351395019261, 0.24848362312477792, 0.2602102709207398, 0.2531338455266249, 0.25475131418813685, 0.2539425798573809, 0.25475131418813685, 0.24969672462091191, 0.24666397088057695]}
