{"best_test_loss": 0.4855184611875853, "epoch_time_hist": [1.1608705520629883, 1.2385363578796387, 1.3380305767059326, 1.4228010177612305, 1.445133924484253, 1.4219238758087158, 1.3597800731658936, 1.1160447597503662, 0.9862596988677979, 0.8561062812805176, 0.7765016555786133, 0.8170042037963867, 0.898242712020874, 0.8564505577087402, 0.8129518032073975, 0.9221723079681396, 1.015740156173706, 1.0466959476470947, 0.995598316192627, 0.9185788631439209, 0.9786210060119629, 1.0028753280639648, 0.995699405670166, 1.0545549392700195, 1.0272080898284912], "time_till_best_val_loss": 12.345487117767334, "val_loss_hist": [0.6213101495150423, 0.6461787298189963, 0.6560857258337902, 0.6570966437392419, 0.6635665183852898, 0.6370804690530312, 0.6077638495631265, 0.5966437525152316, 0.5521633630874553, 0.5260816821567715, 0.5093004447935847, 0.5414476344411353, 0.56065507479659, 0.5994743226728776, 0.5986655883421216, 0.6029114435785906, 0.5845127375538918, 0.6027092599959015, 0.6012939749170786, 0.5845127375538918, 0.5808734330654899, 0.6047310958227915, 0.6043267286574135, 0.6049332794054806, 0.6049332794054806, 0.6049332794054806]}
