{"best_test_loss": 0.6104355516115314, "epoch_time_hist": [33.80269193649292, 33.54465866088867, 33.00297522544861, 34.08133339881897, 33.41390585899353, 33.64968729019165, 33.46446204185486, 33.705392599105835, 33.15172576904297, 33.57636618614197, 33.21530079841614, 33.25355863571167, 33.52363109588623, 33.494248390197754, 33.221731662750244, 33.72912359237671, 32.94293832778931, 32.7362380027771, 32.17780041694641, 32.97964954376221, 32.35960578918457, 32.56262755393982, 31.92309045791626, 32.53365969657898, 31.89794135093689], "time_till_best_val_loss": 763.5127432346344, "val_loss_hist": [0.6730691467716727, 0.6837848765228038, 0.6761019005120077, 0.6607359482276438, 0.6655883542121798, 0.6661949049602468, 0.6629599676372229, 0.6704407601967157, 0.6779215527562087, 0.6767084512600746, 0.6726647796062947, 0.6688232915352037, 0.6696320258659597, 0.6678123736021433, 0.6564900927491821, 0.6469874643304885, 0.6536595226528752, 0.6552769913561035, 0.6637687012331532, 0.6854023453157015, 0.6793368378350316, 0.6546704397332606, 0.6326324302338732, 0.6281843914147153, 0.6389001212972322, 0.6366761018876531]}
