{"best_test_loss": 0.6432054271646555, "epoch_time_hist": [18.023212671279907, 17.312124967575073, 17.378581762313843, 17.638957023620605, 16.317123889923096, 16.305541276931763, 15.422873258590698, 15.952922105789185, 15.861515045166016, 14.97588586807251, 13.919119358062744, 13.926432847976685, 14.146159887313843, 14.256953716278076, 14.235874652862549, 14.080966472625732, 14.540884971618652, 14.54722785949707, 14.15000605583191, 14.304901123046875, 14.172109603881836, 14.15896224975586, 14.006703615188599, 14.105104446411133, 14.40101170539856], "time_till_best_val_loss": 35.33533763885498, "val_loss_hist": [0.6041432109749123, 0.6070704796080372, 0.5969376266472205, 0.6163026345278924, 0.6352172933880834, 0.63319072279592, 0.6228326954759194, 0.6126998423640464, 0.6154019363580167, 0.6304886285740446, 0.6316145012242375, 0.634992118877843, 0.6316145012024497, 0.647151542430823, 0.6489529385127459, 0.6401711326133716, 0.6419725286952945, 0.6397207835928908, 0.6419725286952945, 0.641071830654333, 0.640396307123612, 0.641071830654333, 0.640396307123612, 0.6390452600621697, 0.6394956090826505, 0.6394956090826505]}
