{"best_test_loss": 0.1888912444310178, "epoch_time_hist": [19.64973020553589, 18.94633197784424, 18.904325246810913, 18.937362670898438, 18.86484980583191, 18.79643726348877, 18.91079807281494, 18.87555480003357, 18.890084266662598, 18.85615301132202, 18.874537467956543, 18.89787483215332, 18.82476544380188, 18.774377584457397, 18.94095802307129, 18.85387349128723, 18.916029691696167, 18.806878805160522, 18.803441762924194, 18.902717113494873, 18.87386918067932, 18.823244094848633, 18.79520082473755, 18.79259991645813, 18.81529688835144], "time_till_best_val_loss": 208.50616478919983, "val_loss_hist": [0.5501013285172236, 0.28236883593921386, 0.21706822787171656, 0.2130150866873899, 0.20603467686993843, 0.20513397882897694, 0.20130601215489066, 0.2031074082368136, 0.19995496509344846, 0.19837874352176585, 0.19837874352176585, 0.18779554154046846, 0.1929745553452052, 0.19680252195008327, 0.19162350821455476, 0.2107633415849862, 0.19702769646032364, 0.19590182390912178, 0.21931997297412026, 0.19702769646032364, 0.19455077684767957, 0.19635217292960253, 0.20806124746210175, 0.20671020040065954, 0.20288223372657324, 0.20130601215489066]}
