{"best_test_loss": 0.37057451771849487, "epoch_time_hist": [1.021193504333496, 1.1326444149017334, 1.2681190967559814, 1.3194737434387207, 1.360172986984253, 1.2655391693115234, 1.1643333435058594, 1.1218185424804688, 1.1250441074371338, 1.0719575881958008, 0.9693820476531982, 0.9471194744110107, 0.9491431713104248, 0.9157371520996094, 0.9410486221313477, 0.9675893783569336, 0.9539306163787842, 1.0171358585357666, 1.0011582374572754, 0.9582884311676025, 0.9981975555419922, 0.9769747257232666, 0.9907739162445068, 1.0264325141906738, 0.9895980358123779], "time_till_best_val_loss": 10.77833890914917, "val_loss_hist": [0.6244089168965457, 0.6595361404940433, 0.6588606169619304, 0.6534564286979107, 0.6309389777386356, 0.6000900697905857, 0.5579824363756365, 0.5043909029452823, 0.40666516552877385, 0.37311416346829285, 0.3893267282055995, 0.38887637918511875, 0.410943481188675, 0.470614726402373, 0.47489304209694005, 0.4260301733747798, 0.5043909029384285, 0.5019139833257844, 0.505967124510111, 0.5154244539402066, 0.522404863757658, 0.5208286421859755, 0.5084440441227551, 0.5188020715938122, 0.5215041657166967, 0.5215041657166967]}
