{"best_test_loss": 0.6245495017887525, "epoch_time_hist": [20.064679622650146, 19.991548776626587, 19.50472378730774, 19.63270664215088, 19.76801633834839, 19.34061574935913, 19.40748119354248, 19.599981546401978, 19.66554307937622, 19.641443014144897, 19.695842504501343, 19.84005641937256, 19.803568601608276, 19.707352876663208, 20.04797101020813, 19.23934030532837, 19.78470468521118, 19.849754571914673, 19.75062894821167, 19.79316997528076, 19.43582057952881, 19.711925268173218, 19.631959199905396, 19.58390164375305, 19.535345315933228], "time_till_best_val_loss": 20.064679622650146, "val_loss_hist": [0.624634091406786, 0.577797793276789, 0.5940103579359718, 0.6034676874675334, 0.6120243187530079, 0.6541319522482745, 0.6662913758012544, 0.6710200405163022, 0.6599864895145241, 0.6633641071681297, 0.6692186442462686, 0.6611123620657259, 0.6543571267585149, 0.6631389326578893, 0.6595361404940433, 0.6586354424530818, 0.6631389326578893, 0.6626885836374086, 0.6584102679428415, 0.6489529385127459, 0.6476018914513038, 0.6448997973284193, 0.6480522404717844, 0.6489529385127459, 0.6489529385127459, 0.6489529385127459]}
