{"best_test_loss": 0.5113408939122301, "epoch_time_hist": [3.677391767501831, 3.20039439201355, 3.193809986114502, 3.4596567153930664, 3.426297903060913, 3.1535632610321045, 3.124424695968628, 3.0868890285491943, 2.999630928039551, 2.919585943222046, 2.8208041191101074, 2.788564920425415, 2.8989827632904053, 2.8942008018493652, 2.9806644916534424, 2.726996421813965, 2.6393184661865234, 2.5813729763031006, 2.5878562927246094, 2.758272409439087, 3.094085931777954, 3.296607494354248, 3.1055750846862793, 2.596052408218384, 2.5773966312408447], "time_till_best_val_loss": 66.30937170982361, "val_loss_hist": [0.6002728512796651, 0.6030013642400273, 0.6147339699695844, 0.6242837653308517, 0.6357435197643726, 0.6313778990277933, 0.6199181445942724, 0.6278308321793226, 0.6068212823845343, 0.6201909958903086, 0.6130968621933671, 0.6021828103519187, 0.6049113233122807, 0.5885402455501081, 0.6130968621933671, 0.6190995907061637, 0.6493860845661832, 0.6422919508692417, 0.5004092769304118, 0.5369713505992642, 0.5347885402309744, 0.5249658935736708, 0.49522510230572375, 0.5448840381843142, 0.5427012278160246, 0.5347885402309744]}
