{"best_test_loss": 0.11174116077012204, "epoch_time_hist": [4.234405040740967, 3.9493248462677, 3.872715473175049, 3.880276918411255, 3.9397337436676025, 3.886880397796631, 3.883903741836548, 3.9431850910186768, 3.8852181434631348, 3.8568570613861084, 3.9132111072540283, 3.8667917251586914, 3.8658506870269775, 3.949937343597412, 3.883366584777832, 3.8694214820861816, 3.95192813873291, 3.884819507598877, 3.8621621131896973, 3.930607557296753, 3.851137161254883, 3.8419013023376465, 3.9042084217071533, 3.8662056922912598, 3.877342939376831], "time_till_best_val_loss": 12.056445360183716, "val_loss_hist": [0.5165075033965483, 0.14379263301108341, 0.11869031377575197, 0.11541609822331744, 0.1282401091370194, 0.1315143246894539, 0.13478854024188844, 0.1336971350577436, 0.1287858117290918, 0.1309686220973815, 0.12933151432116421, 0.12360163710440378, 0.11841746247971577, 0.1192360163678244, 0.11896316507178818, 0.11869031377575197, 0.12278308321629515, 0.1312414733934177, 0.12742155524891075, 0.1312414733934177, 0.12687585265683832, 0.1216916780321503, 0.1216916780321503, 0.12087312414404167, 0.12496589358458483, 0.1263301500647659]}
