{"best_test_loss": 0.1864576384193977, "epoch_time_hist": [0.9327657222747803, 1.0570459365844727, 1.205198049545288, 1.237969160079956, 1.2267444133758545, 1.2405505180358887, 1.29728364944458, 1.2774860858917236, 1.2859997749328613, 1.3308348655700684, 1.3269858360290527, 1.319126844406128, 1.3296236991882324, 1.270887851715088, 1.2002990245819092, 1.2627983093261719, 1.2202343940734863, 1.3343615531921387, 1.1738848686218262, 1.1537094116210938, 1.1960055828094482, 1.2803735733032227, 1.1731691360473633, 1.207758903503418, 1.273247241973877], "time_till_best_val_loss": 9.475043535232544, "val_loss_hist": [0.5579809003940523, 0.4894952250889633, 0.37517053204979073, 0.35852660299158184, 0.30177353341604984, 0.28676671213405824, 0.23956343791979365, 0.21773533423689673, 0.199999999994543, 0.2147339699804984, 0.20873124146770175, 0.21855388812500537, 0.23219645292681593, 0.25293315157111984, 0.2532060027216042, 0.2859481582459496, 0.2684856752996321, 0.2622100954907992, 0.2512960436493507, 0.21800818553293294, 0.23219645292681593, 0.23465211459114182, 0.2338335607030332, 0.23083219644663489, 0.23301500681492457, 0.23792633014357636]}
