{"best_test_loss": 0.381587725137372, "epoch_time_hist": [4.270013093948364, 3.8503501415252686, 3.8494436740875244, 3.7600553035736084, 3.7837512493133545, 3.713860034942627, 3.6473593711853027, 3.570157289505005, 3.527838945388794, 3.462373733520508, 3.4351797103881836, 3.4886627197265625, 3.470432996749878, 3.4298200607299805, 3.4498143196105957, 3.5456998348236084, 3.3943889141082764, 3.3714873790740967, 3.4574382305145264, 3.469846487045288, 3.3671059608459473, 3.35227370262146, 3.356330633163452, 3.3131747245788574, 3.3941681385040283], "time_till_best_val_loss": 61.64920139312744, "val_loss_hist": [0.47858117324751487, 0.49031377897707196, 0.46603001362984914, 0.44693042290731433, 0.45075034105182127, 0.4482946793874954, 0.4289222373689244, 0.40436562072566534, 0.40654843109395505, 0.420736698487838, 0.43519781717775724, 0.4436562073548798, 0.4442019099469522, 0.44502046383506083, 0.4311050477372141, 0.42155525237594665, 0.3980900409168325, 0.3770804911220442, 0.37899045019429767, 0.381991814450696, 0.40245566165341184, 0.41309686219882413, 0.4177353342314397, 0.419372442007657, 0.43328785810550374, 0.4360163710658659]}
