{"best_test_loss": 0.5235873509454747, "epoch_time_hist": [5.952102184295654, 5.60563063621521, 5.4658873081207275, 5.373862028121948, 5.278051137924194, 5.185747861862183, 5.188014268875122, 4.853628396987915, 4.617655277252197, 4.476951837539673, 4.231238842010498, 4.177251100540161, 4.6182239055633545, 4.37852668762207, 4.4446563720703125, 4.527467250823975, 4.481819152832031, 4.600733280181885, 4.435257196426392, 4.3242082595825195, 4.387612342834473, 4.3278913497924805, 4.1746814250946045, 3.8864970207214355, 4.060099363327026], "time_till_best_val_loss": 5.952102184295654, "val_loss_hist": [0.5330666666524516, 0.5303999999858561, 0.539733333331135, 0.5402666666522595, 0.5367999999856854, 0.5581333333184498, 0.597599999984064, 0.5959999999841067, 0.6255999961491744, 0.6229333333167218, 0.6303999999831894, 0.6386666666496356, 0.635466666649721, 0.6375999999829973, 0.6362666666496996, 0.6362666666496996, 0.6386666666496356, 0.6397333333162738, 0.6397333333162738, 0.6415999999828907, 0.6429333333161885, 0.6429333333161885, 0.643199999982848, 0.6447999999828053, 0.6447999999828053, 0.6447999999828053]}
