{"best_test_loss": 0.1423017107272602, "epoch_time_hist": [4.640827417373657, 4.3251893520355225, 4.264287948608398, 4.263394117355347, 4.2986767292022705, 4.244042634963989, 4.255784273147583, 4.327845096588135, 4.268932104110718, 4.24455714225769, 4.3274500370025635, 4.236318111419678, 4.2431793212890625, 4.301016092300415, 4.243987321853638, 4.240394115447998, 4.321990013122559, 4.258002519607544, 4.254911422729492, 4.325669765472412, 4.263672590255737, 4.265197038650513, 4.311943531036377, 4.252513647079468, 4.267303466796875], "time_till_best_val_loss": 68.72588181495667, "val_loss_hist": [0.5474666666520676, 0.1914666666615609, 0.16826666666217957, 0.1626666666623289, 0.1746666666620089, 0.15786666666245688, 0.16693333332888177, 0.15919999999575468, 0.15386666666256357, 0.15333333332924445, 0.14079999999624535, 0.14346666666284089, 0.13999999999626667, 0.14079999999624535, 0.14799999999605334, 0.13519999999639468, 0.1338666666630969, 0.134399999996416, 0.134399999996416, 0.1469333333294151, 0.14186666666288356, 0.13813333332964978, 0.1429333333295218, 0.14533333332945778, 0.13759999999633069, 0.14239999999620268]}
