{"best_test_loss": 0.2509072057996136, "epoch_time_hist": [0.8914251327514648, 1.0417571067810059, 1.158214807510376, 1.219719648361206, 1.2250018119812012, 1.2611863613128662, 1.2739505767822266, 1.2086060047149658, 1.3063552379608154, 1.3237347602844238, 1.279066801071167, 1.213393211364746, 1.328296422958374, 1.0983712673187256, 0.9551427364349365, 0.8722422122955322, 0.8346326351165771, 1.0080525875091553, 0.8074719905853271, 0.6607465744018555, 0.6012811660766602, 0.6052467823028564, 0.6974828243255615, 0.6109862327575684, 0.655848503112793], "time_till_best_val_loss": 10.586216688156128, "val_loss_hist": [0.5839999999193816, 0.5274666666526009, 0.5074666666531342, 0.4037333333225671, 0.45039999998798935, 0.34053333332425245, 0.28719999999234136, 0.2607999999930453, 0.25999999999306667, 0.220799999994112, 0.23493333332706845, 0.22799999999392, 0.3367999999910187, 0.2850666666590649, 0.28879999999229866, 0.30933333332508445, 0.321599999991424, 0.3805333333231858, 0.4157333333222471, 0.33226666665780624, 0.35333333332391115, 0.34666666665742224, 0.3450666666574649, 0.33599999999104, 0.345599999990784, 0.3354666666577209]}
