{"best_test_loss": 0.49559357180734537, "epoch_time_hist": [7.283039093017578, 6.936271667480469, 6.944321870803833, 6.97159481048584, 7.083450794219971, 7.05767822265625, 6.776360750198364, 6.446698904037476, 6.658252716064453, 6.667555093765259, 6.661524295806885, 6.570488214492798, 6.503393173217773, 6.484100580215454, 6.47343111038208, 6.215467691421509, 6.336059331893921, 6.453307867050171, 6.472823143005371, 6.613377332687378, 6.41988730430603, 6.503305673599243, 6.475071907043457, 6.4248175621032715, 6.3291215896606445], "time_till_best_val_loss": 133.60919666290283, "val_loss_hist": [0.5645333333182792, 0.5119999999863467, 0.4986666666533689, 0.5317333333191538, 0.542399999985536, 0.5429333333188552, 0.5762666666490929, 0.5690666666514915, 0.5437333333188338, 0.5605333333183858, 0.5682666666515129, 0.5903999999842561, 0.56399999998496, 0.4989333333200285, 0.4914666666535609, 0.4837333333204338, 0.4821333333204765, 0.47866666665390223, 0.4765333333206258, 0.47679999998728534, 0.4650666666542649, 0.47519999998732804, 0.4789333333205618, 0.48133333332049777, 0.47546666665398757, 0.47333333332071115]}
