{"best_test_loss": 0.832069347926521, "epoch_time_hist": [28.858982801437378, 28.27895498275757, 28.28158211708069, 28.26646900177002, 28.039775609970093, 27.900060415267944, 28.043036222457886, 27.924179792404175, 27.950845956802368, 28.022417783737183, 27.921354055404663, 27.7961642742157, 27.73795247077942, 27.67604351043701, 27.594257831573486, 27.67956519126892, 27.374974727630615, 27.561495304107666, 27.50348973274231, 27.641357898712158, 27.812840938568115, 27.724601984024048, 27.77713394165039, 27.787271976470947, 27.64337921142578, 27.630005836486816, 27.73537850379944, 27.714242458343506, 27.646080017089844, 27.68583035469055, 27.763843774795532, 27.827864408493042, 27.51186203956604, 27.750151872634888, 27.435978651046753, 27.52860450744629, 27.6524178981781, 27.691220998764038, 27.547775268554688, 27.71973705291748, 27.568117380142212, 27.71617603302002, 27.73336672782898, 27.722646951675415, 27.932077646255493, 27.652907848358154, 27.711814165115356, 28.14410924911499, 29.534358978271484, 31.068093299865723, 27.89318037033081, 27.970505475997925, 28.101980209350586, 28.079082250595093, 27.860801219940186, 28.115809202194214, 28.066128730773926, 28.024813413619995, 27.912551641464233, 28.049809217453003, 27.949053049087524, 27.96728205680847, 28.0453360080719, 27.851298570632935, 27.95736598968506], "time_till_best_val_loss": 113.68598890304565, "val_acc_hist": [0.0, 0.0, 0.0, 0.0, 0.0, 0.0, 0.0, 0.0, 0.0, 0.0, 0.0, 0.0, 0.0, 0.0, 0.0, 0.0, 0.0, 0.0, 0.0, 0.0, 0.0, 0.0, 0.0, 0.0, 0.0, 0.0, 0.0, 0.0, 0.0, 0.0, 0.0, 0.0, 0.0, 0.0, 0.0, 0.0, 0.0, 0.0, 0.0, 0.0, 0.0, 0.0, 0.0, 0.0, 0.0, 0.0, 0.0, 0.0, 0.0, 0.0, 0.0, 0.0, 0.0, 0.0, 0.0, 0.0, 0.0, 0.0, 0.0, 0.0, 0.0, 0.0, 0.0, 0.0, 0.0, 0.0], "val_loss_hist": [0.8254713838977917, 0.8453498096461769, 0.8484161846652991, 0.8154091846871269, 0.804441974960304, 0.8097261561576942, 0.8090841326590518, 0.8268034923644941, 0.8251716552626805, 0.8364425838097242, 0.8513473017731525, 0.8531330489511766, 0.8480582923822446, 0.8494937513679566, 0.8536597771489312, 0.864344137516675, 0.8643633467210277, 0.8634045021075325, 0.859704074111418, 0.8589336587326735, 0.8589744256366251, 0.8593154877180439, 0.8589489773449127, 0.859843983919536, 0.8604171384030836, 0.8588498108354707, 0.8579888642023124, 0.8575357592274301, 0.8575357592274301, 0.8575357592274301, 0.8575357592274301, 0.8575357592274301, 0.8575357592274301, 0.8575357592274301, 0.8575357592274301, 0.8575243802591057, 0.8575243802591057, 0.8575243802591057, 0.8575243802591057, 0.8575243802591057, 0.8575243802591057, 0.8575243802591057, 0.8575243802591057, 0.8575243802591057, 0.8575243802591057, 0.8575243802591057, 0.8575243802591057, 0.8575243802591057, 0.8575243802591057, 0.8575243802591057, 0.8575243802591057, 0.8575243802591057, 0.8575243802591057, 0.8575243802591057, 0.8575243802591057, 0.8575243802591057, 0.8575243802591057, 0.8575243802591057, 0.8575243802591057, 0.8575243802591057, 0.8575243802591057, 0.8575243802591057, 0.8575243802591057, 0.8575243802591057, 0.8575243802591057, 0.8575243802591057]}
