{"best_test_loss": 0.1179585617346766, "epoch_time_hist": [54.86100792884827, 55.37096953392029, 55.579472064971924, 55.46818256378174, 55.35387444496155, 55.85804605484009, 55.37994194030762, 55.758244037628174, 55.71670722961426, 56.031635999679565, 56.03328466415405, 56.01513123512268, 55.9072048664093, 55.90593767166138, 55.965322732925415, 55.912691831588745, 56.038742542266846, 55.929935932159424, 55.956490993499756, 55.975547552108765, 55.9613139629364, 55.78449749946594, 56.01833701133728, 55.94624209403992, 56.05293250083923, 56.0162091255188, 55.792054414749146, 56.045384883880615, 55.923858404159546, 55.77067804336548, 55.939574241638184, 55.853281021118164, 55.986735343933105], "time_till_best_val_loss": 1282.7825202941895, "val_acc_hist": [0.0, 0.0, 0.0, 0.0, 0.01, 0.01, 0.01, 0.01, 0.015, 0.015, 0.015, 0.02, 0.01, 0.01, 0.015, 0.02, 0.01, 0.01, 0.01, 0.01, 0.015, 0.01, 0.01, 0.015, 0.01, 0.005, 0.01, 0.01, 0.01, 0.005, 0.015, 0.015, 0.015, 0.01], "val_loss_hist": [0.8232620483045201, 0.3151276591797974, 0.20983589127628166, 0.18045726736409437, 0.15468169016321054, 0.14324961941820813, 0.13635945871769592, 0.13123517215441638, 0.12028559611349056, 0.12130859373619206, 0.12184888635120131, 0.12220897394546787, 0.11645747495945044, 0.11815182597387774, 0.11576998892283645, 0.12000674882661719, 0.12004746345065799, 0.1213781401893845, 0.117440452481533, 0.11934812886382093, 0.12011483531215653, 0.11588588194983947, 0.11640109147098616, 0.11073626552201295, 0.11507586208439134, 0.11745281266088323, 0.11876714245508194, 0.11675265509646816, 0.1164353415590835, 0.11919530562291121, 0.11690781321553846, 0.11645161749580543, 0.11724025572621388, 0.12022540260194321]}
