{"best_test_loss": 0.10976052774625068, "epoch_time_hist": [2.000526189804077, 2.4587581157684326, 2.680067777633667, 2.679738759994507, 2.8263704776763916, 2.82513689994812, 2.887010335922241, 2.9031341075897217, 2.943772792816162, 3.018263816833496, 3.032482862472534, 2.955984115600586, 3.043863534927368, 3.0566718578338623, 3.0512783527374268, 2.951535701751709, 2.966588020324707, 2.9082367420196533, 2.8658759593963623, 2.9940905570983887, 2.9132182598114014, 2.938746452331543, 2.999650716781616, 3.046995162963867, 2.9783084392547607, 3.03947114944458, 3.0499050617218018, 2.9944214820861816, 3.0748720169067383, 3.0040292739868164, 3.0270252227783203, 2.917518377304077, 3.0124168395996094, 2.998725414276123, 2.995380401611328, 3.0082991123199463, 3.0246784687042236, 3.0882568359375, 3.0995264053344727, 3.0771474838256836, 3.1186389923095703, 3.036715507507324, 3.048520803451538, 3.072984218597412, 3.0577187538146973, 3.104360818862915, 3.094622850418091, 3.063732624053955, 3.0964486598968506, 3.073714256286621, 3.0751025676727295, 3.0830323696136475, 3.0644278526306152, 3.036921501159668, 3.085115432739258, 3.0638835430145264, 3.0655252933502197, 3.102720260620117, 3.059843063354492, 3.0722620487213135, 3.052976131439209, 3.0495314598083496, 3.038085699081421, 3.027392625808716, 3.0260097980499268, 3.0976083278656006, 3.0953612327575684, 3.0695478916168213, 3.110396385192871, 3.008543014526367, 3.0684778690338135, 3.076073408126831, 3.060110569000244, 3.071138620376587, 3.0991127490997314, 3.0781619548797607, 3.0787901878356934, 3.078192949295044, 3.08347487449646, 3.105559825897217, 3.0836706161499023, 3.0775105953216553, 3.0344083309173584, 3.0961501598358154, 3.11728835105896, 3.054319143295288, 3.0883090496063232, 3.056919574737549, 3.016040325164795, 3.0520145893096924, 3.0557761192321777, 3.0437519550323486, 3.0939931869506836, 3.03171706199646, 3.068653106689453, 3.075735569000244, 3.1277849674224854, 3.030794858932495, 3.0453829765319824, 3.0540616512298584], "time_till_best_val_loss": 163.4500367641449, "val_acc_hist": [0.0, 0.0, 0.0, 0.0, 0.0, 0.0, 0.0, 0.0, 0.0, 0.0, 0.005, 0.01, 0.0, 0.005, 0.0, 0.005, 0.005, 0.015, 0.005, 0.005, 0.005, 0.005, 0.01, 0.0, 0.01, 0.01, 0.005, 0.0, 0.0, 0.02, 0.005, 0.01, 0.005, 0.01, 0.0, 0.01, 0.0, 0.005, 0.015, 0.01, 0.005, 0.01, 0.01, 0.01, 0.015, 0.01, 0.015, 0.01, 0.01, 0.01, 0.005, 0.01, 0.01, 0.01, 0.01, 0.015, 0.015, 0.01, 0.01, 0.01, 0.01, 0.02, 0.015, 0.015, 0.015, 0.01, 0.02, 0.02, 0.02, 0.015, 0.015, 0.015, 0.015, 0.015, 0.015, 0.015, 0.015, 0.015, 0.015, 0.015, 0.015, 0.015, 0.015, 0.015, 0.015, 0.015, 0.015, 0.015, 0.015, 0.015, 0.015, 0.015, 0.015, 0.015, 0.015, 0.015, 0.015, 0.015, 0.015, 0.015, 0.015], "val_loss_hist": [0.81065156375538, 0.7064630642778932, 0.7048742707831951, 0.6330687417764892, 0.5547421534579995, 0.48184382512991575, 0.43754697163975537, 0.3529321758679286, 0.3102032446451829, 0.255433301899334, 0.25072551033353313, 0.24473336573444582, 0.21058151055122767, 0.22182892189634856, 0.2181516991318011, 0.19599067381066582, 0.1986980438000754, 0.18724128198699116, 0.21487567398951218, 0.18354267619664932, 0.18264982773456234, 0.18051874547485916, 0.18910630762411124, 0.18697374557023544, 0.17586861597777184, 0.14369030491351778, 0.18679714150778368, 0.15384169516165683, 0.16480202484364803, 0.15938315632245462, 0.15508094215594295, 0.15961301326115326, 0.16087899841690093, 0.15506679424018857, 0.15570564043574475, 0.15187110545322313, 0.16073475879405033, 0.13269359553115784, 0.12586497326993426, 0.1215940392461426, 0.11772116066302704, 0.11867217873374632, 0.11869262050594942, 0.11202721206212089, 0.11555188939777644, 0.11279365685222992, 0.1144335084519029, 0.11398566308583748, 0.1144864702883017, 0.11176048046849091, 0.11237025276176749, 0.11591634441527619, 0.11121603309339442, 0.11026649269713502, 0.11836736497476073, 0.10994651517853843, 0.11519528461933114, 0.1168120007035942, 0.11862817800098326, 0.11279373390876693, 0.11820066871334729, 0.1143876620629834, 0.11028564947619038, 0.11402831285693167, 0.1151792679858245, 0.11945302698724192, 0.11449612459051935, 0.11366355531592352, 0.11514919930109055, 0.11495444474876045, 0.11433895772518912, 0.11275139066717799, 0.11357101740301816, 0.113900968057738, 0.11353419441388397, 0.11509692433654739, 0.11509277245084236, 0.11501327672360506, 0.11482468922611133, 0.11497435544293041, 0.11569475512373793, 0.11527209362569897, 0.11527209362569897, 0.11476575615173633, 0.11469562206330854, 0.11465271485596064, 0.11465271485596064, 0.11449686285890334, 0.11459865472677978, 0.11458851369937173, 0.11458851369937173, 0.11458851369937173, 0.11469803683327581, 0.11463106546908512, 0.11463106546908512, 0.11463106546908512, 0.11463106546908512, 0.11463106546908512, 0.11463106546908512, 0.11463106546908512, 0.11463106546908512]}
