{"best_test_loss": 0.4607167653493271, "epoch_time_hist": [33.99177145957947, 33.61793327331543, 33.43490982055664, 33.37002635002136, 33.44057059288025, 33.37389135360718, 33.22987079620361, 33.35934567451477, 33.183300256729126, 33.32910990715027, 33.239195823669434, 33.340328216552734, 33.34885048866272, 33.17686414718628, 33.32871913909912, 33.21396327018738, 33.13893914222717, 33.26255941390991, 33.11876082420349, 33.10258364677429, 32.960222482681274, 33.15204071998596, 33.12470817565918, 33.135844230651855, 33.288007497787476, 33.0474488735199, 33.10418772697449, 33.13843011856079, 33.14701437950134, 33.07746481895447, 32.89473366737366, 33.07719540596008, 32.849172592163086, 32.991315841674805, 33.008039712905884, 33.0748610496521, 32.93996596336365, 33.01160550117493, 32.97246718406677, 33.04121804237366, 32.839176416397095, 32.997862577438354, 33.009082555770874, 32.915056467056274, 32.83092212677002, 32.88220930099487, 32.85581040382385, 32.988831758499146, 32.992164850234985, 32.87198305130005, 32.91855216026306, 33.028138875961304, 32.94113087654114, 32.72811245918274, 32.896655321121216], "time_till_best_val_loss": 1755.708359003067, "val_acc_hist": [0.0, 0.0, 0.0, 0.0, 0.0, 0.0, 0.0, 0.0, 0.0, 0.0, 0.0, 0.0, 0.0, 0.0, 0.0, 0.0, 0.0, 0.0, 0.0, 0.0, 0.0, 0.0, 0.0, 0.0, 0.0, 0.0, 0.0, 0.0, 0.0, 0.0, 0.0, 0.0, 0.0, 0.0, 0.0, 0.0, 0.0, 0.0, 0.0, 0.0, 0.0, 0.0, 0.0, 0.0, 0.0, 0.0, 0.0, 0.0, 0.0, 0.0, 0.0, 0.0, 0.0, 0.0, 0.0, 0.0], "val_loss_hist": [0.8560896778198006, 0.8252761992636457, 0.8080370283785111, 0.8073614789659277, 0.7915104869261979, 0.7886558397629223, 0.7993532459698507, 0.7827731011090856, 0.7712220958473851, 0.7594667570017422, 0.7402650435008046, 0.7110236709760488, 0.6991410736192439, 0.7036135767524021, 0.6856255100504334, 0.66981168518054, 0.6509864135709312, 0.6515783184063911, 0.6563337156397916, 0.6310974473038483, 0.6286753361946131, 0.613149503577676, 0.5984737242317704, 0.5922891785388406, 0.5781395162743725, 0.5656697940370012, 0.555654663537023, 0.5365019680368267, 0.5345263360282324, 0.5380934534048093, 0.5367652077941303, 0.5383588761619124, 0.5350702500834148, 0.54897781394076, 0.5434148915244104, 0.5290715150818887, 0.523380184991294, 0.5228397461408817, 0.5235095420830552, 0.5154188986180538, 0.5117273798118573, 0.5032711532491795, 0.5112866486599017, 0.5024821830520895, 0.4908296937580026, 0.4759428316752346, 0.479204768114261, 0.46997132034569006, 0.46534843636392575, 0.4659693624859476, 0.4770514772652387, 0.475513574011033, 0.4678521564075297, 0.4582223854692075, 0.4595525524272251, 0.4623607588112516]}
