{"best_test_loss": 0.6102604891507206, "epoch_time_hist": [27.709412336349487, 27.022550344467163, 27.432300329208374, 27.154043436050415, 27.120645999908447, 26.48633599281311, 27.411685943603516, 28.049767017364502, 28.987741231918335, 30.63005232810974, 31.72470998764038, 32.43255281448364, 32.62128281593323, 31.30297303199768, 27.801863193511963, 28.266658544540405, 28.0672287940979, 27.545456171035767, 27.738571166992188, 27.603620767593384, 28.47262930870056, 28.51756978034973, 28.29260015487671, 28.178898811340332, 28.912111282348633], "time_till_best_val_loss": 82.16426301002502, "val_loss_hist": [0.6217257318832488, 0.6111325115444697, 0.6147919876615024, 0.6099768875315517, 0.6115177193393255, 0.6149845894720699, 0.6263482279993795, 0.6355932203267413, 0.65138674883183, 0.6413713405115299, 0.6340523882774644, 0.6627503851952475, 0.6679506933615572, 0.6768104776448997, 0.6754622496017824, 0.6760400616202612, 0.6750770415894631, 0.6743066255648246, 0.6727657935155477, 0.6735362095401861, 0.6735362095401861, 0.6729583975217073, 0.6729583975217073, 0.6729583975217073, 0.6729583975217073, 0.6737288135463457]}
