{"best_test_loss": 0.22131636492043022, "epoch_time_hist": [44.686532497406006, 44.769599199295044, 44.885112047195435, 44.79724955558777, 44.81729054450989, 44.76895236968994, 44.65344500541687, 44.72321844100952, 44.63318133354187, 44.06938099861145, 44.738701820373535, 44.83402347564697, 44.5495662689209, 44.69629454612732, 44.945919036865234, 44.787129163742065, 44.75036573410034, 44.728954553604126, 44.771772384643555, 44.766780614852905, 44.801411628723145, 44.80638098716736, 44.82737159729004, 44.89318346977234, 44.97564125061035], "time_till_best_val_loss": 894.3734695911407, "val_loss_hist": [0.6249999998804536, 0.42815870564488284, 0.299306625611069, 0.26001540813274443, 0.22842835130530761, 0.21109399065162293, 0.19818952233824752, 0.2074345146339092, 0.2249614791944345, 0.2209167950650825, 0.2211093990712421, 0.20319722649839758, 0.21590909090493243, 0.20820493065854767, 0.19510785823969362, 0.19934514637520523, 0.20088597842448216, 0.21205701078174005, 0.21398305084333624, 0.21205701078174005, 0.19375962998820698, 0.20743451466257734, 0.21109399075094196, 0.2126348228002189, 0.21802773497268824, 0.21590909056562968]}
