{"best_test_loss": 0.49592364286148494, "epoch_time_hist": [1.1143934726715088, 1.2189908027648926, 1.3206605911254883, 1.3670532703399658, 1.4034924507141113, 1.364198923110962, 1.18803071975708, 1.0263781547546387, 0.8924899101257324, 0.879141092300415, 1.0349364280700684, 0.8887484073638916, 0.8680853843688965, 1.0525031089782715, 0.9431402683258057, 0.9570419788360596, 1.0012078285217285, 0.9894402027130127, 0.9620563983917236, 0.9356489181518555, 0.9609651565551758, 0.9744012355804443, 0.9681713581085205, 0.9761955738067627, 0.955859899520874], "time_till_best_val_loss": 10.89568829536438, "val_loss_hist": [0.6631355932075668, 0.6440677965977645, 0.6436825885854452, 0.6718027734847496, 0.670069337429313, 0.6623651771158319, 0.6550462249488628, 0.5926425269980992, 0.5213790446740875, 0.49460708781790047, 0.527157164858876, 0.5593220338875323, 0.5069337442121161, 0.5167565485262566, 0.5167565485262566, 0.5377503851976551, 0.5377503851976551, 0.5377503851976551, 0.5333204930559838, 0.5167565485262566, 0.5167565485262566, 0.5167565485262566, 0.5167565485262566, 0.5167565485262566, 0.5167565485262566, 0.5167565485262566]}
