{"best_test_loss": 0.648637900166064, "epoch_time_hist": [30.481919527053833, 30.330775022506714, 30.797749280929565, 30.248239755630493, 29.47886562347412, 30.4013032913208, 29.68750524520874, 29.616007328033447, 29.69024395942688, 29.47457528114319, 29.248647212982178, 29.458940267562866, 29.626206636428833, 29.45186948776245, 29.567230701446533, 29.137441873550415, 29.26722741127014, 29.35331082344055, 29.37342381477356, 29.00079345703125, 29.236511945724487, 29.525027990341187, 29.653908491134644, 29.50041913986206, 29.37864065170288], "time_till_best_val_loss": 30.481919527053833, "val_loss_hist": [0.6677580893553976, 0.6319337442097085, 0.6694915253579099, 0.6735362095401861, 0.6621725731767687, 0.6729583975217073, 0.6587057010658955, 0.6521571648564685, 0.6357858243329009, 0.638289676412976, 0.6556240369253972, 0.6573574729114383, 0.6590909090782148, 0.6610169491398109, 0.6619799691706091, 0.6562018489858205, 0.6579352850412571, 0.6548536209427032, 0.65138674883183, 0.6535053928995859, 0.6525423728687877, 0.6510015408195108, 0.6529275808811069, 0.6508089368133512, 0.6506163328071916, 0.6511941448256704]}
