{"best_test_loss": 0.40642857141405614, "epoch_time_hist": [2.089221477508545, 1.8905243873596191, 1.9070374965667725, 1.8616774082183838, 1.8284862041473389, 1.9380805492401123, 1.754931926727295, 1.9633166790008545, 1.9049501419067383, 1.7965176105499268, 1.8015575408935547, 1.6741573810577393, 1.7841465473175049, 1.7802352905273438, 1.9984400272369385, 1.9602911472320557, 1.573500156402588, 1.6386604309082031, 1.5747301578521729, 1.6030519008636475, 1.3812894821166992, 1.170990228652954, 1.485837459564209, 1.5221905708312988, 1.4421145915985107], "time_till_best_val_loss": 43.325936794281006, "val_loss_hist": [0.5203200001158899, 0.5340799999829094, 0.5593599999998068, 0.5792000000698467, 0.5817599999813837, 0.5740799999816295, 0.5743999999816193, 0.5967999999809024, 0.5647999999819264, 0.471999999984896, 0.4649599999851213, 0.5164799999834727, 0.5542399999822644, 0.5660799999818855, 0.5631999999819777, 0.5823999999813633, 0.5295999999830528, 0.5766399999815476, 0.5430399999826228, 0.4291199999862682, 0.4620799999852135, 0.4345599999860941, 0.4623999999852032, 0.43487999998608384, 0.40959999998689284, 0.4057599999870157]}
