{"best_test_loss": 0.08071428571140307, "epoch_time_hist": [3.857433795928955, 3.5784292221069336, 3.5059423446655273, 3.503265380859375, 3.555182695388794, 3.5010921955108643, 3.513760805130005, 3.5627057552337646, 3.4963295459747314, 3.5028247833251953, 3.5734360218048096, 3.5086488723754883, 3.513606071472168, 3.5628926753997803, 3.481346845626831, 3.498103618621826, 3.5386059284210205, 3.4872052669525146, 3.5072360038757324, 3.5665786266326904, 3.4788239002227783, 3.504202365875244, 3.573221206665039, 3.4999823570251465, 3.478980779647827], "time_till_best_val_loss": 46.17265748977661, "val_loss_hist": [0.4921599999842509, 0.10239999999672321, 0.10271999999671297, 0.10431999999666176, 0.10815999999653889, 0.10431999999666176, 0.09695999999689728, 0.09663999999690752, 0.10847999999652864, 0.10143999999675392, 0.10463999999665152, 0.09887999999683585, 0.0911999999970816, 0.08447999999729665, 0.09183999999706112, 0.09151999999707136, 0.09183999999706112, 0.09151999999707136, 0.08735999999720448, 0.08991999999712257, 0.095999999996928, 0.08479999999728641, 0.095999999996928, 0.08927999999714305, 0.09951999999681536, 0.10143999999675392]}
