{"best_test_loss": 0.10821428571042092, "epoch_time_hist": [0.9335715770721436, 0.8752467632293701, 0.9283738136291504, 0.9462063312530518, 0.9729199409484863, 1.0254976749420166, 0.9206268787384033, 0.9521036148071289, 1.0255177021026611, 0.9271886348724365, 0.9912772178649902, 0.9437820911407471, 0.977405309677124, 1.0397498607635498, 0.9985716342926025, 0.9708201885223389, 0.9755153656005859, 1.0392265319824219, 1.0078811645507812, 0.945305585861206, 1.043821096420288, 1.0236682891845703, 1.026594877243042, 1.0216264724731445, 0.9922671318054199], "time_till_best_val_loss": 4.656318426132202, "val_loss_hist": [0.47871999998468096, 0.2281599999926989, 0.15871999999492098, 0.13695999999561728, 0.1295999999958528, 0.12447999999601665, 0.16447999999473664, 0.15423999999506433, 0.17535999999438848, 0.16543999999470593, 0.14559999999534082, 0.14623999999532034, 0.17567999999437825, 0.1615999999948288, 0.15967999999489024, 0.16095999999484928, 0.15903999999491072, 0.15583999999501313, 0.14591999999533056, 0.13951999999553535, 0.1375999999955968, 0.13727999999560705, 0.13215999999577088, 0.1391999999955456, 0.14143999999547394, 0.14463999999537153]}
