{"best_test_loss": 0.15964285713715562, "epoch_time_hist": [2.4747536182403564, 2.032562494277954, 2.0853352546691895, 1.9658257961273193, 2.019587516784668, 1.954244613647461, 1.9056422710418701, 1.920562744140625, 1.8719203472137451, 1.8368768692016602, 1.7740120887756348, 1.7798526287078857, 1.737757921218872, 1.6340339183807373, 1.6902377605438232, 1.668473482131958, 1.7063415050506592, 1.7243478298187256, 1.7363343238830566, 1.7181730270385742, 1.7234060764312744, 1.7289276123046875, 1.6633028984069824, 1.749598741531372, 1.7844452857971191], "time_till_best_val_loss": 21.841323614120483, "val_loss_hist": [0.47583999998477317, 0.30847999999012865, 0.2463999999921152, 0.19583999999373314, 0.183999999994112, 0.18463999999409153, 0.16607999999468545, 0.1641599999947469, 0.1593599999949005, 0.1583999999949312, 0.14111999999548416, 0.13663999999562754, 0.14687999999529985, 0.14623999999532034, 0.15039999999518722, 0.15039999999518722, 0.14559999999534082, 0.1487999999952384, 0.15391999999507458, 0.1615999999948288, 0.16031999999486976, 0.1615999999948288, 0.16831999999461378, 0.16831999999461378, 0.16927999999458304, 0.17151999999451137]}
