{"best_test_loss": 0.5800164699264339, "epoch_time_hist": [9.184079647064209, 8.543772220611572, 8.78977370262146, 8.33877944946289, 8.25731348991394, 8.304734706878662, 8.372703790664673, 7.7562642097473145, 7.399343490600586, 7.130012512207031, 6.510448932647705, 6.352396488189697, 6.089341640472412, 7.369683742523193, 7.793715476989746, 6.781604290008545, 6.536821603775024, 5.862344264984131, 5.8182337284088135, 5.006177663803101, 5.341228485107422, 6.194425582885742, 6.592602729797363, 6.458662509918213, 6.014413356781006], "time_till_best_val_loss": 116.19236350059509, "val_loss_hist": [0.6369881109475036, 0.6422721267994116, 0.6364597093623129, 0.6364597093623129, 0.6081902245253675, 0.5941875825470492, 0.596036988095217, 0.6026420078964356, 0.5978863936433848, 0.57807133419873, 0.6005284015693387, 0.6044914134582697, 0.6155878467472764, 0.6285336855844509, 0.5809775429172793, 0.5719947159690358, 0.5867899603543781, 0.5949801849248354, 0.5862615587691873, 0.5994715983989571, 0.5949801849248354, 0.5796565389543024, 0.5796565389543024, 0.5796565389543024, 0.6834874504442936, 0.683751651236889]}
