{"best_test_loss": 0.15234696678143433, "epoch_time_hist": [5.740595102310181, 5.403732538223267, 5.298396825790405, 5.388313293457031, 5.306394815444946, 5.3027613162994385, 5.316274881362915, 5.378662824630737, 5.306451320648193, 5.380699634552002, 5.314409255981445, 5.309722185134888, 5.3660666942596436, 5.316675901412964, 5.333251476287842, 5.384273529052734, 5.313593149185181, 5.324565887451172, 5.352050065994263, 5.317953586578369, 5.34189248085022, 5.377682447433472, 5.360001564025879, 5.313614130020142, 5.311792612075806], "time_till_best_val_loss": 133.85982751846313, "val_loss_hist": [0.532892998664917, 0.23408190223952227, 0.19233817700944947, 0.17410832232036702, 0.1865257595723507, 0.17357992073517622, 0.18256274768341976, 0.1648612945795281, 0.15904887714242935, 0.17040951122403145, 0.17939233817227498, 0.15957727872762015, 0.154821664460903, 0.15799207397204776, 0.17252311756479463, 0.1645970937869327, 0.16221928665357413, 0.1550858652534984, 0.16961690884624528, 0.17067371201662684, 0.1558784676312846, 0.1571994715942616, 0.1685601056758637, 0.15165125494975823, 0.15165125494975823, 0.14795244385342265]}
