{"best_test_loss": 0.23771616798688674, "epoch_time_hist": [0.9536905288696289, 1.107605218887329, 1.2243483066558838, 1.2971060276031494, 1.3477747440338135, 1.3559620380401611, 1.4041283130645752, 1.2972774505615234, 1.4094460010528564, 1.364184856414795, 1.1281280517578125, 1.0646662712097168, 0.8912596702575684, 1.0208070278167725, 1.1006228923797607, 0.7884094715118408, 0.9028182029724121, 0.8962597846984863, 0.7931313514709473, 0.927117109298706, 0.8524739742279053, 0.7230751514434814, 0.748711109161377, 0.6785032749176025, 0.7462525367736816], "time_till_best_val_loss": 12.761523485183716, "val_loss_hist": [0.5664464993245325, 0.5627476882281969, 0.5532364596947627, 0.5104359312943082, 0.4871862615459132, 0.4126816380340111, 0.37965653895958634, 0.32549537647752985, 0.28401585187221456, 0.2515191545918355, 0.23091149272837752, 0.26420079259539764, 0.27291941909238066, 0.31360634081073696, 0.3424042272036353, 0.36406869219645793, 0.398678996026455, 0.4203434610192776, 0.4108322324858433, 0.45838837515301484, 0.486393659168127, 0.45151915454553454, 0.43804491412316926, 0.4414795244269094, 0.4354029061972153, 0.44782034344919897]}
