{"best_test_loss": 0.4737853417382985, "epoch_time_hist": [9.703065156936646, 9.237823009490967, 9.308401823043823, 9.276625156402588, 9.346323728561401, 9.361816167831421, 9.046287775039673, 8.946056127548218, 9.115639925003052, 8.937689304351807, 8.561494827270508, 8.777832746505737, 8.617861270904541, 8.497362613677979, 8.672389268875122, 8.833492040634155, 8.525931119918823, 8.6901695728302, 8.555696487426758, 8.552642345428467, 8.515759706497192, 8.814256429672241, 8.588404417037964, 8.684340238571167, 8.656123161315918], "time_till_best_val_loss": 28.249289989471436, "val_loss_hist": [0.5719947159690358, 0.5149273447684299, 0.5027741083090417, 0.48137384410881445, 0.5194187582425517, 0.5204755614129333, 0.532892998664917, 0.5579920739614798, 0.5659180977393417, 0.5704095112134634, 0.5801849405394932, 0.5891677674877367, 0.5733157199320128, 0.5558784676207166, 0.5400264200649927, 0.5410832232353743, 0.5468956406724731, 0.550858652561404, 0.5527080581095718, 0.5545574636577396, 0.5529722589021672, 0.5577278731688844, 0.5614266842652199, 0.5616908850578153, 0.5627476882281969, 0.5651254953615555]}
