{"best_test_loss": 0.3312817768174664, "epoch_time_hist": [45.8348183631897, 47.41027092933655, 48.20469856262207, 47.760414600372314, 50.447723627090454, 46.79886841773987, 47.54677629470825, 44.9188449382782, 43.3812358379364, 48.062079668045044, 51.21728825569153, 49.41724705696106, 47.80627417564392, 45.72775340080261, 41.29187250137329, 41.45775032043457, 54.15544557571411, 70.76080298423767, 47.404115200042725, 44.36226844787598, 41.993797302246094, 37.27344584465027, 32.90472888946533, 29.73419189453125, 36.71202635765076], "time_till_best_val_loss": 705.8261666297913, "val_loss_hist": [0.39757709126235846, 0.4207048457770539, 0.41602422906343545, 0.37499999998967515, 0.3920704845707029, 0.41519823787403093, 0.41492290724760406, 0.45980176210187773, 0.49284140967806056, 0.4581497797230686, 0.40859030835879434, 0.390693832588362, 0.3807819383407415, 0.38463656386606176, 0.367566079285034, 0.34526431717111056, 0.3554515418404336, 0.47549559470056457, 0.4724669603394145, 0.4909140969027832, 0.3838105726766572, 0.35600220263337, 0.36866740087090677, 0.35848017620158373, 0.36288546254507476, 0.3582048458051155]}
