{"best_test_loss": 0.06315226117037323, "epoch_time_hist": [187.0685908794403, 186.2849407196045, 184.1414511203766, 186.4586775302887, 187.93757390975952, 186.55720496177673, 187.890451669693, 187.7228283882141, 187.5492615699768, 187.1794455051422], "time_till_best_val_loss": 1868.7904262542725, "val_loss_hist": [0.3703193831272994, 0.20319383259352441, 0.12802863435770848, 0.08865638766275726, 0.09278634369824401, 0.09746696034973935, 0.07764317192020702, 0.09168502202390735, 0.09388766519565288, 0.10710352422612601, 0.07020925109938851]}
