{"best_test_loss": 0.09017928819667703, "epoch_time_hist": [1.4383149147033691, 1.6087665557861328, 1.3995888233184814, 2.075342893600464, 2.0113236904144287, 1.9362187385559082, 1.9634957313537598, 2.1844472885131836, 2.32464599609375, 2.252073287963867, 2.2902543544769287, 2.30409574508667, 2.258007526397705, 2.3891611099243164, 2.1510958671569824, 2.256542444229126, 2.1245956420898438, 2.231297254562378, 2.3173129558563232, 2.3357930183410645, 2.3431077003479004, 2.3474440574645996, 2.325510263442993, 2.304872512817383, 2.2837986946105957], "time_till_best_val_loss": 12.433051347732544, "val_loss_hist": [0.44438325999996886, 0.41657488985637187, 0.332874449330042, 0.15748898677980483, 0.15115638773871717, 0.1530837003879467, 0.1266519823753675, 0.09994493391795306, 0.13601321585528597, 0.12582599118596294, 0.1376651981271902, 0.1412444933881816, 0.11811674008485362, 0.14427312774933168, 0.18144273127253738, 0.2117290748840383, 0.2172356828134021, 0.21696035241693393, 0.2205396475710204, 0.22191629955336134, 0.22109030836395677, 0.21971365638161583, 0.21971365638161583, 0.21943832598514762, 0.219988986778084, 0.2351321585838345]}
