{"best_test_loss": 0.3449290874941148, "epoch_time_hist": [56.915135622024536, 59.19810390472412, 53.67753767967224, 51.180665493011475, 51.74663734436035, 50.55855751037598, 49.54507112503052, 49.02766156196594, 48.85583448410034, 51.306288957595825, 53.846821546554565, 52.53188347816467, 50.46916675567627, 49.651745557785034, 50.047889709472656, 51.030423164367676, 50.097848892211914, 49.2931387424469, 49.66493535041809, 49.68428111076355, 49.57601618766785, 49.43835926055908, 49.503968477249146, 48.752112865448, 49.28988742828369], "time_till_best_val_loss": 116.11323952674866, "val_loss_hist": [0.41382158585762685, 0.3650881056203772, 0.34526431717111056, 0.367566079285034, 0.3532488986686881, 0.3962004405177258, 0.4526431717937048, 0.4774229074758419, 0.46998898677120077, 0.4542951537772543, 0.45099118941489563, 0.4317180613570501, 0.44493392069259546, 0.44933920683609135, 0.4430066079173181, 0.44355726871025447, 0.44052863352351934, 0.44107929425499515, 0.43805066075914295, 0.4410792951420408, 0.4419052853107086, 0.4399779734776514, 0.435572687212677, 0.436123347663122, 0.4355726871792346, 0.43584801758946595]}
