{"best_test_loss": 0.5348196392651599, "epoch_time_hist": [18.768499851226807, 18.84717893600464, 19.847259044647217, 19.604590892791748, 20.69762682914734, 20.60926628112793, 20.139338731765747, 19.397958993911743, 18.38384771347046, 16.847050189971924, 15.283980131149292, 15.502188444137573, 15.76455545425415, 17.47922658920288, 21.319502115249634, 20.245969533920288, 24.08146619796753, 23.402372121810913, 19.942118883132935, 16.19356346130371, 16.179519176483154, 15.552617311477661, 15.205684185028076, 14.642031192779541, 13.809685468673706], "time_till_best_val_loss": 322.8195059299469, "val_loss_hist": [0.5919364691388325, 0.6057829362531911, 0.6059865607695788, 0.6104663001301066, 0.6053756872204159, 0.6006923233435005, 0.6106699246464942, 0.5972307065649108, 0.631032376285257, 0.6593361840631371, 0.6660557931039288, 0.6721645285955576, 0.6619833027761763, 0.6621869272925639, 0.6070046833515169, 0.5681124007214801, 0.5805334962211254, 0.5481571981154927, 0.5603746690987503, 0.5644471594265028, 0.5766646304097605, 0.5721848910492326, 0.5575239258693235, 0.555080431672672, 0.555080431672672, 0.6444715943668403]}
