{"best_test_loss": 0.18036072143836773, "epoch_time_hist": [19.528785228729248, 18.880995750427246, 18.86412787437439, 18.938331842422485, 18.784612894058228, 18.49348282814026, 18.90344524383545, 18.85727047920227, 18.911988973617554, 18.884607791900635, 18.88436722755432, 18.88130760192871, 18.844985246658325, 18.55941891670227, 18.93643307685852, 18.845938682556152, 18.826152563095093, 18.910577058792114, 18.79399800300598, 18.639954805374146, 18.59571886062622, 18.53489637374878, 18.79071545600891, 18.949511766433716, 18.900479078292847], "time_till_best_val_loss": 264.2177278995514, "val_loss_hist": [0.5823661168686141, 0.3038077784503399, 0.26735898980912254, 0.2441457951487651, 0.23029932803440645, 0.2097332518792561, 0.20097739767458814, 0.21889635511669933, 0.210344125428419, 0.20627163510066643, 0.21563836285449728, 0.2127876196250705, 0.21482386478894677, 0.21523111382172203, 0.19914477702709948, 0.21197312155952, 0.21482386478894677, 0.20830788026454272, 0.20647525961705407, 0.21400936672339627, 0.21095499897758185, 0.21217674607590764, 0.20647525961705407, 0.20728975768260458, 0.20810425574815508, 0.19955202605987474]}
