{"best_test_loss": 0.4135771542982571, "epoch_time_hist": [0.9985430240631104, 1.1559364795684814, 1.2029428482055664, 1.2878079414367676, 1.2884466648101807, 1.2124934196472168, 1.1691429615020752, 1.0540637969970703, 0.9978508949279785, 1.0780749320983887, 0.9198172092437744, 0.9664194583892822, 1.0394196510314941, 1.0247061252593994, 1.010551929473877, 0.9504497051239014, 0.9093778133392334, 0.979494571685791, 1.044074535369873, 0.9988532066345215, 1.0108299255371094, 1.0286660194396973, 1.015866756439209, 1.0426387786865234, 0.9889078140258789], "time_till_best_val_loss": 11.445302963256836, "val_loss_hist": [0.7039299531520276, 0.6739971493458149, 0.6534310730878959, 0.6579108123100843, 0.6328649968326698, 0.6122989207880418, 0.5878639787681617, 0.519446141060002, 0.46100590508418793, 0.43616371410229765, 0.4039910405130525, 0.40806353084080504, 0.4768886173798231, 0.479128487060087, 0.49358582772360854, 0.535939727132235, 0.5314599877717072, 0.5163917735590228, 0.5442883323041278, 0.5548768071562843, 0.534310731001134, 0.534310731001134, 0.534310731001134, 0.534310731001134, 0.534310731001134, 0.5396049684272123]}
