{"best_test_loss": 0.5814128256367381, "epoch_time_hist": [20.095202445983887, 19.86337375640869, 19.390133142471313, 19.624685764312744, 19.615800619125366, 19.370177745819092, 19.27926993370056, 19.50370502471924, 19.976232767105103, 19.4034206867218, 19.748953104019165, 19.572858333587646, 20.17318367958069, 20.422062635421753, 20.517929077148438, 20.58471703529358, 20.160603523254395, 20.210724115371704, 20.15245485305786, 20.059789896011353, 20.320910215377808, 19.96001958847046, 20.412503719329834, 20.62727952003479, 20.243993520736694], "time_till_best_val_loss": 176.718581199646, "val_loss_hist": [0.6471187130798794, 0.6426389737193517, 0.6406027285554754, 0.6328649969327456, 0.61189167174482, 0.603135817540152, 0.6102626757562586, 0.6029321930757626, 0.596619833138088, 0.5962125839724771, 0.6029321928716737, 0.6177967826560002, 0.6253308898264034, 0.6595398085795248, 0.661576053743401, 0.6467114640471042, 0.6501730808256939, 0.6542455711534465, 0.651191203407632, 0.6489513337273681, 0.6544491956698341, 0.6518020769567949, 0.6491549582977221, 0.646304215014329, 0.6442679698504528, 0.6467114640471042]}
