{"best_test_loss": 0.5268409498996839, "epoch_time_hist": [23.545639276504517, 23.369330167770386, 23.432788133621216, 23.733065366744995, 23.621222972869873, 24.9367253780365, 25.64705467224121, 24.91246747970581, 24.308927536010742, 23.183555126190186, 21.74320673942566, 21.508447885513306, 21.479620218276978, 19.933673858642578, 21.37782073020935, 21.468596935272217, 19.077342987060547, 21.070120573043823, 29.510346174240112, 43.19037342071533, 34.51720428466797, 20.880520582199097, 19.25626850128174, 18.816063404083252, 18.75853657722473], "time_till_best_val_loss": 437.85995221138, "val_loss_hist": [0.6029609690328214, 0.604306864052984, 0.6252643722240865, 0.6329552009107295, 0.6475677754153515, 0.6577581234251537, 0.6573735819908215, 0.631417035173401, 0.6169967313859451, 0.5777735050840651, 0.5681599692257612, 0.5683522399429273, 0.5654681791854361, 0.5654681791854361, 0.5685445106600934, 0.5916169967200228, 0.5902711016998602, 0.5262449528835561, 0.5066333397326162, 0.5016343010862981, 0.5616227628632153, 0.6208421457948228, 0.6106517977323759, 0.6025764275984892, 0.5987310132551676, 0.5943087867603478]}
