{"best_test_loss": 0.19936140490522128, "epoch_time_hist": [36.44607973098755, 36.61512994766235, 36.55749225616455, 36.49769401550293, 36.633424043655396, 36.27249026298523, 36.51295614242554, 36.57922887802124, 36.52364182472229, 36.67593717575073, 36.58039164543152, 36.82492804527283, 36.58547306060791, 36.652153968811035, 36.6926543712616, 36.60867714881897, 36.480472803115845, 36.63720464706421, 36.56161451339722, 36.56575965881348, 36.528502225875854, 36.59895873069763, 36.70622205734253, 36.60788035392761, 36.55621266365051], "time_till_best_val_loss": 475.30486702919006, "val_loss_hist": [0.5864256874057352, 0.44049221290697066, 0.25879638530554133, 0.23630071139711017, 0.2172659103976684, 0.2128436836853731, 0.21457412035734333, 0.20649875023636804, 0.19303980003474255, 0.19957700435307785, 0.1961161315093998, 0.20380696019604294, 0.1926552586834164, 0.18227263982971928, 0.18361853489360472, 0.18957892712575314, 0.19996154591376503, 0.19419342433773903, 0.1936166121862408, 0.18400307656265197, 0.19054028062549558, 0.2007306287213857, 0.21899634685216313, 0.203999230913209, 0.19150163419818528, 0.19130936346915825]}
