{"best_test_loss": 0.46118539212164844, "epoch_time_hist": [1.1066186428070068, 1.2282137870788574, 1.3145067691802979, 1.4406321048736572, 1.4331142902374268, 1.4554486274719238, 1.2771039009094238, 1.100421667098999, 1.1024391651153564, 0.9714298248291016, 0.9034519195556641, 1.083458662033081, 1.080599069595337, 0.8976876735687256, 0.9253709316253662, 0.9728221893310547, 1.1064307689666748, 1.1119792461395264, 1.035013198852539, 1.0182559490203857, 1.0352802276611328, 1.046445608139038, 1.0321342945098877, 1.0501770973205566, 1.0744032859802246], "time_till_best_val_loss": 13.333380699157715, "val_loss_hist": [0.5962314939320087, 0.6029609690328214, 0.6164199192344468, 0.6417996539003692, 0.6577581233784126, 0.6162276485172807, 0.5895020187259886, 0.5391270909336834, 0.47413958853154897, 0.46433378195607894, 0.45202845598512115, 0.446068063811879, 0.4881753508846727, 0.4881753508846727, 0.4881753508846727, 0.48817535098902665, 0.4881753508846727, 0.4881753508846727, 0.4881753508846727, 0.4881753508846727, 0.4881753508846727, 0.4881753508846727, 0.4881753508846727, 0.4881753508846727, 0.4881753508846727, 0.4881753508846727]}
