{"best_test_loss": 0.6403911395205667, "epoch_time_hist": [25.985504627227783, 25.663980722427368, 25.47657561302185, 25.615943431854248, 25.67493724822998, 25.41585063934326, 25.62715792655945, 25.622721195220947, 25.403614282608032, 25.351848363876343, 25.66706919670105, 25.022489309310913, 25.305015563964844, 25.18682289123535, 26.149235248565674, 25.3786358833313, 25.332765340805054, 25.35328984260559, 25.489458322525024, 25.306604385375977, 25.15167212486267, 25.380618572235107, 25.344616174697876, 25.178086519241333, 25.853524446487427], "time_till_best_val_loss": 636.9380378723145, "val_loss_hist": [0.5995000961238319, 0.61430494134562, 0.6302634108704045, 0.6681407421521219, 0.6852528359799028, 0.7079407806055001, 0.7090944044236437, 0.7048644491308429, 0.6908286867777191, 0.6762161122730972, 0.6456450682436907, 0.6221880407494292, 0.6110363390793917, 0.6194962507091041, 0.6321861180420653, 0.6489136704148522, 0.6356469909510547, 0.6302634108704045, 0.6294943279832886, 0.6344933666480582, 0.6416073830982163, 0.6441069025063622, 0.6271870793957472, 0.6362238031025529, 0.6377619688398816, 0.6360315323853868]}
