{"best_test_loss": 0.4650537634252334, "epoch_time_hist": [0.8067388534545898, 0.7280287742614746, 0.7840220928192139, 0.8870620727539062, 0.9468472003936768, 1.0004220008850098, 1.0447728633880615, 1.0691721439361572, 1.0594282150268555, 1.02919602394104, 0.9833178520202637, 1.0572919845581055, 1.1515288352966309, 1.2019450664520264, 1.2188849449157715, 1.2320520877838135, 1.1860761642456055, 1.215824842453003, 1.1781377792358398, 1.216771125793457, 1.165097951889038, 1.1813371181488037, 1.110037088394165, 1.0827012062072754, 1.08367919921875], "time_till_best_val_loss": 0.8067388534545898, "val_loss_hist": [0.41789509768879346, 0.4000685635790172, 0.4031539252518631, 0.4237230030708357, 0.42749400074302346, 0.4518340760199749, 0.4600617072176873, 0.5029139526738803, 0.5474802879483209, 0.5961604387865561, 0.6153582447509305, 0.6019883441685983, 0.5923894411864111, 0.5591360987124053, 0.5526225574030641, 0.5402811107116805, 0.5241686664201519, 0.5107987658378198, 0.5056564963830766, 0.5166266712198619, 0.5251971203111006, 0.539938292748031, 0.5622214603852512, 0.5632499142761999, 0.5632499142761999, 0.5632499142761999]}
