{"best_test_loss": 0.1070095396056819, "epoch_time_hist": [3.211158037185669, 2.737595796585083, 2.720972776412964, 2.7241978645324707, 2.75409197807312, 2.71956205368042, 2.702343225479126, 2.743894100189209, 2.7166130542755127, 2.7139241695404053], "time_till_best_val_loss": 19.569921731948853, "val_loss_hist": [0.4738760631642821, 0.1360874848061528, 0.10530579181428491, 0.10530579181428491, 0.10773592547153764, 0.10085054677598825, 0.09315512352802126, 0.08829485621351581, 0.09153503442318611, 0.09396516808043884, 0.09801539084252672]}
