{"best_test_loss": 0.13205645160846585, "epoch_time_hist": [5.229578018188477, 5.932231903076172, 4.919529914855957, 4.573478937149048, 4.805267810821533, 4.575798034667969, 4.410772800445557, 4.660902738571167, 4.864399194717407, 5.110619783401489, 5.079584121704102, 5.40579891204834, 4.943004131317139, 5.42408299446106, 5.00747013092041, 5.842299222946167, 5.411764144897461, 5.56879997253418, 5.561093091964722, 6.225864887237549, 5.66093897819519, 5.996065139770508, 5.9742209911346436, 5.908530235290527, 5.737785816192627], "time_till_best_val_loss": 43.971959352493286, "val_loss_hist": [0.5005142270537054, 0.22351731264747376, 0.14535481658740643, 0.14226945491456053, 0.1618100788425845, 0.15735344531514045, 0.1703805279338231, 0.12375728487748519, 0.12889955433222833, 0.11621528971542779, 0.1217003771767449, 0.14192663696383695, 0.14535481658740643, 0.13678436749616785, 0.1611244429152854, 0.18272197462520667, 0.20397668837147837, 0.20569077818972606, 0.16592389440637903, 0.2091189578668, 0.22591703804504915, 0.2200891326630069, 0.2128899554263665, 0.18717860815265072, 0.18306479258885622, 0.1974631471465665]}
