{"best_test_loss": 0.11659946236167341, "epoch_time_hist": [1.761091709136963, 1.428631067276001, 1.47782301902771, 1.4407930374145508, 1.381140947341919, 1.3940389156341553, 1.4258618354797363, 1.4042742252349854, 1.3767738342285156, 1.3749401569366455, 1.342475175857544, 1.315464973449707, 1.2896320819854736, 1.2175569534301758, 1.1845529079437256, 1.1734929084777832, 1.2301440238952637, 1.213836908340454, 1.217273235321045, 1.1887409687042236, 1.1941959857940674, 1.2455620765686035, 1.2441411018371582, 1.2502970695495605, 1.2576320171356201], "time_till_best_val_loss": 28.032734870910645, "val_loss_hist": [0.5762769968948825, 0.3253342475034167, 0.2656839218283962, 0.23208776139074092, 0.2128899554263665, 0.17689406924316442, 0.1727802536793699, 0.1546109016059441, 0.15323962975134592, 0.1600959890243368, 0.16592389440637903, 0.16763798422462675, 0.1618100788425845, 0.1611244429152854, 0.15666780938784136, 0.16318135069718268, 0.1618100788425845, 0.14844017826025233, 0.13952691120536417, 0.12958519025952742, 0.1230716489501861, 0.11724374356814386, 0.11930065135004113, 0.1199862872773402, 0.13301336989602286, 0.12478573876843382]}
