{"best_test_loss": 0.5632090760947306, "epoch_time_hist": [25.528558492660522, 24.980133056640625, 23.890962839126587, 25.27953553199768, 24.752538919448853, 24.523425340652466, 23.251506567001343, 22.07769513130188, 20.959344625473022, 21.91130781173706, 25.03690266609192, 25.11946129798889, 23.831092357635498, 24.422219276428223, 23.951037645339966, 23.647366046905518, 24.562827825546265, 23.640549898147583, 23.59381127357483, 23.673133611679077, 23.727622747421265, 22.517198085784912, 23.5807044506073, 23.73251485824585, 23.69313883781433], "time_till_best_val_loss": 595.8845891952515, "val_loss_hist": [0.5624594068067686, 0.5652738687905332, 0.5700368044907981, 0.5784801904926762, 0.58367611992169, 0.5871400735962948, 0.5975319332803481, 0.615284693643315, 0.6375838926148604, 0.662481056491555, 0.6572851266365602, 0.641480839994772, 0.6432128166130502, 0.6449447932313284, 0.644295301999474, 0.6449447932313284, 0.6408313487629177, 0.6410478458402025, 0.6373673955263615, 0.6360684130626528, 0.6365014072172224, 0.634985927676229, 0.6403983546083482, 0.6388828750673547, 0.6399653604537786, 0.6406148516856329]}
