{"best_test_loss": 0.19732576985013522, "epoch_time_hist": [36.48545980453491, 36.23563289642334, 36.11349105834961, 36.549050092697144, 36.436267137527466, 36.40360188484192, 36.02509427070618, 36.463547706604004, 36.382131814956665, 36.43073487281799, 36.29037094116211, 35.87420105934143, 36.35227680206299, 36.35071158409119, 36.565171241760254, 36.40483355522156, 36.29443669319153, 36.38383197784424, 36.411675214767456, 36.50750541687012, 36.47225594520569, 36.49221181869507, 36.512802600860596, 36.49406981468201, 36.510602712631226], "time_till_best_val_loss": 472.04186034202576, "val_loss_hist": [0.6507902143039807, 0.43667460488338006, 0.3065598614352336, 0.23684780254953783, 0.2299198960764252, 0.22385797791245166, 0.2164970772847695, 0.20891967930399238, 0.22104351590774965, 0.21736306559390858, 0.20805369127066348, 0.19961030508502234, 0.19809482568667353, 0.19679584325185548, 0.20718770296152442, 0.20675470880695487, 0.2136826152800675, 0.20307425849311378, 0.20502273218867673, 0.20588872049781579, 0.2024247672612595, 0.19852781961183522, 0.2342498376221206, 0.21952803636675627, 0.22364148083516688, 0.21844555098033241]}
