{"best_test_loss": 0.46231766611705194, "epoch_time_hist": [1.0714771747589111, 1.1775908470153809, 1.2942075729370117, 1.3007969856262207, 1.3074324131011963, 1.2788801193237305, 1.1216650009155273, 0.9632329940795898, 0.9038369655609131, 0.7586863040924072, 0.7452192306518555, 1.0020909309387207, 1.0859959125518799, 0.982172966003418, 0.8870575428009033, 0.9808065891265869, 0.955878496170044, 0.9687366485595703, 0.9423274993896484, 0.9561152458190918, 0.927344560623169, 0.9420530796051025, 0.9380166530609131, 0.9248249530792236, 0.9468209743499756], "time_till_best_val_loss": 11.177806377410889, "val_loss_hist": [0.6144187053878006, 0.6317384710681763, 0.6170166702615931, 0.6061918164842376, 0.6265425416787795, 0.6131197230387503, 0.6239445767347057, 0.6090062784020566, 0.5581294652401357, 0.48170599695861216, 0.45897380384371134, 0.4955618099048374, 0.4890668974265803, 0.48906689715002494, 0.4890668975862943, 0.4890668975862943, 0.48906689756264854, 0.4890668975862943, 0.4890668975862943, 0.4890668975862943, 0.4890668975862943, 0.4890668975862943, 0.4890668975862943, 0.4890668975862943, 0.4890668975862943, 0.4890668975862943]}
