{"best_test_loss": 0.6053484602794703, "epoch_time_hist": [26.536510467529297, 25.977028846740723, 25.89320969581604, 25.6454074382782, 25.674108266830444, 25.2738094329834, 25.69358992576599, 25.687667846679688, 25.435957193374634, 25.368855714797974, 26.031316995620728, 25.604654788970947, 25.28394341468811, 25.304794311523438, 25.44728136062622, 25.943692922592163, 25.340524435043335, 25.768502235412598, 25.528291702270508, 25.404112815856934, 25.410405158996582, 25.429171085357666, 25.05239510536194, 25.24886417388916, 25.569852590560913], "time_till_best_val_loss": 384.85813570022583, "val_loss_hist": [0.6321714656715269, 0.6477592552360304, 0.6360684130735503, 0.6399653604537786, 0.6406148516856329, 0.6284910153576858, 0.6412643427082586, 0.6287075125162626, 0.6486252435451694, 0.6523056937533445, 0.6544706646318582, 0.6540376704772887, 0.6531716821681496, 0.6525221909362953, 0.6429963195357654, 0.6250270621211296, 0.6451612903086131, 0.6579346178684146, 0.6652955184960967, 0.6804503139060305, 0.6977700800888121, 0.6964710976251035, 0.7012340333253684, 0.6906256708320145, 0.6953886122386796, 0.7170383199671566]}
