{"best_test_loss": 0.3238784370383827, "epoch_time_hist": [33.99339270591736, 33.483546018600464, 33.45082712173462, 32.3780734539032, 31.40540599822998, 31.309061288833618, 30.196527242660522, 31.40418028831482, 30.41741394996643, 30.45744752883911, 30.77834415435791, 36.36345195770264, 33.43205142021179, 29.795104503631592, 34.89009976387024, 31.595457077026367, 30.716840267181396, 28.09929633140564, 26.782001972198486, 27.591403245925903, 24.748167753219604, 19.665796518325806, 19.271034717559814, 20.04600191116333, 19.84352135658264], "time_till_best_val_loss": 628.5399262905121, "val_loss_hist": [0.35757575756543797, 0.364213564137543, 0.3702741702182957, 0.45512265510952027, 0.4787878787091142, 0.4672438672303826, 0.4565656565524801, 0.4115440116192254, 0.3422799422700641, 0.3613275606139482, 0.3520923520821907, 0.3875901877238032, 0.43722943699843275, 0.38672438671322584, 0.3391053390955525, 0.47186147164333525, 0.32352092351158673, 0.33535353534385703, 0.32467532466595456, 0.31803751802833946, 0.3021645021557817, 0.31919191918270734, 0.3137085119797102, 0.32669552668609825, 0.33333333332371334, 0.33939393938414447]}
