{"best_test_loss": 0.07756874032711963, "epoch_time_hist": [73.00532960891724, 72.49669671058655, 72.70286011695862, 72.65649127960205, 72.57577538490295, 72.45256185531616, 72.64098167419434, 72.21153616905212, 71.22003674507141, 72.86822462081909, 72.69102072715759, 71.47018718719482, 71.86992812156677, 71.39623856544495, 72.32307052612305, 72.68407416343689, 72.40561866760254, 72.73507285118103, 72.8919587135315, 72.35046076774597, 72.87423038482666, 72.90877389907837, 72.61880326271057, 72.92052674293518, 72.73984956741333], "time_till_best_val_loss": 1666.0499320030212, "val_loss_hist": [0.3587301587198058, 0.1535353535309225, 0.12092352092003107, 0.0992784992756341, 0.11111111110790445, 0.09754689754408234, 0.1067821068790278, 0.10101010100718585, 0.10533910533606525, 0.11630591638060758, 0.0914862914836512, 0.09177489177224316, 0.09264069269143783, 0.09119769119505923, 0.10476190509082234, 0.10274170252763822, 0.14227994216505424, 0.11341991341664012, 0.09206349232050802, 0.10101010100718585, 0.09812409823223707, 0.09581529515311986, 0.09437229443357256, 0.08311688304641614, 0.08802308786686924, 0.09841269840985822]}
