{"best_test_loss": 0.09377713458484004, "epoch_time_hist": [1.2190475463867188, 1.373655080795288, 1.2220661640167236, 1.4963176250457764, 1.6455256938934326, 1.7126579284667969, 1.6393637657165527, 1.7150990962982178, 1.732447862625122, 1.6929447650909424, 1.5891244411468506, 1.7622442245483398, 1.616321086883545, 1.6968514919281006, 1.443382978439331, 1.5531046390533447, 1.548882246017456, 1.5635557174682617, 1.5763201713562012, 1.5991184711456299, 1.5283122062683105, 1.5932719707489014, 1.541264295578003, 1.5571339130401611, 1.6070802211761475], "time_till_best_val_loss": 18.80049419403076, "val_loss_hist": [0.4083694083576228, 0.48571428570026803, 0.28571428570604, 0.20606060605465915, 0.17748917748405516, 0.1595959595869947, 0.1578643578598019, 0.16103896138113125, 0.14747474747049136, 0.1327561329974362, 0.12092352092003107, 0.12496392511452324, 0.10129870129577782, 0.12756132755764615, 0.14805194804767527, 0.17518037517531948, 0.19047619047069334, 0.20519480518888328, 0.19624819624253254, 0.18961038960491747, 0.1971139971083084, 0.19509379508816468, 0.20519480518888328, 0.20519480518888328, 0.20519480518888328, 0.20519480518888328]}
