{"best_test_loss": 0.3565846599028485, "epoch_time_hist": [37.61784338951111, 36.73212122917175, 36.06865096092224, 33.95775055885315, 33.094661474227905, 37.44566226005554, 39.32988953590393, 37.48520803451538, 35.690475940704346, 36.68177390098572, 37.40288591384888, 35.14527869224548, 35.88927125930786, 35.377354860305786, 36.436689376831055, 36.06384825706482, 33.43313455581665, 31.360535383224487, 31.24740171432495, 31.346309185028076, 32.02172875404358, 31.848949670791626, 31.56771230697632, 31.346355199813843, 31.21407985687256], "time_till_best_val_loss": 865.805572271347, "val_loss_hist": [0.37460316679190053, 0.46060606059276754, 0.4701298701163022, 0.47763347761969316, 0.4516594516464168, 0.4118326119995181, 0.39971139957507246, 0.4057720057602952, 0.44184704183429013, 0.4389610389483706, 0.4481962481833133, 0.4455988455859856, 0.4614718614585434, 0.471572871559262, 0.46262626261291123, 0.47590187588814137, 0.5085137084990328, 0.5004329004184579, 0.5024531024386016, 0.5007215007070499, 0.5027417027271937, 0.5021645021500097, 0.5015873015728258, 0.5007215007070499, 0.49898989897549817, 0.49812409810972225]}
