{"best_test_loss": 0.5553680658267314, "epoch_time_hist": [13.439361095428467, 13.276224851608276, 12.891501665115356, 12.774055480957031, 12.538841962814331, 12.371056079864502, 12.29192066192627, 12.130374431610107, 11.70956802368164, 11.435198545455933, 11.697730302810669, 11.2093346118927, 10.351287364959717, 9.936779022216797, 10.543990135192871, 10.176308870315552, 11.290063619613647, 13.25254511833191, 14.296063423156738, 14.461729288101196, 14.015064001083374, 13.903483152389526, 13.636341571807861, 13.62000823020935, 12.822854042053223], "time_till_best_val_loss": 89.58296179771423, "val_loss_hist": [0.6140264835553206, 0.6071603727168425, 0.5946542422610434, 0.5733202550129152, 0.5642471799763549, 0.5571358508936456, 0.5458558116590031, 0.5409514467743759, 0.5438940657051522, 0.5473271211243912, 0.5804315840956246, 0.5980872976802823, 0.6125551740899324, 0.6159882295091714, 0.628003923476508, 0.6338891613380606, 0.6481118195034794, 0.6358509072919115, 0.6123099558457011, 0.6051986267629917, 0.6071603727168425, 0.6076508092053053, 0.6120647376014697, 0.6152525747764774, 0.6120647376014697, 0.6113290828687756]}
