{"best_test_loss": 0.17949799619954657, "epoch_time_hist": [9.267093658447266, 8.734192609786987, 8.575689792633057, 8.729939460754395, 8.6752290725708, 8.769366264343262, 8.900597333908081, 8.76219367980957, 8.705724716186523, 8.763786554336548, 8.599868774414062, 8.683196306228638, 8.744442224502563, 8.681570291519165, 8.818489074707031, 8.696653604507446, 8.544089078903198, 8.721169710159302, 8.648099899291992, 8.56292200088501, 8.721421480178833, 8.684824228286743, 8.7871835231781, 8.69851303100586, 8.659162044525146], "time_till_best_val_loss": 70.41430187225342, "val_loss_hist": [0.5610593428013473, 0.22020598331975955, 0.16723884269256642, 0.148602256004203, 0.14320745463111312, 0.1439431093638072, 0.1490926924926657, 0.14051005394456817, 0.1368317802810978, 0.14222658165418767, 0.1412457086061039, 0.1444335458522699, 0.14026483570033682, 0.14541441882919534, 0.1608631682157709, 0.15007356546959114, 0.1549779303542183, 0.14492398218094457, 0.15031878371382248, 0.14933791073689706, 0.15129965669074794, 0.15522314859844966, 0.15399705737729286, 0.15007356546959114, 0.14762138302727756, 0.1456596370734267]}
