{"best_test_loss": 0.29993672220417766, "epoch_time_hist": [1.3420698642730713, 1.5305206775665283, 1.706709861755371, 1.755228042602539, 1.8609158992767334, 1.682786464691162, 1.6113677024841309, 1.7804453372955322, 1.841745138168335, 1.7298707962036133, 1.5017776489257812, 1.626615285873413, 1.3674778938293457, 1.4910063743591309, 1.5212993621826172, 1.3411650657653809, 1.2381000518798828, 1.4051289558410645, 1.397174596786499, 1.3467357158660889, 1.3322348594665527, 1.4256300926208496, 1.4514100551605225, 1.4678423404693604, 1.44913649559021], "time_till_best_val_loss": 18.343437433242798, "val_loss_hist": [0.5728298185244525, 0.6360961254593864, 0.6414909269092327, 0.617704757218791, 0.5948994605052746, 0.5259931338430184, 0.48626777831078305, 0.37273173123166425, 0.3192741539892282, 0.30358018635842127, 0.3146150073488324, 0.293771456589167, 0.33594899459696054, 0.3754291319182092, 0.462972045108804, 0.45365375182801243, 0.46395291808572947, 0.4583128984684082, 0.47621383029729736, 0.4575772437357142, 0.5058852378492917, 0.4960765080800374, 0.49337910739349244, 0.49337910739349244, 0.49337910739349244, 0.48970083373002204]}
