{"best_test_loss": 0.5562117696571143, "epoch_time_hist": [14.024101734161377, 13.444302558898926, 14.113421440124512, 13.975886583328247, 13.589598417282104, 14.120594501495361, 14.177825927734375, 13.499117851257324, 13.73930549621582, 13.798951148986816, 13.38711929321289, 13.6549973487854, 13.969387531280518, 13.444210052490234, 13.89511752128601, 13.607370853424072, 13.260881900787354, 13.274513959884644, 13.139882326126099, 13.344966173171997, 12.854600191116333, 13.07683253288269, 13.159080505371094, 13.30305290222168, 13.130000352859497], "time_till_best_val_loss": 110.94484901428223, "val_loss_hist": [0.6804806279468312, 0.6086316821822307, 0.5926924962832241, 0.5995586071456704, 0.6118195193572384, 0.5983325156890869, 0.6154977930207087, 0.5975968611918197, 0.567680235395594, 0.5897498773764162, 0.6078960274495366, 0.6154977930207087, 0.6132908288226265, 0.5899950956206476, 0.6206473761495673, 0.6199117214168732, 0.6257969592784258, 0.6640510053785177, 0.6844041196497204, 0.6880823933131908, 0.6851397743824145, 0.6848945561381831, 0.6871015203362653, 0.6871015203362653, 0.6883276115574221, 0.6873467385804967]}
