{"best_test_loss": 0.33388067738213384, "epoch_time_hist": [37.443609952926636, 39.044310569763184, 40.45493459701538, 39.337952613830566, 40.17800545692444, 39.20737814903259, 38.14806246757507, 36.6718213558197, 38.94025468826294, 36.54311275482178, 35.59289216995239, 41.856377601623535, 38.49839115142822, 40.50571131706238, 51.05811333656311, 42.09135317802429, 39.58000087738037, 33.49804425239563, 35.60761499404907, 31.353220224380493, 28.2363920211792, 32.48132038116455, 34.587971687316895, 26.154306888580322, 22.76045274734497], "time_till_best_val_loss": 675.1522822380066, "val_loss_hist": [0.4407751091582758, 0.4374999999880595, 0.42740174671322595, 0.4391375545418152, 0.4347707423462126, 0.43668122269550547, 0.4164847161458383, 0.4050218340500813, 0.38209606861675866, 0.45824235806609603, 0.4762554558666599, 0.432587336240238, 0.3635371178359394, 0.33242358086161194, 0.326692139729075, 0.3275109170216291, 0.3362445412640653, 0.32587336243652093, 0.33433406112624636, 0.46643013099163677, 0.4707969432185918, 0.4792576419083172, 0.3392467248815708, 0.3324235807769535, 0.47216157203951525, 0.33651746723972387]}
