{"best_test_loss": 0.0640394088652425, "epoch_time_hist": [108.29176068305969, 107.94679665565491, 107.00967192649841, 108.11893773078918, 108.31485223770142, 108.18312859535217, 108.33278584480286, 108.34244155883789, 108.40521693229675, 108.33402752876282, 108.90186643600464, 108.82024192810059, 108.98689007759094, 108.81959176063538, 108.57827615737915, 108.64847660064697, 108.17917084693909], "time_till_best_val_loss": 1625.3864860534668, "val_loss_hist": [0.3780021833957969, 0.165120087331738, 0.09115720523768676, 0.0930676855869796, 0.07423580785823593, 0.0720524017447584, 0.06823144104617272, 0.0794213971458969, 0.06686681211308511, 0.08924672488839393, 0.09361353711534898, 0.07096069868801963, 0.07669213985086971, 0.07860262015284589, 0.07996724887978228, 0.06086244541318607, 0.06795851539164988, 0.07041484757506355]}
