{"best_test_loss": 0.10509031198398767, "epoch_time_hist": [1.2144849300384521, 1.3267498016357422, 1.1182861328125, 1.441903829574585, 1.5726919174194336, 1.6456506252288818, 1.6741852760314941, 1.746877908706665, 1.7866897583007812, 1.6365931034088135, 1.72090482711792, 1.7501327991485596, 1.7459120750427246, 1.6293184757232666, 1.6331818103790283, 1.5584251880645752, 1.585892915725708, 1.5799105167388916, 1.6260738372802734, 1.6393327713012695, 1.6345710754394531, 1.6157069206237793, 1.6626343727111816, 1.6266415119171143, 1.6359245777130127], "time_till_best_val_loss": 18.635150909423828, "val_loss_hist": [0.41348253273980673, 0.41020742356959045, 0.27456331876979906, 0.16975982532287773, 0.16948689955869306, 0.17549126637075624, 0.13018558951609757, 0.15638646302020928, 0.10753275108876821, 0.12254366835652687, 0.12581877734948474, 0.10262008733344379, 0.09252183405861021, 0.10698689944808938, 0.13400655021468325, 0.16375545851081455, 0.16402838427499924, 0.17603711789912563, 0.18313318776792759, 0.18941048034417549, 0.1705786026154318, 0.18777292575906734, 0.2038755458459641, 0.2098799126580273, 0.2098799126580273, 0.2098799126580273]}
