{"best_test_loss": 0.32840722461754024, "epoch_time_hist": [45.34203577041626, 44.19329881668091, 43.68588638305664, 43.9797420501709, 46.72522163391113, 48.0939679145813, 50.600181579589844, 52.61950659751892, 48.61245846748352, 46.14120411872864, 43.696500301361084, 39.99954581260681, 41.19315576553345, 40.10606789588928, 40.199278831481934, 40.59925293922424, 40.5177047252655, 41.40751123428345, 41.14537978172302, 41.483001470565796, 41.36746621131897, 42.138251543045044, 41.57313418388367, 41.14681577682495, 41.575255155563354], "time_till_best_val_loss": 45.34203577041626, "val_loss_hist": [0.32341703055885873, 0.31413755401642396, 0.3187772917551242, 0.35453056767591345, 0.3719978165837337, 0.396834056644708, 0.4061135371068201, 0.35480349344009815, 0.3608078602521614, 0.365447597338067, 0.37036025115450255, 0.4072052401635588, 0.400109170336419, 0.4006550217782598, 0.3971069867974069, 0.3971069869302478, 0.39983624453057215, 0.39983624448637656, 0.401746724879865, 0.4022925764082344, 0.4036572052291578, 0.3987445414738334, 0.41211790391888325, 0.4085698689844823, 0.41129912662632917, 0.41184497815469856]}
