{"best_test_loss": 0.301006404382403, "epoch_time_hist": [17.575047492980957, 17.470616817474365, 17.68636178970337, 16.447699308395386, 18.910608291625977, 17.728617668151855, 17.127496480941772, 16.767693042755127, 17.74406099319458, 17.179534912109375, 16.975303411483765, 15.884315013885498, 15.378515720367432, 13.966315746307373, 15.532675743103027, 15.28987193107605, 15.541924476623535, 16.51126003265381, 15.952412605285645, 15.958087682723999, 13.681240320205688, 14.562610387802124, 15.499444246292114, 12.276727199554443, 14.875385046005249], "time_till_best_val_loss": 283.20665884017944, "val_loss_hist": [0.41477749788931495, 0.4119787293475517, 0.4385670304943026, 0.4080604534877847, 0.3926672266411747, 0.36719843267933955, 0.36915757069296384, 0.32745591938630125, 0.299188357114116, 0.412258606201728, 0.44360481386947653, 0.4875454799751597, 0.4587181639949981, 0.4408060453277133, 0.3657990484084579, 0.4377273999317737, 0.3344528407407094, 0.28183599215556016, 0.40945983765996474, 0.3159809683650719, 0.44024629161936063, 0.4340890008274814, 0.32745591938630125, 0.42345368036878106, 0.2924713126142605, 0.42681220261889696]}
