{"best_test_loss": 0.03903629155111204, "epoch_time_hist": [19.588574409484863, 18.973753452301025, 18.956816911697388, 18.893240928649902, 18.93365740776062, 18.964832544326782, 19.101202487945557, 19.008016109466553, 18.778268098831177, 19.004472494125366, 19.00565767288208, 18.861004114151, 18.846016883850098, 18.952254056930542, 19.00013041496277, 18.939298629760742, 19.005945682525635, 19.079859018325806, 18.996726274490356, 19.010737895965576, 18.971126556396484, 19.00759983062744, 19.05780839920044, 18.97491145133972, 18.997684478759766], "time_till_best_val_loss": 322.8131422996521, "val_loss_hist": [0.3579624964915208, 0.08900083962807163, 0.07332773533765787, 0.06828995241902351, 0.053456479147678246, 0.04561992723074112, 0.04142177441809623, 0.041701651454481875, 0.04617968093909377, 0.03946263643886195, 0.044220542959859485, 0.04282115868897786, 0.038063252167980316, 0.036383991042922365, 0.03358522259318207, 0.03582423745034696, 0.03862300587633297, 0.03190596137610115, 0.03554436048039339, 0.033025468792806455, 0.03750349865255945, 0.036943744751275015, 0.03442485306368808, 0.04226140498062521, 0.03722362160545134, 0.03442485306368808]}
