{"best_test_loss": 0.13174748398500313, "epoch_time_hist": [1.0968263149261475, 1.3252639770507812, 1.363027811050415, 1.446044683456421, 1.5328807830810547, 1.5827817916870117, 1.5197715759277344, 1.571112871170044, 1.6160693168640137, 1.6099789142608643, 1.5811705589294434, 1.5679631233215332, 1.6234707832336426, 1.5540168285369873, 1.509721040725708, 1.444359540939331, 1.4126451015472412, 1.3201639652252197, 1.4194824695587158, 1.400397539138794, 1.4054510593414307, 1.3908417224884033, 1.4133188724517822, 1.4168407917022705, 1.3809559345245361], "time_till_best_val_loss": 9.866596937179565, "val_loss_hist": [0.4396865379110079, 0.4111390987850227, 0.2823957458639128, 0.18975650713154896, 0.1589700531721531, 0.13462076680848245, 0.12454520010846501, 0.11866778617076217, 0.12090680100417278, 0.13322138258793112, 0.14329694933827886, 0.14525608731751313, 0.13014273719199154, 0.13657990483804702, 0.14889448642180536, 0.1460957178800421, 0.19171564511078323, 0.18947663027737263, 0.21382591659071298, 0.20710887209048115, 0.1925552756733122, 0.18863699958784824, 0.18359921633966977, 0.1936747830900175, 0.21074727119477338, 0.21774419254918154]}
