{"best_test_loss": 0.27172918571906896, "epoch_time_hist": [20.087422132492065, 20.147844552993774, 18.881479501724243, 19.40422010421753, 18.57448387145996, 17.952821731567383, 17.513892650604248, 17.682221174240112, 17.726458311080933, 17.794713020324707, 18.782630681991577, 18.3746440410614, 17.897139072418213, 19.241015911102295, 20.350680828094482, 19.770907163619995, 20.616415977478027, 20.421119689941406, 20.351231575012207, 20.369563579559326, 20.812939167022705, 19.99454951286316, 20.437429428100586, 20.519946813583374, 20.30101728439331], "time_till_best_val_loss": 59.11674618721008, "val_loss_hist": [0.43101035501264234, 0.3456479149077625, 0.31849986005265885, 0.2703610411343308, 0.2728799327015741, 0.33613210193459314, 0.38259165965903746, 0.40610131509082137, 0.3699972012211028, 0.4063811922960632, 0.43129023228571817, 0.44920235095300304, 0.4595577945575271, 0.45368038061982424, 0.42737195622842516, 0.4279317099763602, 0.42877134066696665, 0.42989084765743174, 0.41841589742757324, 0.4133781139919164, 0.4128183602156139, 0.4133781137220708, 0.4133781136184333, 0.4111390988238868, 0.41225860595774944, 0.41393786752033856]}
