{"best_test_loss": 0.8292730791692196, "epoch_time_hist": [28.64604640007019, 27.8549747467041, 27.992094039916992, 27.80485773086548, 27.815505981445312, 27.692346334457397, 27.653464555740356, 27.720972776412964, 27.774832487106323, 27.503333568572998, 27.37374997138977, 27.612704515457153, 27.62848949432373, 27.496338605880737, 27.326356172561646, 27.306180715560913, 27.590301036834717, 27.317925214767456, 27.23368239402771, 27.410804986953735, 27.560313940048218, 27.299764394760132, 27.292643308639526, 27.485364198684692, 27.36975121498108, 27.396896839141846, 27.22825527191162, 27.309476613998413, 27.44937825202942, 27.51857042312622, 27.47067666053772, 27.41921901702881, 27.436129093170166, 27.61370348930359, 27.228371381759644, 27.45207381248474, 27.31020212173462, 27.421269178390503, 27.23246145248413, 27.392860412597656, 27.33847141265869, 27.348148107528687, 27.594109535217285, 27.39904236793518, 27.545166730880737, 27.608330011367798, 27.288976430892944, 27.719435930252075, 27.928943634033203, 27.848443269729614, 27.84508442878723, 27.981916189193726, 27.8294198513031, 27.8555428981781, 27.80521321296692, 27.674226760864258, 27.630781650543213, 27.77850079536438, 27.353984117507935, 27.653329133987427, 27.31502866744995, 27.761887788772583, 27.62355613708496, 27.598418712615967, 27.665233612060547, 27.74459934234619], "time_till_best_val_loss": 1819.3781335353851, "val_acc_hist": [0.0, 0.0, 0.0, 0.0, 0.0, 0.0, 0.0, 0.0, 0.0, 0.0, 0.0, 0.0, 0.0, 0.0, 0.0, 0.0, 0.0, 0.0, 0.0, 0.0, 0.0, 0.0, 0.0, 0.0, 0.0, 0.0, 0.0, 0.0, 0.0, 0.0, 0.0, 0.0, 0.0, 0.0, 0.0, 0.0, 0.0, 0.0, 0.0, 0.0, 0.0, 0.0, 0.0, 0.0, 0.0, 0.0, 0.0, 0.0, 0.0, 0.0, 0.0, 0.0, 0.0, 0.0, 0.0, 0.0, 0.0, 0.0, 0.0, 0.0, 0.0, 0.0, 0.0, 0.0, 0.0, 0.0, 0.0], "val_loss_hist": [0.7556586275495708, 0.7579194956583849, 0.7630330718509102, 0.788684887518663, 0.8038677876069995, 0.8202134488406647, 0.828135644586261, 0.8257389761070181, 0.8282408007199036, 0.8218668427133698, 0.8138345145182629, 0.806172953362672, 0.7985527820014633, 0.7985527820014633, 0.7980118669037766, 0.7987431093068158, 0.8009689576563164, 0.800639142191455, 0.7965411681279557, 0.7951857361899507, 0.7963991478027576, 0.7965126097189016, 0.7972522961663826, 0.7969782176236959, 0.7969782176236959, 0.7969782176236959, 0.7969782176236959, 0.7969782176236959, 0.7969782176236959, 0.7969782176236959, 0.7969782176236959, 0.7969782176236959, 0.7969782176236959, 0.7969782176236959, 0.7969782176236959, 0.7969782176236959, 0.7969782176236959, 0.7969782176236959, 0.7969782176236959, 0.7969782176236959, 0.7969782176236959, 0.7969782176236959, 0.7969782176236959, 0.7969782176236959, 0.7969782176236959, 0.7969782176236959, 0.7969782176236959, 0.7969782176236959, 0.7969782176236959, 0.7969782176236959, 0.7969782176236959, 0.7969782176236959, 0.7969782176236959, 0.7969782176236959, 0.7969782176236959, 0.7969782176236959, 0.7969782176236959, 0.7969782176236959, 0.7969782176236959, 0.7969782176236959, 0.7969782176236959, 0.7969782176236959, 0.7969782176236959, 0.7969782176236959, 0.7969782176236959, 0.7969782176236959, 0.7969782176236959]}
