{"best_test_loss": 0.1223593843244134, "epoch_time_hist": [55.346543073654175, 55.75345849990845, 56.27018165588379, 56.151594161987305, 56.04938983917236, 55.62971758842468, 55.87386393547058, 56.38691687583923, 56.32656908035278, 56.265460729599, 56.26358509063721, 56.269155502319336, 56.55809783935547, 56.55964016914368, 56.615225315093994, 56.30755019187927, 56.616832971572876, 56.492470264434814, 56.82660245895386, 56.36176586151123, 56.528740644454956, 56.49944090843201, 56.38370990753174, 56.48815083503723, 56.34967756271362, 56.33445620536804, 56.472360610961914, 56.65208649635315, 56.257704734802246, 56.213547468185425, 56.42040967941284, 56.200995683670044], "time_till_best_val_loss": 1519.9811577796936, "val_acc_hist": [0.0, 0.0, 0.0, 0.0, 0.005, 0.005, 0.005, 0.01, 0.015, 0.01, 0.005, 0.005, 0.0, 0.005, 0.005, 0.01, 0.015, 0.0, 0.01, 0.01, 0.005, 0.005, 0.005, 0.005, 0.005, 0.005, 0.01, 0.005, 0.0, 0.0, 0.005, 0.005, 0.005], "val_loss_hist": [0.8070534349356029, 0.3120305351467361, 0.20239368576497144, 0.16863366970045077, 0.15654660624939498, 0.14566637917248268, 0.14093715712404276, 0.13566153038783202, 0.139442551750539, 0.13981468465237082, 0.13654861759906925, 0.13604561007857766, 0.13710278592373895, 0.13664632946660385, 0.13271606840568975, 0.13121046749375323, 0.1383735477407114, 0.12413053146098318, 0.12791952766553022, 0.12741316303305353, 0.1259816929617786, 0.1279881550785018, 0.13154913762414394, 0.13294393692346754, 0.1260095240999116, 0.12834126715643665, 0.1262843840792984, 0.12269516235547956, 0.13184779818535924, 0.12915671358113145, 0.1258765983368189, 0.12960012233129092, 0.12912116240032315]}
