{"best_test_loss": 0.10806617484173843, "epoch_time_hist": [2.115854501724243, 2.2744719982147217, 2.5102591514587402, 2.71030592918396, 2.7848563194274902, 2.8149819374084473, 2.8358731269836426, 2.830261707305908, 2.9824531078338623, 2.8905184268951416, 2.9342539310455322, 3.1338186264038086, 3.0295071601867676, 3.0535175800323486, 3.0404841899871826, 2.9563510417938232, 2.9332387447357178, 2.9849729537963867, 3.0779690742492676, 3.05653977394104, 2.9861176013946533, 2.971792697906494, 2.927856922149658, 2.959373950958252, 2.926589250564575, 2.927276372909546, 2.9384677410125732, 3.002286911010742, 2.9059505462646484, 2.8704657554626465, 2.9603772163391113, 2.9095005989074707, 2.9798805713653564, 2.9558334350585938, 2.9796807765960693, 2.986457347869873, 3.0674729347229004, 3.0280086994171143, 3.0006675720214844, 2.9739832878112793, 2.8800265789031982, 2.933591604232788, 3.001964807510376, 2.985138416290283, 2.9375574588775635, 2.9430086612701416, 2.9652180671691895, 2.951223850250244, 2.9811360836029053, 2.943352222442627, 2.9784746170043945, 2.9545891284942627, 2.971216917037964, 2.996908664703369, 2.973776340484619, 2.976580858230591, 2.9534027576446533, 3.001551389694214, 3.0240085124969482, 2.9630210399627686, 2.9741692543029785, 2.9678823947906494, 2.9693198204040527, 2.9608588218688965, 2.980146646499634, 2.9557974338531494, 2.976642608642578, 2.9951555728912354, 2.901672124862671, 2.9399588108062744, 2.980743885040283, 3.021104574203491, 3.0030417442321777, 3.0175857543945312, 2.970637559890747, 2.9721436500549316, 2.9944989681243896, 2.986405611038208, 2.958287477493286, 2.9479784965515137, 2.975078582763672, 2.9229283332824707, 2.9960312843322754, 2.9522573947906494, 2.957850694656372, 2.994302272796631, 2.9594478607177734, 2.9772963523864746, 2.964773654937744, 3.0197038650512695, 2.9752209186553955, 2.967677116394043, 2.976623773574829, 3.0066864490509033, 2.9754176139831543, 2.9681053161621094, 2.9663751125335693, 2.9808928966522217, 2.95755672454834, 2.947080373764038], "time_till_best_val_loss": 220.13899445533752, "val_acc_hist": [0.0, 0.0, 0.0, 0.0, 0.0, 0.0, 0.0, 0.0, 0.0, 0.0, 0.0, 0.005, 0.0, 0.005, 0.0, 0.005, 0.0, 0.005, 0.005, 0.0, 0.005, 0.0, 0.0, 0.0, 0.0, 0.0, 0.005, 0.0, 0.005, 0.01, 0.005, 0.005, 0.0, 0.005, 0.005, 0.0, 0.0, 0.0, 0.0, 0.015, 0.025, 0.03, 0.03, 0.02, 0.025, 0.02, 0.02, 0.02, 0.02, 0.025, 0.01, 0.04, 0.035, 0.03, 0.025, 0.025, 0.02, 0.025, 0.03, 0.03, 0.035, 0.03, 0.03, 0.03, 0.03, 0.03, 0.025, 0.03, 0.025, 0.025, 0.025, 0.025, 0.025, 0.03, 0.03, 0.03, 0.03, 0.03, 0.03, 0.03, 0.03, 0.03, 0.03, 0.03, 0.025, 0.03, 0.03, 0.03, 0.03, 0.03, 0.03, 0.03, 0.03, 0.03, 0.03, 0.03, 0.03, 0.03, 0.03, 0.03, 0.03], "val_loss_hist": [0.7636800904246057, 0.7418701546191308, 0.6424404417949805, 0.5599136883993832, 0.5453084404099112, 0.47380098303424883, 0.39743769001887486, 0.3836986217897812, 0.3184661226914544, 0.27034941566778214, 0.27051513262979104, 0.23654873070269078, 0.2544154740262032, 0.21996815234125788, 0.22228826694416773, 0.21329609933328358, 0.21351346483960082, 0.20870132965612176, 0.2208005350667935, 0.23284574420312332, 0.21969601472169126, 0.20545495316292484, 0.2154392336998077, 0.19562926672535835, 0.18865096956010727, 0.16367103923977294, 0.1563454584158469, 0.18371535959399407, 0.18120250644114622, 0.17176801840684477, 0.1738123960689535, 0.16798502815932723, 0.16816140293792675, 0.1695981813423917, 0.16912300156959054, 0.16117291624862135, 0.1595403512597434, 0.16294892042772982, 0.13360787980698896, 0.13432329705386223, 0.13214981371610326, 0.1210606530701864, 0.11841032361076428, 0.11562773788476396, 0.11916121443395615, 0.11709834457287714, 0.11288748110322373, 0.10988495692256535, 0.11259198080455222, 0.11082870293868614, 0.11267809320249826, 0.11371837621546765, 0.1147441272387444, 0.11143422336323343, 0.1126529779608217, 0.11384553646209149, 0.11188599062617507, 0.11754280805267482, 0.11346950629235457, 0.11222124429143639, 0.10937160750891997, 0.10828138552236447, 0.10724540253603776, 0.10761095642361368, 0.1065074296356136, 0.10746861532080386, 0.10822286326440665, 0.10670006720000175, 0.10682374879105874, 0.10697054058766353, 0.10740381439751409, 0.10883988992565874, 0.10812906596422359, 0.10762645558050797, 0.10761141890416337, 0.10623580007658542, 0.10628284055023765, 0.1065890146849566, 0.10938808683128919, 0.10836802803853378, 0.10848726194485792, 0.10743190837122205, 0.10849383485229644, 0.10792293273876595, 0.10766728118283737, 0.10792860001872835, 0.10735865083951791, 0.10744302985625899, 0.10744122226669801, 0.10752301416881044, 0.10719088987760308, 0.10723466027353919, 0.10727815341476318, 0.10769605907219695, 0.10746964930999797, 0.10681348337355293, 0.10676333645745449, 0.10714563411423304, 0.10706821523971023, 0.10684994650839194, 0.10684994650839194]}
