{"best_test_loss": 0.5282398538481616, "epoch_time_hist": [33.86086821556091, 33.5810968875885, 33.55668616294861, 33.57253432273865, 33.55583190917969, 33.52608919143677, 33.63493251800537, 33.64585065841675, 33.409552335739136, 33.50857853889465, 33.317559242248535, 33.38932514190674, 33.381112575531006, 33.50613069534302, 33.23585295677185, 33.353644371032715, 33.221720457077026, 33.22957181930542, 33.10498857498169, 33.32748532295227, 33.2555947303772, 33.202820777893066, 33.17743134498596, 33.16034197807312, 33.444427728652954, 33.34464192390442, 33.15556979179382, 33.19535255432129, 33.25161337852478, 33.00857400894165, 33.122798681259155, 33.21063470840454, 32.937352418899536, 33.14214086532593, 33.16193699836731, 33.06242513656616, 33.16639161109924, 33.073896169662476, 32.89545035362244, 33.08786654472351, 32.98455333709717, 33.097992181777954, 32.93256402015686, 32.93284511566162, 33.09766721725464, 32.987696409225464, 32.95680046081543, 33.006330728530884, 32.924278259277344, 32.86417865753174, 32.91892457008362, 32.95876479148865, 32.81942796707153, 32.78737711906433, 32.69188714027405], "time_till_best_val_loss": 1364.961226940155, "val_acc_hist": [0.0, 0.0, 0.0, 0.0, 0.0, 0.0, 0.0, 0.0, 0.0, 0.0, 0.0, 0.0, 0.0, 0.0, 0.0, 0.0, 0.0, 0.0, 0.0, 0.0, 0.0, 0.0, 0.0, 0.0, 0.0, 0.0, 0.0, 0.0, 0.0, 0.0, 0.0, 0.0, 0.0, 0.0, 0.0, 0.0, 0.0, 0.0, 0.0, 0.0, 0.0, 0.0, 0.0, 0.0, 0.0, 0.0, 0.0, 0.0, 0.0, 0.0, 0.0, 0.0, 0.0, 0.0, 0.0, 0.0], "val_loss_hist": [0.8084320669130233, 0.8237346310968404, 0.8149176137671094, 0.7833630582628296, 0.7697192128870043, 0.7373838349244158, 0.7039545226119874, 0.672710713846106, 0.6522917141566701, 0.6403714850075868, 0.6332911056005402, 0.6341844611929937, 0.6374970472835987, 0.6315177622447785, 0.6176022063985861, 0.6205739543589565, 0.6092408043456002, 0.605697059486028, 0.5946432189484964, 0.5899223856679856, 0.5860550071858505, 0.5852580051836519, 0.5899705851279762, 0.5840348991234685, 0.5720491265846767, 0.5659683784894737, 0.5660197592082579, 0.5564298708664376, 0.5518517528012206, 0.5513306920258135, 0.5541358665743765, 0.5615567240656079, 0.5481366809918888, 0.5459806595774872, 0.5370815478023041, 0.5341587969830661, 0.5188843080746721, 0.5047230157776342, 0.49942469109837745, 0.49886449740234423, 0.49809925101590447, 0.4927766118948589, 0.49573882312063916, 0.4971596279553304, 0.5038634681458339, 0.5018921001722448, 0.5109093141260634, 0.518715643048202, 0.5192397673214348, 0.5233837054051929, 0.5302423522625317, 0.5343264508499529, 0.5301488126489919, 0.5295878157293834, 0.5314478095931564, 0.5303274808171945]}
