{"best_test_loss": 0.28390214435868616, "epoch_time_hist": [15.790224313735962, 15.863669872283936, 14.79236626625061, 15.502685070037842, 14.986530303955078, 14.90259575843811, 14.628259420394897, 13.989656925201416, 12.983203887939453, 14.0540931224823, 13.626984596252441, 14.252079725265503, 13.983995914459229, 14.030362367630005, 14.636149644851685, 10.983594417572021, 11.027874946594238, 14.022370100021362, 12.939470529556274, 14.248322010040283, 11.433526754379272, 14.077388763427734, 11.849337577819824, 11.11469554901123, 11.096657514572144], "time_till_best_val_loss": 292.6780159473419, "val_loss_hist": [0.4346907993835689, 0.4606334841490005, 0.4482654600166436, 0.3490196064094306, 0.3363499245750724, 0.3728506787217843, 0.41538461537208493, 0.4193061839994176, 0.39276018098362714, 0.3861236802296795, 0.4120663649951111, 0.3535444947103003, 0.378883861277072, 0.37797888384983475, 0.2914027149233363, 0.4380090497605427, 0.43076923075623624, 0.42775263950444187, 0.43197586725695397, 0.4141779788713672, 0.28627450979528585, 0.2693815987852374, 0.4292609351303391, 0.4262443438785447, 0.4259426847533653, 0.41870286574905874]}
