{"best_test_loss": 0.028994261551525395, "epoch_time_hist": [12.819914102554321, 12.465294599533081, 12.381298542022705, 12.396538257598877, 12.35477089881897, 12.412535667419434, 12.300001621246338, 12.164069652557373, 12.305501937866211, 12.31437063217163, 12.328608512878418, 12.40560007095337, 12.28575587272644, 12.340680122375488, 12.361546754837036, 12.259292364120483, 12.274909734725952, 12.328765153884888, 12.32854151725769, 12.429681062698364, 12.315417528152466, 12.329307794570923, 12.40468978881836, 12.263538599014282, 12.388350009918213], "time_till_best_val_loss": 284.3070921897888, "val_loss_hist": [0.41387631974618777, 0.06063348416106686, 0.054600301657478124, 0.053695324281939814, 0.05007541477978657, 0.05641025652965968, 0.04494720965173613, 0.03469079939563527, 0.040723981611374825, 0.031070889893482025, 0.036500754146711896, 0.025641025640252158, 0.03469079939563527, 0.0316742081438409, 0.027149321266149343, 0.029260935142405402, 0.02322775263881666, 0.03197586726902034, 0.030165912517943715, 0.025037707389893284, 0.027149321266149343, 0.026847662140969907, 0.029260935142405402, 0.021417797887740037, 0.027149321266149343, 0.025037707389893284]}
