{"best_test_loss": 0.08184838417149357, "epoch_time_hist": [1.037895679473877, 1.2819452285766602, 1.2958695888519287, 1.4620864391326904, 1.5088920593261719, 1.5178632736206055, 1.486422061920166, 1.4977638721466064, 1.558039903640747, 1.5914597511291504, 1.568087100982666, 1.5552639961242676, 1.513213872909546, 1.5395572185516357, 1.5201821327209473, 1.5054469108581543, 1.5435166358947754, 1.561948537826538, 1.6157026290893555, 1.5168814659118652, 1.5650653839111328, 1.5596356391906738, 1.6045219898223877, 1.5330097675323486, 1.62113356590271], "time_till_best_val_loss": 11.088738203048706, "val_loss_hist": [0.3665158370930161, 0.38039215613546484, 0.34298642532902, 0.17496229209006084, 0.14208144795951488, 0.10769230768905906, 0.0868778280516779, 0.0835595776747041, 0.07963800904737141, 0.11463046756818611, 0.12730015082572246, 0.12277526394803091, 0.08838612367757508, 0.09984917043439369, 0.09924585218403482, 0.12066365007177486, 0.1438914027105915, 0.14208144795951488, 0.1502262443393597, 0.12880844645161965, 0.12850678717113204, 0.12156862744731317, 0.12156862744731317, 0.1300150829523374, 0.13182503770341403, 0.13695324283146446]}
