{"best_test_loss": 0.25792811838544466, "epoch_time_hist": [16.778945207595825, 17.95347547531128, 16.155100107192993, 15.636804342269897, 15.720623254776001, 15.710371255874634, 15.382657051086426, 15.550871133804321, 15.731352806091309, 16.061628580093384, 16.87790608406067, 16.291362762451172, 15.816075086593628, 14.913382291793823, 14.675509452819824, 15.269327163696289, 15.138282299041748, 14.774751663208008, 15.376983165740967, 15.340127944946289, 15.1924147605896, 15.184260606765747, 15.210753440856934, 15.284229755401611, 15.141566038131714], "time_till_best_val_loss": 113.33797669410706, "val_loss_hist": [0.4051282051159841, 0.38129713422680855, 0.3363499245750724, 0.3288084464455865, 0.2947209653003101, 0.2772247360399027, 0.27239819003703175, 0.2558069381521627, 0.25852187027877765, 0.2672699849089813, 0.26666666665862243, 0.2720965309118523, 0.30678733030748756, 0.3110105580599997, 0.326395173444151, 0.35625942683691525, 0.34901960783260877, 0.3484162895822499, 0.3279034690700482, 0.3279034690700482, 0.3291101055707659, 0.32941176469594535, 0.3285067872300472, 0.3291101055707659, 0.3300150829463042, 0.3291101055707659]}
