{"best_test_loss": 0.6339765267429088, "epoch_time_hist": [15.709541320800781, 14.98724913597107, 14.916825294494629, 13.95226764678955, 13.676632642745972, 14.492218255996704, 14.051203966140747, 13.576353073120117, 13.768353939056396, 13.861091136932373, 13.455626487731934, 14.092859983444214, 13.879682064056396, 12.244118452072144, 12.69459867477417, 14.737436294555664, 14.365827322006226, 14.72889256477356, 14.294284105300903, 14.593384265899658, 14.178630352020264, 14.097179174423218, 13.8856360912323, 14.014568328857422, 13.667248725891113], "time_till_best_val_loss": 59.56588339805603, "val_loss_hist": [0.594902251877881, 0.591932689849706, 0.5892105910666018, 0.5882207373983662, 0.5805493689433426, 0.5845087849397548, 0.584261321440627, 0.5978718138926535, 0.5882207374266711, 0.61148230634468, 0.6278148972871117, 0.6401880722434995, 0.6372185102539664, 0.5993565948874201, 0.5956446424005037, 0.6000989853848033, 0.5996040583865478, 0.5976243503935258, 0.5956446424005037, 0.595397178901376, 0.5951497154022483, 0.5956446424005037, 0.5956446424005037, 0.5961395693987592, 0.5961395693987592, 0.5968819598961426]}
