{"best_test_loss": 0.1776407400004448, "epoch_time_hist": [12.544217348098755, 12.212016344070435, 11.976791143417358, 12.262403964996338, 12.111887216567993, 12.173949480056763, 12.267723560333252, 12.179931640625, 12.148441791534424, 12.269505262374878, 12.17215633392334, 12.268957376480103, 12.154280185699463, 11.951509714126587, 12.315526962280273, 12.241380214691162, 12.012492418289185, 12.039297342300415, 12.125808000564575, 12.080814838409424, 12.203493356704712, 12.123095512390137, 12.149556636810303, 12.272514820098877, 12.144457817077637], "time_till_best_val_loss": 304.4022092819214, "val_loss_hist": [0.5941598614059188, 0.2917594654716219, 0.22915120019230015, 0.19227913882226483, 0.19549616431092562, 0.18287552585541017, 0.18609255134407096, 0.1972284087573694, 0.18436030685017668, 0.18040089086413263, 0.18683494184145422, 0.18609255134407096, 0.17965850036674935, 0.18386537985192117, 0.17569908431995124, 0.19203167532313706, 0.1885671863353485, 0.18089581786238812, 0.19376391981703134, 0.19178421182400932, 0.19475377381354236, 0.17693640187634407, 0.1848552338484322, 0.18188567196195707, 0.18337045285366568, 0.1752041573824498]}
