{"best_test_loss": 0.3737815794634219, "epoch_time_hist": [0.9943718910217285, 1.143890380859375, 1.265516757965088, 1.3435888290405273, 1.38348388671875, 1.2905869483947754, 1.1911725997924805, 1.2621986865997314, 0.9954204559326172, 1.043161392211914, 1.4130706787109375, 0.9131691455841064, 1.0141944885253906, 1.0304937362670898, 0.9957945346832275, 0.9647860527038574, 0.980668306350708, 0.9861423969268799, 0.9597246646881104, 1.0365171432495117, 1.0321886539459229, 1.0082638263702393, 1.0296821594238281, 1.0031530857086182, 1.0140902996063232], "time_till_best_val_loss": 10.870230436325073, "val_loss_hist": [0.5647117050095345, 0.5622370699387225, 0.5664439495034288, 0.5580301902819452, 0.5468943330723363, 0.5379856471037371, 0.530066815131649, 0.43726800304144264, 0.374164810681164, 0.35708982924134897, 0.363771343740131, 0.35733729149231364, 0.37762929966895253, 0.4338035139709527, 0.4132640435433491, 0.4459292254282126, 0.5033407572258515, 0.5075476367110233, 0.504825538220618, 0.5016085127319573, 0.504825538220618, 0.504825538220618, 0.504825538220618, 0.504825538220618, 0.504825538220618, 0.504825538220618]}
