{"best_test_loss": 0.5838472249809811, "epoch_time_hist": [16.721586227416992, 16.45220136642456, 16.568719625473022, 16.422608852386475, 16.366121292114258, 15.895384073257446, 15.992875099182129, 16.17380142211914, 16.274428367614746, 15.930204153060913, 16.34126091003418, 15.968815565109253, 15.95579218864441, 15.774732828140259, 16.01902461051941, 16.016082286834717, 16.000389575958252, 15.890425443649292, 15.935786485671997, 15.827667713165283, 16.067602396011353, 16.035405158996582, 16.12901997566223, 15.845440149307251, 16.32032823562622], "time_till_best_val_loss": 66.16511607170105, "val_loss_hist": [0.5451620885268553, 0.5597624350269794, 0.598366740890909, 0.5577827270339574, 0.5280871072291246, 0.5429349170862922, 0.5718881464842394, 0.5614946795208737, 0.5706508289886006, 0.5850037119380104, 0.5810442959519663, 0.5790645879589442, 0.570155901990345, 0.5760950259694112, 0.5798069784563274, 0.5909428359170764, 0.5921801534127152, 0.5921801534127152, 0.5911902994162042, 0.592427616911843, 0.5909428359170764, 0.5911902994162042, 0.5894580549223098, 0.5867359564319046, 0.5879732739275434, 0.5889631279240544]}
