{"best_test_loss": 0.30292397659932974, "epoch_time_hist": [15.323556184768677, 14.799538612365723, 14.25124192237854, 14.688916683197021, 14.430313348770142, 14.153571367263794, 14.641502857208252, 13.59192156791687, 12.408308029174805, 13.159239530563354, 11.921793699264526, 13.524381399154663, 12.940382480621338, 12.276599884033203, 12.926818132400513, 9.950838565826416, 9.277774810791016, 8.260845184326172, 7.836225271224976, 7.864126682281494, 7.735912799835205, 7.779831171035767, 7.814640283584595, 7.704189777374268, 7.779728412628174], "time_till_best_val_loss": 128.28887057304382, "val_loss_hist": [0.38144019281767283, 0.3802350105338887, 0.3968062669359203, 0.45555890327039594, 0.4121723410541678, 0.37963241939199666, 0.3748116902568602, 0.4130762278534103, 0.30189816208792114, 0.27176860499331823, 0.3088279602196798, 0.3356432660338764, 0.34257306416563504, 0.45375112984471977, 0.3253992166217114, 0.28743597468251175, 0.2808074721216991, 0.32178366977035905, 0.40614642963524716, 0.42332027717917087, 0.4133775233379519, 0.41398011447984395, 0.41488400119268204, 0.4175956613311963, 0.42030732146971056, 0.42121120818254865]}
