{"best_test_loss": 0.02982456140263671, "epoch_time_hist": [12.735759496688843, 12.534948348999023, 12.450562715530396, 12.412488460540771, 12.186795234680176, 12.298629760742188, 12.30647587776184, 12.34740948677063, 12.35662055015564, 12.322890281677246, 12.268859148025513, 12.269245386123657, 12.257827043533325, 12.284647703170776, 12.092747926712036, 12.047111511230469, 12.096319913864136, 12.22871208190918, 12.004280805587769, 12.08923602104187, 12.355350971221924, 12.270481824874878, 12.29916000366211, 12.264312267303467, 12.29288911819458], "time_till_best_val_loss": 307.07376194000244, "val_loss_hist": [0.4037360651098636, 0.05694486290879949, 0.05754745405069155, 0.058752636334475666, 0.05122024706082494, 0.06086170533109787, 0.04097619764865995, 0.037360650797307604, 0.03645676408446952, 0.033443808375009224, 0.0403736065067679, 0.028623079239872763, 0.034648990658793344, 0.027719192527034673, 0.036758059655415544, 0.03826453751014569, 0.028321783668926733, 0.02651401024325056, 0.03434769508784732, 0.0259114191013585, 0.027417896810094537, 0.028020488097980703, 0.02922567038176482, 0.0259114191013585, 0.028321783668926733, 0.024103645675682326]}
