{"best_test_loss": 0.1131578947335334, "epoch_time_hist": [1.0886921882629395, 1.2765350341796875, 1.25468111038208, 1.396240472793579, 1.4565761089324951, 1.5240068435668945, 1.4609737396240234, 1.557666301727295, 1.5233099460601807, 1.5663695335388184, 1.627551555633545, 1.6012933254241943, 1.528144121170044, 1.5995512008666992, 1.6072072982788086, 1.6341049671173096, 1.5814073085784912, 1.5952022075653076, 1.6056933403015137, 1.6759202480316162, 1.5532410144805908, 1.5739905834197998, 1.6506617069244385, 1.5453135967254639, 1.5663964748382568], "time_till_best_val_loss": 17.333896160125732, "val_loss_hist": [0.40674902077713926, 0.3070201867940036, 0.25971678215547706, 0.16661645073315406, 0.13739078035138927, 0.14793612533450026, 0.12142211509124971, 0.09581199156083725, 0.0964145827027293, 0.09551069598989122, 0.15607110575004307, 0.10906899668246252, 0.09460680927705313, 0.11961434166557354, 0.0994275384121896, 0.1428141006284178, 0.15516721903720498, 0.13407652907098294, 0.1355830069257131, 0.14462187405409396, 0.1482374209054463, 0.14160891834463366, 0.1566736968919351, 0.15486592346625894, 0.14793612533450026, 0.14221150948652572]}
