{"best_test_loss": 0.2862573099331504, "epoch_time_hist": [16.408405542373657, 16.605900287628174, 15.409179210662842, 15.267150163650513, 15.502151250839233, 15.602877616882324, 15.580686807632446, 15.905203342437744, 15.199975728988647, 15.1165292263031, 15.774470090866089, 16.170912742614746, 16.20781707763672, 15.42670488357544, 15.709906578063965, 15.663320779800415, 15.864947080612183, 16.133848190307617, 16.058061122894287, 16.09294104576111, 15.939550161361694, 16.061511516571045, 15.876211404800415, 15.825626134872437, 15.996915578842163], "time_till_best_val_loss": 63.690635204315186, "val_loss_hist": [0.43567339558795803, 0.41819825247308834, 0.3555287737163143, 0.3449834287332033, 0.2654413980034516, 0.26694787585818175, 0.2684543537129119, 0.290448930391972, 0.30491111745082716, 0.2964748418108926, 0.3097318469325179, 0.34136788188185097, 0.36637541427037135, 0.3826453750047677, 0.3814401928616663, 0.37902982825010456, 0.3772220548244284, 0.3886712865203775, 0.3913829466588918, 0.3856583308109172, 0.39078035516269827, 0.39439590236835204, 0.39228683337172987, 0.3928894245136219, 0.39228683337172987, 0.3916842422298378]}
