{"best_test_loss": 0.44349419668773693, "epoch_time_hist": [2.9082443714141846, 2.5587713718414307, 2.5360631942749023, 2.48738694190979, 2.5642611980438232, 2.519360303878784, 2.498948097229004, 2.7084243297576904, 2.57832670211792, 2.560049533843994, 2.3464202880859375, 2.293851852416992, 2.449636459350586, 2.7121567726135254, 2.362379550933838, 1.999218463897705, 1.8741936683654785, 2.0213186740875244, 2.2325387001037598, 2.1513264179229736, 2.3841469287872314, 2.2166271209716797, 1.9372401237487793, 2.098430633544922, 2.302215814590454], "time_till_best_val_loss": 59.30153751373291, "val_loss_hist": [0.6409218311852718, 0.6359389598057945, 0.6253503581244052, 0.6144503269817986, 0.6047960136840612, 0.5995017128433665, 0.5727187791786759, 0.5496729990485932, 0.5010900030986892, 0.4699470569769559, 0.4400498287000919, 0.45935845529556657, 0.44721270630809057, 0.4391155403164399, 0.5450015571303332, 0.5848645281661519, 0.5848645281661519, 0.5848645281661519, 0.5892245406231945, 0.5599501712687652, 0.4400498287000919, 0.4923699781846039, 0.4400498287000919, 0.4384926813940052, 0.44409841169591724, 0.43288695109209324]}
