{"best_test_loss": 0.1087354917498859, "epoch_time_hist": [4.070693016052246, 3.756849765777588, 3.6908071041107178, 3.683601140975952, 3.7539515495300293, 3.678715229034424, 3.6883347034454346, 3.744645357131958, 3.682840585708618, 3.689633846282959, 3.7413065433502197, 3.6738874912261963, 3.695911169052124, 3.7481088638305664, 3.6792149543762207, 3.6908950805664062, 3.7633228302001953, 3.6658272743225098, 3.6989967823028564, 3.752652883529663, 3.688971519470215, 3.677227735519409, 3.7498698234558105, 3.6861767768859863, 3.685011386871338], "time_till_best_val_loss": 22.634617805480957, "val_loss_hist": [0.5191529118492946, 0.1423232637763213, 0.1180317658013693, 0.1189660541850213, 0.11367175334432664, 0.11460604172797864, 0.10308315166293731, 0.10744316411997998, 0.10588601681389331, 0.10713173465876265, 0.12394892556449864, 0.10993459980971865, 0.11211460603823997, 0.10900031142606664, 0.11024602927093598, 0.10619744627511064, 0.10837745250363197, 0.10806602304241464, 0.10868888196484931, 0.10526315789145864, 0.10432886950780665, 0.10464029896902398, 0.10713173465876265, 0.10806602304241464, 0.10557458735267597, 0.10464029896902398]}
