{"best_test_loss": 0.17470983505880544, "epoch_time_hist": [1.068474292755127, 1.110055923461914, 1.0822346210479736, 1.064260721206665, 1.0910305976867676, 1.177494764328003, 1.1397926807403564, 1.203871726989746, 1.173619031906128, 1.1838524341583252, 1.0823473930358887, 1.1237366199493408, 1.2180514335632324, 1.2047111988067627, 1.196021318435669, 1.260615348815918, 1.138685703277588, 1.1808781623840332, 1.1469402313232422, 1.1653249263763428, 1.1220464706420898, 1.2207071781158447, 1.2653257846832275, 1.2466070652008057, 1.2343430519104004], "time_till_best_val_loss": 12.377034187316895, "val_loss_hist": [0.46963562751573856, 0.5132357520861652, 0.32637807535576524, 0.2566178760430826, 0.22640921830500127, 0.19308626595474662, 0.22267206477039328, 0.1968234194893546, 0.16972905636344662, 0.18934911242013863, 0.20554344440343994, 0.15010900030675464, 0.1796947991224013, 0.19962628464031063, 0.17066334474709863, 0.16256617875544796, 0.2071005917095266, 0.19152911864865996, 0.21114917470535194, 0.18374338211822663, 0.17658050451022797, 0.18125194642848796, 0.1843662410406613, 0.17377763935927196, 0.17564621612657597, 0.17004048582466397]}
