{"best_test_loss": 0.2690897984035098, "epoch_time_hist": [3.44484281539917, 2.79890775680542, 2.8853397369384766, 2.8358936309814453, 2.912182569503784, 2.7998712062835693, 2.702859878540039, 2.729813575744629, 2.665574550628662, 2.6952602863311768, 2.735299587249756, 2.628640651702881, 2.679953098297119, 2.7097203731536865, 2.648704767227173, 2.6463305950164795, 2.593977212905884, 2.615112066268921, 2.6179487705230713, 2.6754543781280518, 2.6487948894500732, 2.646428108215332, 2.6333465576171875, 2.592200994491577, 2.6034488677978516], "time_till_best_val_loss": 62.95025706291199, "val_loss_hist": [0.4497041419978292, 0.42946122701870254, 0.3724696356159306, 0.3466209903348919, 0.3260666458945479, 0.3014637184583786, 0.27094363125907994, 0.27218934910394926, 0.2538150108921266, 0.24945499843508395, 0.25910931173282126, 0.2622236063449946, 0.25817502334916925, 0.2547492992757786, 0.24322640921073727, 0.2313920896844786, 0.23886639675369462, 0.23575210214152129, 0.2566178760677498, 0.26066645903890795, 0.25692930552765325, 0.24665213328412794, 0.23855496729247727, 0.2267206477662186, 0.22765493614987062, 0.2301463718396093]}
