{"best_test_loss": 0.3076256499044591, "epoch_time_hist": [17.64715552330017, 16.41890597343445, 17.139875411987305, 17.638538360595703, 17.16322612762451, 16.522782802581787, 16.3997540473938, 16.698134899139404, 17.447495698928833, 16.178537845611572, 16.620651245117188, 16.87954831123352, 16.41800832748413, 14.739926815032959, 14.791841268539429, 15.535709142684937, 16.50958561897278, 16.34687113761902, 12.901111602783203, 14.835699558258057, 16.34676957130432, 14.532827615737915, 13.078338384628296, 12.951043128967285, 14.85274362564087], "time_till_best_val_loss": 341.1801292896271, "val_loss_hist": [0.35514888336367406, 0.3945409429158021, 0.43083126549532164, 0.40291563274184505, 0.398883374677454, 0.3582506197712248, 0.4041563275308885, 0.41997518609119183, 0.3957816377048455, 0.38523573199797656, 0.4100496277788446, 0.41997518609119183, 0.3356079404362405, 0.37189826301576, 0.384305210906194, 0.4305210917980608, 0.31420595532524176, 0.2928039702142431, 0.4348635235597127, 0.4354838709542344, 0.303349875921112, 0.2900124069388954, 0.2999379652512426, 0.44447890817479907, 0.4494416873309727, 0.30179900743480775]}
