{"best_test_loss": 0.05141536683849176, "epoch_time_hist": [19.53960919380188, 19.228927612304688, 19.090792894363403, 19.08167552947998, 19.037678718566895, 18.63448715209961, 18.73785924911499, 19.067352294921875, 19.045950174331665, 19.09512209892273, 19.05419611930847, 19.10377049446106, 19.094402074813843, 19.127469539642334, 19.17435359954834, 19.04651165008545, 19.248748540878296, 19.13242745399475, 19.05703115463257, 19.11541986465454, 19.096593379974365, 19.042025566101074, 19.145965099334717, 19.13742995262146, 19.169696807861328], "time_till_best_val_loss": 266.9392931461334, "val_loss_hist": [0.3874069474454079, 0.07909429280151693, 0.0660669975165612, 0.09677419354538543, 0.07475186103986502, 0.06079404466312674, 0.07227047146177822, 0.07723325061795183, 0.06761786600286546, 0.06761786600286546, 0.06451612903025694, 0.07289081885629992, 0.05521091811243142, 0.0635856079384744, 0.04807692307543186, 0.05521091811243142, 0.06234491314943099, 0.05583126550695313, 0.06327543424121354, 0.05241935483708377, 0.05800248138777908, 0.051488833745301214, 0.05428039702064887, 0.049937965258996964, 0.051799007442562064, 0.04807692307543186]}
