{"best_test_loss": 0.09387637203657204, "epoch_time_hist": [1.1121137142181396, 1.300278663635254, 1.1741600036621094, 1.3496932983398438, 1.4933960437774658, 1.5869464874267578, 1.593691349029541, 1.5227196216583252, 1.617476224899292, 1.563218355178833, 1.6081948280334473, 1.5848360061645508, 1.6043627262115479, 1.5625131130218506, 1.4456238746643066, 1.3803496360778809, 1.4332561492919922, 1.314976692199707, 1.317070484161377, 1.3690524101257324, 1.378706932067871, 1.4083728790283203, 1.391434669494629, 1.373654842376709, 1.3578362464904785], "time_till_best_val_loss": 9.610279560089111, "val_loss_hist": [0.41315136475145314, 0.36228287819752936, 0.35980148882258683, 0.20626550867846571, 0.16532258064003344, 0.13895781637286111, 0.11104218361938455, 0.09646401984812457, 0.1315136476386007, 0.12096774193173178, 0.12406947890434028, 0.1352357320057309, 0.10980148883034115, 0.11879652605090582, 0.10049627778078675, 0.1284119106659922, 0.15849875930029472, 0.17741935483320662, 0.17400744416333724, 0.17152605453338862, 0.17152605458525044, 0.17245657567703299, 0.17772952853046745, 0.17710918113594576, 0.17990074441129342, 0.17648883374142404]}
