{"best_test_loss": 0.26747544771035603, "epoch_time_hist": [20.154594659805298, 17.291184902191162, 17.7303946018219, 18.832088470458984, 18.239734888076782, 18.840303421020508, 19.531916618347168, 19.74040961265564, 18.88696551322937, 18.23866581916809, 17.504011869430542, 17.265146732330322, 16.891961812973022, 18.311294555664062, 18.509607791900635, 19.196795225143433, 19.216725826263428, 18.069425344467163, 18.388772010803223, 18.665409564971924, 18.199195384979248, 17.87535548210144, 18.830833196640015, 18.758077144622803, 19.070046186447144], "time_till_best_val_loss": 257.45867347717285, "val_loss_hist": [0.3228908187291113, 0.4233870966233934, 0.41749379651310503, 0.4119106699624097, 0.4454094292665816, 0.4478908188446684, 0.4221464019720178, 0.398883374677454, 0.3939205955212804, 0.39485111661306294, 0.3883374689705851, 0.3523573200883264, 0.32102977643046104, 0.3064516126969655, 0.2803970221878011, 0.29435483879956054, 0.3244416871207695, 0.3222704714540239, 0.32133995036224133, 0.31420595532524176, 0.33343672449089184, 0.37034739452945575, 0.37096774192397747, 0.38213399502536805, 0.4354838709542344, 0.4630893272840878]}
