{"best_test_loss": 0.4796511627732685, "epoch_time_hist": [1.895209789276123, 1.5731723308563232, 1.4656226634979248, 1.358201503753662, 1.2418091297149658, 1.244821310043335, 1.266000747680664, 1.1656904220581055, 1.3179280757904053, 1.358499526977539, 1.4881935119628906, 1.4059011936187744, 1.3414068222045898, 1.4414560794830322, 1.4583790302276611, 1.644911766052246, 1.8432953357696533, 1.7449877262115479, 1.7489628791809082, 1.8580694198608398, 1.7349202632904053, 1.8141014575958252, 1.6717603206634521, 1.8178815841674805, 1.691438913345337], "time_till_best_val_loss": 6.292206287384033, "val_loss_hist": [0.4868265827571048, 0.4840739284119515, 0.45379473061526565, 0.44239087689963075, 0.4357058590923344, 0.4388517498844337, 0.44868265825998105, 0.46047974831063787, 0.46165945731570357, 0.4667715296709882, 0.5049154541681119, 0.5112072355284621, 0.5348014156297758, 0.5631144317513522, 0.5426661423302137, 0.537947306309951, 0.5383405426449729, 0.5367675973048853, 0.5363743609698635, 0.5355878882998196, 0.5351946519647978, 0.5332284702896882, 0.5332284702896882, 0.5395202516500386, 0.537554069974929, 0.5418796696601699]}
