{"best_test_loss": 0.07376453488104054, "epoch_time_hist": [3.885105848312378, 3.611107349395752, 3.525120258331299, 3.5311598777770996, 3.584491491317749, 3.5364127159118652, 3.5180063247680664, 3.586418628692627, 3.528770923614502, 3.510063886642456, 3.585221290588379, 3.529202938079834, 3.5257253646850586, 3.5829267501831055, 3.530128002166748, 3.5245673656463623, 3.558513879776001, 3.4927401542663574, 3.5286502838134766, 3.5885112285614014, 3.5221457481384277, 3.5293776988983154, 3.5973575115203857, 3.522965669631958, 3.533820152282715], "time_till_best_val_loss": 39.40187859535217, "val_loss_hist": [0.45182854894015617, 0.1049941014508457, 0.09437672040525456, 0.09555642941032023, 0.10263468344071433, 0.09044435705503562, 0.08887141171494804, 0.08769170270988236, 0.08690523003983858, 0.08257963035459774, 0.08218639401957585, 0.07943373967442259, 0.07982697600944448, 0.08022021234446637, 0.08022021234446637, 0.08729846637486047, 0.0916240660601013, 0.08139992134953206, 0.0845458120297072, 0.09005112072001373, 0.08651199370481667, 0.0916240660601013, 0.0845458120297072, 0.08808493904490425, 0.08847817537992615, 0.08847817537992615]}
