{"best_test_loss": 0.11446220929816635, "epoch_time_hist": [1.677553653717041, 1.2715673446655273, 1.2049200534820557, 1.0469069480895996, 0.994664192199707, 1.0274040699005127, 1.0698506832122803, 1.073328971862793, 0.9820103645324707, 0.9642291069030762, 0.9966311454772949, 0.9569721221923828, 1.0232243537902832, 1.009838581085205, 1.0621848106384277, 1.0928313732147217, 1.0457208156585693, 1.0745677947998047, 1.1360173225402832, 1.0395703315734863, 1.120347023010254, 1.103980302810669, 1.0824558734893799, 1.1706666946411133, 1.1469149589538574], "time_till_best_val_loss": 15.29910159111023, "val_loss_hist": [0.537554069974929, 0.21116791190675707, 0.19229256782570617, 0.15336217065853866, 0.16751867871932685, 0.1773495870948742, 0.14628391662814458, 0.16594573337923926, 0.16201337002902033, 0.1690916240594144, 0.15414864332858244, 0.15532835233364814, 0.1368462445876191, 0.1710578057345239, 0.12898151788718124, 0.1502162799783635, 0.1840346047902464, 0.16004718835391085, 0.16004718835391085, 0.14942980730831973, 0.15532835299927458, 0.14549744395810077, 0.15886747934884518, 0.14353126228299132, 0.14589068029312266, 0.14156508060788184]}
