{"best_test_loss": 0.14571220929703083, "epoch_time_hist": [2.5265417098999023, 1.9749422073364258, 1.9915482997894287, 1.9950459003448486, 1.95013427734375, 1.8988146781921387, 1.8949270248413086, 1.949387550354004, 1.8970351219177246, 1.9332895278930664, 1.8886492252349854, 1.803513765335083, 1.8742358684539795, 1.9020864963531494, 1.798682689666748, 1.853093147277832, 1.8428146839141846, 1.782787799835205, 1.7876002788543701, 1.76047945022583, 1.7387049198150635, 1.7092361450195312, 1.7872533798217773, 1.7315871715545654, 1.7627370357513428], "time_till_best_val_loss": 23.703829288482666, "val_loss_hist": [0.46244592998574735, 0.248525363733837, 0.2528509634190778, 0.2434132913785524, 0.23830121902326776, 0.2426268187085086, 0.23948092802833343, 0.22571765630256715, 0.2099882029016914, 0.20055053086116595, 0.18246165945015883, 0.16004718835391085, 0.12937475422220313, 0.13527329924753154, 0.1490365709732978, 0.15572158866867003, 0.1627998426990641, 0.1647660243741736, 0.17931576876998367, 0.18914667714553102, 0.17656311442483041, 0.17813605976491798, 0.19504522217085943, 0.20762878489156003, 0.2084152575616038, 0.20487613054640677]}
