{"best_test_loss": 0.5649932765449351, "epoch_time_hist": [29.413140773773193, 27.9504976272583, 27.353825092315674, 28.147207975387573, 28.05734372138977, 28.361545085906982, 28.065114498138428, 28.309420824050903, 28.29349684715271, 27.646171808242798, 28.718796253204346, 27.68470788002014, 26.55897307395935, 25.6382577419281, 29.5532808303833, 28.143396854400635, 24.27100682258606, 24.81378173828125, 26.162950038909912, 28.093982696533203, 28.930795192718506, 31.722708702087402, 35.23431921005249, 30.40108823776245, 25.27056312561035], "time_till_best_val_loss": 580.1676933765411, "val_loss_hist": [0.6561787504660096, 0.6479708162186966, 0.6493388052747529, 0.6472868210818667, 0.6456908346376578, 0.6472868217432689, 0.6507067943669649, 0.6545827633273738, 0.6525307782822399, 0.6493388049576218, 0.6331509347197413, 0.6226630186816539, 0.6310989511940014, 0.6274509803778511, 0.6295029639619356, 0.5569995439909485, 0.5686274509674276, 0.5791153670638597, 0.601915184664799, 0.5768353853037658, 0.5788873688878503, 0.5492476060066291, 0.5517555859427324, 0.5574555403429673, 0.6698586411155983, 0.6680346557075232]}
