{"best_test_loss": 0.22433886149205876, "epoch_time_hist": [57.785287380218506, 57.25372314453125, 57.937514781951904, 57.71334505081177, 58.176512002944946, 58.11901903152466, 57.98683714866638, 58.03772211074829, 57.87728428840637, 58.164103269577026, 58.267438650131226, 57.98318433761597, 58.07012963294983, 57.31618857383728, 57.31485462188721, 58.013367891311646, 58.03911995887756, 58.102471351623535, 58.09927701950073, 57.98126029968262, 58.06408476829529, 57.98343348503113, 58.0816650390625, 58.268985748291016, 58.055132150650024], "time_till_best_val_loss": 637.3187868595123, "val_loss_hist": [0.6627906976593071, 0.5362517099740937, 0.3634290925589734, 0.291381668940005, 0.2631098951148402, 0.23552211581770358, 0.22435020519324328, 0.22982216141746872, 0.23666210669775053, 0.2416780665699572, 0.2375740994017881, 0.22321021431319632, 0.22343821279162196, 0.234610123113666, 0.24737802097019201, 0.24737802097019201, 0.24920200637826717, 0.23917008663385386, 0.22891016871343114, 0.22777017783338419, 0.248518011850239, 0.25011399908230475, 0.234610123113666, 0.23255813952958146, 0.233470132233619, 0.24190606474596657]}
