{"best_test_loss": 0.52554908111776, "epoch_time_hist": [1.1256229877471924, 1.1897928714752197, 1.291515827178955, 1.3296260833740234, 1.372309684753418, 1.3885624408721924, 1.215390682220459, 1.068458080291748, 0.9301578998565674, 0.8529620170593262, 0.7836329936981201, 0.9622821807861328, 0.8790857791900635, 0.8705856800079346, 0.7994801998138428, 0.842822790145874, 0.8975265026092529, 0.942354679107666, 0.9471755027770996, 0.9616024494171143, 0.986990213394165, 0.9477453231811523, 0.938805103302002, 0.9243919849395752, 0.9569680690765381], "time_till_best_val_loss": 11.764398574829102, "val_loss_hist": [0.6883264933723592, 0.6837665298521713, 0.6785225718039553, 0.6867305061402934, 0.6741906064597768, 0.67077063381023, 0.6580027353422758, 0.6110351117051748, 0.5711354309035309, 0.5221158230615113, 0.5191518467733892, 0.5312357501018871, 0.5412676698463004, 0.5230278157655489, 0.568855449143437, 0.5779753761838127, 0.5592795257510425, 0.561331509335127, 0.5654354765032961, 0.5599635202790706, 0.5797993615918878, 0.5679434564393994, 0.5604195166310894, 0.5567715458149392, 0.5841313269360663, 0.5841313269360663]}
