{"best_test_loss": 0.5822501119237063, "epoch_time_hist": [33.80928182601929, 33.67547059059143, 33.837289571762085, 33.60799169540405, 33.44391226768494, 33.74212622642517, 33.761406660079956, 33.84537887573242, 33.34814667701721, 33.13665318489075, 33.27814173698425, 33.15424704551697, 33.36679816246033, 33.271971702575684, 32.99387836456299, 33.267858266830444, 33.183446168899536, 33.48545265197754, 33.253652572631836, 32.98855423927307, 33.41020917892456, 33.26931381225586, 33.05481290817261, 33.043757915496826, 33.287155628204346], "time_till_best_val_loss": 101.3220419883728, "val_loss_hist": [0.6087551298111148, 0.6108071135291654, 0.5927952576244233, 0.5868673049107529, 0.6367989055942362, 0.6598267199593717, 0.6466028262970892, 0.6463748289866308, 0.6276789785538605, 0.6240310077377103, 0.6272229822018417, 0.6420428636424523, 0.645918832634612, 0.6548107614989783, 0.6420428636424523, 0.6367989055942362, 0.6352029183621705, 0.630870953017992, 0.6324669402500578, 0.6304149566659732, 0.6242590059137196, 0.6228910168576632, 0.6231190150336726, 0.6267669858498229, 0.6242590059137196, 0.6235750113856914]}
