{"best_test_loss": 0.29972752042689293, "epoch_time_hist": [29.73701810836792, 30.489136934280396, 27.452609062194824, 27.919172048568726, 30.66763710975647, 28.74449586868286, 28.07917308807373, 27.27354335784912, 27.5589120388031, 31.898430824279785, 27.67682981491089, 29.85025191307068, 27.18674612045288, 29.373714447021484, 30.608691453933716, 28.232274532318115, 21.79364514350891, 20.380556344985962, 20.724392652511597, 16.813618898391724, 17.080750226974487, 17.0104923248291, 16.26655149459839, 16.62431263923645, 15.847423315048218], "time_till_best_val_loss": 434.5163621902466, "val_loss_hist": [0.4575666025691413, 0.44905245761437934, 0.45591870359801623, 0.4361439164944756, 0.46003845096237195, 0.46223564953413254, 0.44548201042445806, 0.4537215050712258, 0.4605877506053121, 0.36198846469755597, 0.4625102993556026, 0.43449601756565515, 0.43531996703006537, 0.3965943422027851, 0.4460313100673982, 0.3279318868352669, 0.43339741827977485, 0.4325734688153647, 0.45207360613973985, 0.4542708047115004, 0.4314748695294844, 0.4553694039973807, 0.4501510573894493, 0.46360889864148286, 0.5649546827639398, 0.5438066465107442]}
