{"best_test_loss": 0.08234937934961098, "epoch_time_hist": [57.68954253196716, 57.79754853248596, 57.83908486366272, 57.87592053413391, 57.93702459335327, 58.01506018638611, 58.21212077140808, 58.19860291481018, 58.11926484107971, 58.180264949798584, 58.16625189781189, 58.131526947021484, 58.30069184303284, 58.116126537323, 58.13296723365784, 58.1227445602417, 58.119192123413086, 58.21381115913391, 58.2399001121521, 58.252476930618286, 58.29735827445984, 58.30871558189392, 58.33320879936218, 58.346511363983154, 58.352213859558105], "time_till_best_val_loss": 347.15418124198914, "val_loss_hist": [0.4207635255042915, 0.16314199395322324, 0.10519088162303789, 0.086789343584543, 0.0898104916207138, 0.0898104916207138, 0.08129634715514154, 0.08266959626249192, 0.09612743751452547, 0.08733864305639633, 0.08404284536984227, 0.08239494644102184, 0.08953584179924373, 0.0837681955483722, 0.09612743751452547, 0.10052183455613153, 0.09667673722667865, 0.09997253512345843, 0.09008514121772734, 0.08843724218881115, 0.08843724287505039, 0.09090909090659409, 0.09035979126365395, 0.08678934354386143, 0.08651469386602186, 0.087613293220945]}
