{"best_test_loss": 0.09203754162603581, "epoch_time_hist": [1.2287623882293701, 1.3832480907440186, 1.1472232341766357, 1.408280849456787, 1.6088752746582031, 1.6222562789916992, 1.6917927265167236, 1.7204275131225586, 1.6402332782745361, 1.5361981391906738, 1.392317295074463, 1.4240148067474365, 1.3762669563293457, 1.3321082592010498, 1.2406394481658936, 1.2180306911468506, 1.2361223697662354, 1.2583365440368652, 1.22601318359375, 1.2238359451293945, 1.2265081405639648, 1.2355353832244873, 1.2528483867645264, 1.2521424293518066, 1.2803328037261963], "time_till_best_val_loss": 11.810866355895996, "val_loss_hist": [0.4405383136379968, 0.43998901399505663, 0.2535017852853039, 0.1554517989520612, 0.1634166437746933, 0.12881076626946414, 0.12276847019712255, 0.13265586377004515, 0.0969513869789357, 0.14309255698590792, 0.14171930787855758, 0.13457841252033567, 0.12963471573387436, 0.13073331501975466, 0.15380390002324076, 0.18181818181318818, 0.2282340016416305, 0.25185388628805677, 0.23400164789250202, 0.2710793695497949, 0.2743751716486027, 0.282889316114175, 0.28343861575711515, 0.28481186486446547, 0.2864597637932859, 0.2845372150429954]}
