{"best_test_loss": 0.3048743566362436, "epoch_time_hist": [34.6344268321991, 34.23292541503906, 34.18843960762024, 32.45620894432068, 32.41426348686218, 29.185225009918213, 28.778785705566406, 28.30861496925354, 30.539175748825073, 32.013139724731445, 33.15966606140137, 33.41140007972717, 31.87596821784973, 32.54471564292908, 29.774712324142456, 27.92199158668518, 28.5338077545166, 28.964169025421143, 29.474602937698364, 32.244929790496826, 34.33563446998596, 33.269562005996704, 34.40879440307617, 33.736271142959595, 34.2752640247345], "time_till_best_val_loss": 284.7380657196045, "val_loss_hist": [0.3943971436310245, 0.4070310352922635, 0.35484756933933403, 0.39604504255984496, 0.46690469649912375, 0.4682779456064741, 0.47020049435676464, 0.44795385881768873, 0.34853062322672645, 0.3202416918341049, 0.3235374896917458, 0.32957978576408736, 0.3413897280873005, 0.3496292227314027, 0.4402636638165267, 0.45784125239061135, 0.45289755560415007, 0.4732216423929354, 0.46882724524941427, 0.47706673989351644, 0.47816533917939674, 0.4789892885799897, 0.47789068925761835, 0.47596814060398707, 0.4723976926392492, 0.4707497939208011]}
