{"best_test_loss": 0.7304933104644294, "epoch_time_hist": [15.975109815597534, 15.300761461257935, 15.421649694442749, 15.398325204849243, 15.132634162902832, 15.32634449005127, 15.184236288070679, 15.19532036781311, 15.181232452392578, 15.060059309005737, 15.200807094573975, 15.183109760284424, 15.375824213027954, 15.166577816009521, 15.253899335861206, 15.297162532806396, 15.186439514160156, 15.171629428863525, 15.324434041976929, 15.287584066390991, 15.212282657623291, 15.221038818359375, 15.190393924713135, 15.415683269500732, 15.43648386001587, 15.28428840637207, 15.331411361694336, 15.27911639213562, 15.237418174743652, 15.211362600326538, 15.302496671676636, 15.154473304748535, 15.129712343215942, 15.141447067260742, 15.323977708816528, 15.225912094116211, 15.11839485168457, 15.213540315628052, 15.011108636856079, 15.19982099533081, 15.174880981445312, 15.165809631347656, 15.194292068481445, 15.27727460861206, 15.09300184249878, 15.035736083984375, 15.082871913909912, 15.1671621799469, 15.13378643989563, 15.225703239440918, 15.225230932235718, 15.309443950653076, 15.25400424003601, 15.224158763885498, 15.179977178573608, 15.317418098449707, 15.360674142837524, 15.066943883895874, 15.160717964172363, 15.374336242675781, 15.520850658416748, 15.310822486877441, 15.266873598098755, 15.351384162902832, 15.417019605636597, 15.265258550643921, 15.318602561950684, 15.314098596572876, 15.231970310211182, 16.461518049240112, 16.198936223983765, 15.334640264511108, 15.405999898910522, 15.494539499282837, 15.604794025421143, 15.691454410552979, 15.426898002624512, 15.553818464279175, 15.47869610786438, 15.477668046951294, 15.44772982597351, 15.494935274124146, 15.517374515533447, 15.43638014793396, 15.44997239112854, 15.52029037475586, 15.486578702926636, 15.487069368362427, 15.513127565383911, 15.591710090637207, 15.674194812774658, 15.358813762664795, 15.664819955825806, 15.350353240966797, 15.580594778060913, 15.618200063705444, 15.497878074645996, 15.36156415939331, 15.271942615509033, 15.26485562324524], "time_till_best_val_loss": 1534.0011577606201, "val_acc_hist": [0.0, 0.0, 0.0, 0.0, 0.0, 0.0, 0.0, 0.0, 0.0, 0.0, 0.0, 0.0, 0.0, 0.0, 0.0, 0.0, 0.0, 0.0, 0.0, 0.0, 0.0, 0.0, 0.0, 0.0, 0.0, 0.0, 0.0, 0.0, 0.0, 0.0, 0.0, 0.0, 0.0, 0.0, 0.0, 0.0, 0.0, 0.0, 0.0, 0.0, 0.0, 0.0, 0.0, 0.0, 0.0, 0.0, 0.0, 0.0, 0.0, 0.0, 0.0, 0.0, 0.0, 0.0, 0.0, 0.0, 0.0, 0.0, 0.0, 0.0, 0.0, 0.0, 0.0, 0.0, 0.0, 0.0, 0.0, 0.0, 0.0, 0.0, 0.0, 0.0, 0.0, 0.0, 0.0, 0.0, 0.0, 0.0, 0.0, 0.0, 0.0, 0.0, 0.0, 0.0, 0.0, 0.0, 0.0, 0.0, 0.0, 0.0, 0.0, 0.0, 0.0, 0.0, 0.0, 0.0, 0.0, 0.0, 0.0, 0.0, 0.0], "val_loss_hist": [0.7348619416854096, 0.7372702524584088, 0.7850331250451765, 0.7865927297916578, 0.7799976623399599, 0.7672034503277524, 0.7573122643087565, 0.7685675921596097, 0.7702698753505618, 0.7716041720833781, 0.7682364494379551, 0.7737053228260038, 0.7702982915302494, 0.7702982915302494, 0.7702982915302494, 0.7702982915302494, 0.7700037873296733, 0.770447483489348, 0.770447483489348, 0.7703213488731607, 0.7704216997350366, 0.7708701910152834, 0.7717229618507261, 0.7729314990670012, 0.7729314990670012, 0.7729314990670012, 0.7729882655717487, 0.7729882655717487, 0.7729882655717487, 0.7729882655717487, 0.7729882655717487, 0.7729882655717487, 0.7729882655717487, 0.7729882655717487, 0.7729882655717487, 0.7729882655717487, 0.7729882655717487, 0.7729882655717487, 0.7729882655717487, 0.7729882655717487, 0.7729882655717487, 0.7729882655717487, 0.7729882655717487, 0.7729882655717487, 0.7729882655717487, 0.7729882655717487, 0.7729882655717487, 0.7729882655717487, 0.7729882655717487, 0.7729882655717487, 0.7729882655717487, 0.7729882655717487, 0.7729882655717487, 0.7729882655717487, 0.7729882655717487, 0.7729882655717487, 0.7729882655717487, 0.7729882655717487, 0.7729882655717487, 0.7729882655717487, 0.7729882655717487, 0.7729882655717487, 0.7729882655717487, 0.7729882655717487, 0.7729882655717487, 0.7729882655717487, 0.7729882655717487, 0.7729882655717487, 0.7729882655717487, 0.7729882655717487, 0.7729882655717487, 0.7729882655717487, 0.7729882655717487, 0.7729882655717487, 0.7729882655717487, 0.7729882655717487, 0.7729882655717487, 0.7729882655717487, 0.7729882655717487, 0.7729882655717487, 0.7729882655717487, 0.7729882655717487, 0.7729882655717487, 0.7729882655717487, 0.7729882655717487, 0.7729882655717487, 0.7729882655717487, 0.7729882655717487, 0.7729882655717487, 0.7729882655717487, 0.7729882655717487, 0.7729882655717487, 0.7729882655717487, 0.7729882655717487, 0.7729882655717487, 0.7729882655717487, 0.7729882655717487, 0.7729882655717487, 0.7729882655717487, 0.7729882655717487, 0.7729882655717487]}
