{"best_test_loss": 0.1055036043615583, "epoch_time_hist": [19.120673418045044, 18.71806836128235, 18.96312975883484, 18.682894229888916, 18.69053816795349, 18.90971827507019, 18.715086460113525, 18.777474880218506, 18.751970291137695, 18.78609347343445, 18.410314083099365, 18.5431489944458, 18.491920471191406, 18.421825885772705, 18.46468234062195, 18.62260627746582, 18.483418464660645, 18.508793592453003, 18.514454126358032, 18.61955499649048, 18.52448558807373, 18.532439470291138, 18.450489044189453, 18.375924587249756, 18.53531575202942, 18.44372034072876, 18.45683789253235, 18.424503326416016, 18.499741554260254, 18.42350935935974, 18.49769902229309, 18.389684915542603, 18.439022541046143, 18.360082626342773, 18.584370136260986, 18.437697172164917, 18.40062713623047, 18.45188331604004, 18.409613847732544, 18.36634063720703, 18.351792335510254, 18.448317050933838, 18.535075187683105, 18.463613986968994, 18.38678789138794, 18.29850697517395, 18.299022436141968, 18.410483837127686, 18.431644916534424, 18.39587950706482, 18.40127468109131, 18.42414355278015, 18.320067167282104, 18.37456750869751, 18.384586334228516, 18.46893000602722, 18.481859922409058, 18.441622972488403, 18.520560026168823, 18.499909162521362, 18.39571189880371, 18.35024356842041, 18.481886386871338, 18.38393998146057, 18.48861002922058, 18.31227397918701, 18.29934597015381, 18.105538606643677, 18.468191385269165, 18.402976989746094, 18.400315523147583, 18.341044425964355, 18.36921977996826, 18.457041263580322, 18.385517120361328, 18.46570348739624, 18.324123859405518, 18.4948947429657, 18.398213386535645, 18.35341453552246, 18.320537328720093, 18.353568077087402, 18.358694553375244, 18.49912142753601, 18.281570196151733, 18.35858678817749, 18.40874171257019, 18.41649866104126, 18.464081525802612, 18.40089726448059, 18.438413858413696, 18.368055820465088, 18.463746786117554, 18.469799518585205, 18.464817762374878, 18.429301977157593, 18.431196689605713, 18.294886589050293], "time_till_best_val_loss": 613.1897399425507, "val_acc_hist": [0.0, 0.0, 0.01, 0.015, 0.02, 0.025, 0.025, 0.025, 0.025, 0.03, 0.035, 0.025, 0.025, 0.02, 0.02, 0.025, 0.03, 0.025, 0.025, 0.03, 0.03, 0.015, 0.03, 0.03, 0.025, 0.035, 0.04, 0.015, 0.02, 0.02, 0.03, 0.035, 0.035, 0.03, 0.03, 0.03, 0.03, 0.035, 0.035, 0.035, 0.04, 0.035, 0.035, 0.035, 0.035, 0.035, 0.035, 0.035, 0.035, 0.035, 0.035, 0.035, 0.035, 0.035, 0.035, 0.035, 0.035, 0.035, 0.035, 0.035, 0.035, 0.035, 0.035, 0.035, 0.035, 0.035, 0.035, 0.035, 0.035, 0.035, 0.035, 0.035, 0.035, 0.035, 0.035, 0.035, 0.035, 0.035, 0.035, 0.035, 0.035, 0.035, 0.035, 0.035, 0.035, 0.035, 0.035, 0.035, 0.035, 0.035, 0.035, 0.035, 0.035, 0.035, 0.035, 0.035, 0.035, 0.035, 0.035], "val_loss_hist": [0.7392096268542553, 0.3401626920944111, 0.20193331590439315, 0.15523070254246968, 0.13750692884899676, 0.12380122423388276, 0.12207501119813546, 0.11548062441419826, 0.11455718209385962, 0.11205326126825545, 0.11127296730634333, 0.11417519037010795, 0.11576910031155405, 0.10874487964037664, 0.10897333534857039, 0.10587908164113104, 0.10571450797879212, 0.1078537285096249, 0.11156765421912086, 0.10931882171014923, 0.11114590366288707, 0.10965556058101528, 0.10738626131498848, 0.10579271301788006, 0.10886786413544254, 0.10751515811252105, 0.10676710003638797, 0.11087784877110576, 0.11023035296833379, 0.10834988180822686, 0.10549064622580931, 0.10507776565563466, 0.10357049923781905, 0.10291876624225461, 0.1033462961489712, 0.10498735094839041, 0.10562699537337479, 0.1060798064876524, 0.10594950968036407, 0.10615757625952527, 0.10523301515599226, 0.10455692948887099, 0.10468897492275579, 0.10482624409000439, 0.10491180704753116, 0.10491180704753116, 0.10491180704753116, 0.10491180704753116, 0.10491180704753116, 0.10525158476424563, 0.10525158476424563, 0.10522038772337673, 0.10522038772337673, 0.10522038772337673, 0.10488061000666225, 0.10488061000666225, 0.10488061000666225, 0.10488061000666225, 0.10488061000666225, 0.10488061000666225, 0.10488061000666225, 0.10488061000666225, 0.10488061000666225, 0.10488061000666225, 0.10488061000666225, 0.10488061000666225, 0.10488061000666225, 0.10488061000666225, 0.10488061000666225, 0.10488061000666225, 0.10488061000666225, 0.10488061000666225, 0.10488061000666225, 0.10488061000666225, 0.10488061000666225, 0.10488061000666225, 0.10488061000666225, 0.10488061000666225, 0.10488061000666225, 0.10488061000666225, 0.10488061000666225, 0.10488061000666225, 0.10488061000666225, 0.10488061000666225, 0.10488061000666225, 0.10488061000666225, 0.10488061000666225, 0.10488061000666225, 0.10488061000666225, 0.10488061000666225, 0.10488061000666225, 0.10488061000666225, 0.10488061000666225, 0.10488061000666225, 0.10488061000666225, 0.10488061000666225, 0.10488061000666225, 0.10488061000666225, 0.10488061000666225]}
