{"best_test_loss": 0.1026366049165119, "epoch_time_hist": [1.733311414718628, 2.101869821548462, 2.2032225131988525, 2.3041505813598633, 2.3594212532043457, 2.3664629459381104, 2.489800214767456, 2.436014175415039, 2.520944118499756, 2.564302682876587, 2.5741820335388184, 2.5713348388671875, 2.6285579204559326, 2.574150800704956, 2.542583465576172, 2.6104891300201416, 2.589956283569336, 2.6324357986450195, 2.6238911151885986, 2.6452815532684326, 2.6677656173706055, 2.664602041244507, 2.6941277980804443, 2.6097476482391357, 2.634272575378418, 2.591758966445923, 2.660611867904663, 2.664094924926758, 2.5764994621276855, 2.632298707962036, 2.6266579627990723, 2.6305184364318848, 2.664712905883789, 2.671651840209961, 2.580676317214966, 2.5742437839508057, 2.6167004108428955, 2.629666328430176, 2.6417396068573, 2.600933074951172, 2.6385254859924316, 2.623669385910034, 2.683379888534546, 2.689629554748535, 2.6554157733917236, 2.6946983337402344, 2.7115819454193115, 2.6570706367492676, 2.70113205909729, 2.694701910018921, 2.679938554763794, 2.68833589553833, 2.7077548503875732, 2.6724984645843506, 2.699726104736328, 2.750684976577759, 2.65376353263855, 2.664449691772461, 2.7173774242401123, 2.7468440532684326, 2.71036696434021, 2.7222437858581543, 2.7075953483581543, 2.7097339630126953, 2.7048070430755615, 2.759272813796997, 2.7002012729644775, 2.6757619380950928, 2.7655622959136963, 2.7071921825408936, 2.693971872329712, 2.76003098487854, 2.7481894493103027, 2.7917840480804443, 2.723710775375366, 2.7250781059265137, 2.7291715145111084, 2.7492997646331787, 2.7239925861358643, 2.724043607711792, 2.7336764335632324, 2.757077932357788, 2.6706337928771973, 2.7079713344573975, 2.7174429893493652, 2.7388572692871094, 2.7352185249328613, 2.6810414791107178, 2.69476580619812, 2.756990909576416, 2.708017587661743, 2.741525411605835, 2.757845163345337, 2.6558403968811035, 2.7133312225341797, 2.7298967838287354, 2.7370784282684326, 2.6638882160186768, 2.7150890827178955, 2.7344160079956055], "time_till_best_val_loss": 160.86943221092224, "val_acc_hist": [0.0, 0.0, 0.0, 0.0, 0.0, 0.0, 0.005, 0.005, 0.01, 0.005, 0.015, 0.025, 0.01, 0.01, 0.015, 0.015, 0.025, 0.02, 0.02, 0.025, 0.005, 0.01, 0.01, 0.015, 0.015, 0.01, 0.02, 0.005, 0.04, 0.01, 0.01, 0.02, 0.005, 0.025, 0.025, 0.01, 0.02, 0.01, 0.025, 0.02, 0.005, 0.02, 0.03, 0.015, 0.01, 0.015, 0.03, 0.035, 0.03, 0.025, 0.02, 0.025, 0.03, 0.045, 0.035, 0.03, 0.025, 0.02, 0.04, 0.035, 0.025, 0.015, 0.035, 0.035, 0.03, 0.025, 0.03, 0.02, 0.02, 0.02, 0.03, 0.025, 0.025, 0.025, 0.025, 0.025, 0.025, 0.025, 0.025, 0.025, 0.025, 0.025, 0.025, 0.025, 0.025, 0.025, 0.025, 0.025, 0.02, 0.02, 0.02, 0.02, 0.02, 0.02, 0.025, 0.025, 0.025, 0.025, 0.025, 0.025, 0.025], "val_loss_hist": [0.766060471695705, 0.6997200185605826, 0.6057503522478975, 0.4796128210420889, 0.4241336357546007, 0.47042819883086734, 0.34615587429547634, 0.27931278858660596, 0.28015248884781374, 0.28739481250612564, 0.2631222270878695, 0.23102454286218832, 0.2066419511074489, 0.20610283595288653, 0.19607219475332804, 0.1680487707708084, 0.1653345812018494, 0.15308168677897263, 0.15893404327977603, 0.15436054132350388, 0.18273651800799925, 0.17568363100915863, 0.15329849982102164, 0.1541768623996615, 0.15106916560276917, 0.14991444501101767, 0.14740044265131447, 0.153300465625379, 0.13921363113142263, 0.17753481801363577, 0.13711418123280597, 0.15588547315232834, 0.14992582371031843, 0.13504279381757353, 0.14503978034458578, 0.148714291450779, 0.1377702923964072, 0.14322811648799416, 0.138694684455157, 0.1438109545166098, 0.1376714007498789, 0.14710007497783978, 0.14053180047707248, 0.1458131762161207, 0.14884705751208857, 0.12319147513527771, 0.11427496526668404, 0.11338021337890873, 0.11147726856254837, 0.11248119479092462, 0.11388348554373458, 0.10946469889120405, 0.11054605456066564, 0.11341386979323018, 0.11219630917240465, 0.10601758819970267, 0.10692103716747631, 0.11679354950231013, 0.1059050701094037, 0.10512207819193779, 0.11013416503705022, 0.11148166603477838, 0.10045615789986556, 0.10611682148260161, 0.11141107238063665, 0.10523849492632381, 0.10708350556391581, 0.10981170948309854, 0.10496621125291411, 0.11570686273258064, 0.10487188067977776, 0.10677322871147599, 0.11083641127895251, 0.10876176082731542, 0.10830142777979289, 0.10677668589745341, 0.10266842984601815, 0.10130432274650376, 0.10247073656736266, 0.10063826662221928, 0.10256192103030948, 0.1026677844481582, 0.10341410885413453, 0.10516486056084429, 0.10528771412745047, 0.10521932553101625, 0.10521932553101625, 0.10555520167121972, 0.10592648098665222, 0.10552997760202736, 0.10557782481285284, 0.10574961145713964, 0.10574961145713964, 0.10574961145713964, 0.10654645488091752, 0.10603993031431329, 0.10603993031431329, 0.10603993031431329, 0.10603993031431329, 0.10603993031431329, 0.10603993031431329]}
