{"best_test_loss": 0.4335203178301026, "epoch_time_hist": [17.011626958847046, 17.05539560317993, 16.724578142166138, 16.796138048171997, 16.675084590911865, 16.883533000946045, 16.561063289642334, 16.684794902801514, 16.510737895965576, 16.746384143829346, 16.77164626121521, 16.665637731552124, 16.776839017868042, 16.496294021606445, 16.709039449691772, 16.530279397964478, 16.486422777175903, 16.421414136886597, 16.512084007263184, 16.491556406021118, 16.64035439491272, 16.6603262424469, 16.53360891342163, 16.75766634941101, 16.693387746810913, 16.589409589767456, 16.568949937820435, 16.594417095184326, 16.827150106430054, 16.683388471603394, 16.552265405654907, 16.488783597946167, 16.72119450569153, 16.577980518341064, 16.549760818481445, 16.532220363616943, 16.484694242477417, 16.7979474067688, 16.60785222053528, 16.535128116607666, 16.568264722824097, 16.484944581985474, 16.519248723983765, 16.60466742515564, 16.512603759765625, 16.38522243499756, 16.50736689567566, 16.447452545166016, 16.57254672050476, 16.45362401008606, 16.542648553848267, 16.542524337768555, 16.506412506103516, 16.558084964752197, 16.465365648269653, 16.72788953781128, 16.55624747276306, 16.708620071411133, 16.433814764022827, 16.66402840614319, 16.714228630065918, 16.538700103759766, 16.49216079711914, 16.652595281600952, 16.651493072509766, 16.599942445755005, 16.660462141036987, 16.440260887145996, 16.43886399269104, 16.65598702430725, 16.46211838722229, 16.51837158203125, 16.71391272544861, 16.47594666481018, 16.526634454727173, 16.48077130317688, 16.670034408569336, 16.505016803741455, 16.54528570175171, 16.445390939712524, 16.737417459487915, 16.588841915130615, 16.659691095352173, 16.678206205368042, 16.70527696609497, 16.72563862800598, 16.607823610305786, 16.66786026954651, 16.589005708694458, 16.613479614257812, 16.414267539978027, 16.550042629241943, 16.685497522354126, 16.663663387298584, 16.564308166503906, 16.390277862548828, 16.480772018432617, 16.610220909118652, 16.578441381454468, 16.68079710006714], "time_till_best_val_loss": 1228.6836576461792, "val_acc_hist": [0.0, 0.0, 0.0, 0.0, 0.0, 0.0, 0.0, 0.0, 0.0, 0.0, 0.0, 0.0, 0.0, 0.0, 0.0, 0.0, 0.0, 0.0, 0.0, 0.0, 0.0, 0.0, 0.0, 0.0, 0.0, 0.0, 0.0, 0.0, 0.0, 0.0, 0.0, 0.0, 0.0, 0.0, 0.0, 0.0, 0.0, 0.0, 0.0, 0.0, 0.0, 0.0, 0.0, 0.0, 0.0, 0.0, 0.0, 0.0, 0.0, 0.0, 0.0, 0.0, 0.0, 0.0, 0.0, 0.0, 0.0, 0.0, 0.0, 0.0, 0.0, 0.0, 0.0, 0.0, 0.0, 0.0, 0.0, 0.0, 0.0, 0.0, 0.0, 0.0, 0.0, 0.0, 0.0, 0.0, 0.0, 0.0, 0.0, 0.0, 0.0, 0.0, 0.0, 0.0, 0.0, 0.0, 0.0, 0.0, 0.0, 0.0, 0.0, 0.0, 0.0, 0.0, 0.0, 0.0, 0.0, 0.0, 0.0, 0.0, 0.0], "val_loss_hist": [0.7395025382338103, 0.7260112061064069, 0.6890443107255031, 0.6753839478331205, 0.6884275040857685, 0.6961417349219154, 0.6763844103889082, 0.6561730253943272, 0.6413883579625155, 0.6366343725154188, 0.6256970032236572, 0.6063519473290335, 0.5976483535215588, 0.5935671406815697, 0.5925736411568987, 0.589491366941291, 0.5948503808331481, 0.5978320359626736, 0.5978814539606345, 0.5851537134573325, 0.586412251267746, 0.5784718920912871, 0.5704394339155278, 0.5551496389962395, 0.5472546446449286, 0.5303016161024893, 0.5245176083877112, 0.5145797018538001, 0.5109752749904604, 0.5011904679442052, 0.4940722554445441, 0.494366894629807, 0.49017391528281307, 0.4877522536983315, 0.48027171466817126, 0.4842020784595478, 0.48904889072335567, 0.4895944544262654, 0.487216453287093, 0.48567545529503026, 0.48151979715601, 0.48172339583408325, 0.4861344060997424, 0.48868592979378134, 0.48714827948971623, 0.48419336757025905, 0.48429961854576675, 0.48530241491594, 0.48615762134418594, 0.48569662978390843, 0.4839444863730509, 0.4823741805047702, 0.4807814804553905, 0.48109990470140546, 0.47980679429491885, 0.4805271521785115, 0.4793251461983148, 0.4768113242603058, 0.4752179218179664, 0.4748996013768863, 0.4748586214655874, 0.47420703017298566, 0.47212456488612103, 0.46962391771478645, 0.46983349851379475, 0.46796973899200767, 0.4674163727251148, 0.4662212287973692, 0.4657874588868153, 0.4666354211168457, 0.4647525154163038, 0.46497233697209056, 0.46468432801256765, 0.4624259421863306, 0.46166493596526154, 0.4617688895805479, 0.46406886970719663, 0.46479771306714646, 0.46459370357555224, 0.46380854119523945, 0.46588725790106195, 0.4659140132718302, 0.46620697896208785, 0.46631138765700814, 0.465658107974619, 0.46662430005740885, 0.46690525713911574, 0.4667668015429837, 0.4667668015429837, 0.4667668015429837, 0.46653423065226474, 0.46653423065226474, 0.4664858444612768, 0.46590282206847694, 0.46590282206847694, 0.46584072280948347, 0.4659791784056155, 0.4659791784056155, 0.4659791784056155, 0.4659791784056155, 0.4659791784056155]}
