{"best_test_loss": 0.3460116217552559, "epoch_time_hist": [46.711926221847534, 45.315226316452026, 45.39694619178772, 45.80244445800781, 44.22162413597107, 42.35410928726196, 45.152671098709106, 44.65496015548706, 42.01324772834778, 44.051424503326416, 43.26481866836548, 53.06453490257263, 56.68317008018494, 64.32270312309265, 63.7710063457489, 51.534724950790405, 40.207796573638916, 38.259440660476685, 37.339255571365356, 45.6290442943573, 36.68468141555786, 36.14728260040283, 35.101805210113525, 35.21428179740906, 34.39190697669983], "time_till_best_val_loss": 401.62315559387207, "val_loss_hist": [0.3524479310026271, 0.38517717066851026, 0.3897754936329517, 0.3686773059137496, 0.42142277501778724, 0.45117662968755273, 0.47416824446120726, 0.4465783067231112, 0.393832837425106, 0.33405463901061544, 0.35515282686477107, 0.3675953477399035, 0.3889640251237453, 0.3830132539793613, 0.4005950770786964, 0.37138220177518577, 0.3619150751358272, 0.35893968081257943, 0.3367595347488028, 0.35515282660656877, 0.48255342168021226, 0.4871517446446538, 0.491209088436808, 0.4995942656072601, 0.4960779009873931, 0.5022991614686962]}
