{"best_test_loss": 0.08161648231364842, "epoch_time_hist": [156.04640698432922, 155.76292657852173, 154.16404962539673, 154.06382822990417, 155.0097382068634, 156.31186699867249, 156.32125902175903, 155.0498456954956, 156.39116764068604, 155.55529928207397, 153.53539848327637, 156.11955380439758], "time_till_best_val_loss": 1242.7299213409424, "val_loss_hist": [0.4097917230075794, 0.27914525273486024, 0.08439275152294418, 0.08168785517920436, 0.08331079253223396, 0.07898295939058861, 0.08087638625694141, 0.07438463541187663, 0.07384365709319936, 0.07979442717048496, 0.07438463628041415, 0.07681904290503823, 0.10386800107914883]}
