{"best_test_loss": 0.13153724258006272, "epoch_time_hist": [1.4173333644866943, 1.5187146663665771, 1.3572630882263184, 1.5557405948638916, 1.8825511932373047, 1.9425349235534668, 1.9172987937927246, 2.0203051567077637, 1.7696161270141602, 1.9509692192077637, 1.792346477508545, 1.7919511795043945, 1.9365715980529785, 1.834277868270874, 1.9077885150909424, 1.7765872478485107, 1.7259008884429932, 1.8264267444610596, 1.9489524364471436, 1.8804662227630615, 1.7471246719360352, 1.8071370124816895, 1.8542234897613525, 1.9360816478729248, 1.9583101272583008], "time_till_best_val_loss": 17.332327127456665, "val_loss_hist": [0.39545577494196765, 0.45739789012281346, 0.2615634298008774, 0.25615363807800506, 0.14985123072356368, 0.11766296997247327, 0.14471192858683496, 0.12172031386602042, 0.1163105220417552, 0.13957262645010624, 0.11495807413988494, 0.11549905332439815, 0.12956451169290004, 0.12685961590135625, 0.1668920751199809, 0.19935082498784554, 0.19583446036797852, 0.20394914795228702, 0.2055720854691487, 0.2055720854691487, 0.2055720854691487, 0.2055720854691487, 0.2055720854691487, 0.2055720854691487, 0.2055720854691487, 0.2055720854691487]}
