{"best_test_loss": 0.39276281055216783, "epoch_time_hist": [53.425297260284424, 53.50756812095642, 58.587169885635376, 55.59645342826843, 55.736754417419434, 56.63980150222778, 53.419116735458374, 51.85779094696045, 50.78471875190735, 49.08445072174072, 47.3035101890564, 46.075963258743286, 47.11449480056763, 47.16045880317688, 46.4239342212677, 46.80037832260132, 48.163257360458374, 47.66091799736023, 46.451722383499146, 46.683438301086426, 47.201117753982544, 46.782782316207886, 46.96564054489136, 46.505019426345825, 46.9569251537323], "time_till_best_val_loss": 53.425297260284424, "val_loss_hist": [0.4452258587923931, 0.37760346237315495, 0.3816608059292793, 0.40546388183288995, 0.4381931295526591, 0.4216932647978985, 0.3862591290130847, 0.39302136874616633, 0.4062753583766409, 0.3822017853484811, 0.40113605625098364, 0.46118474437486656, 0.44793074659748194, 0.43738166058197137, 0.4349472543929556, 0.44197998361768837, 0.445766837471731, 0.4482012442107852, 0.4463078171369676, 0.4344062746274146, 0.43061942114063784, 0.429807952382207, 0.42683256693462723, 0.414390045901171, 0.4143900459011697, 0.414390046272194]}
