{"best_test_loss": 0.09088686140165378, "epoch_time_hist": [3.641951322555542, 3.50504994392395, 3.494692087173462, 3.4682998657226562, 3.4929447174072266, 3.4676308631896973, 3.47035813331604, 3.4831430912017822, 3.5085082054138184, 3.4696898460388184], "time_till_best_val_loss": 35.00226807594299, "val_loss_hist": [0.09186556916437849, 0.09749472437735046, 0.09658580794595907, 0.09339018090651542, 0.09143745177330675, 0.09011771430967436, 0.08829727147736567, 0.08900494556665695, 0.08730280601794453, 0.08653341641891356, 0.08544479036212894]}
