{"best_test_loss": 0.014477128427573548, "epoch_time_hist": [5.58594012260437, 5.1253111362457275, 5.106139898300171, 5.078988075256348, 5.551334857940674, 5.2221410274505615, 5.32210898399353, 5.187763929367065, 5.198764085769653, 5.328373193740845], "time_till_best_val_loss": 52.706865310668945, "val_loss_hist": [0.09246535934782268, 0.06503112031698247, 0.05392179371443338, 0.036359514262523034, 0.025728778344009304, 0.02227441334575046, 0.02002198071842303, 0.017413002021471627, 0.01573618480103708, 0.013366879911700697, 0.011992195396668076]}
