{"best_test_loss": 0.04117448531605623, "epoch_time_hist": [6.575967073440552, 6.7507829666137695, 7.636029005050659, 7.504839897155762, 7.6698899269104, 7.735871076583862, 7.909111738204956, 7.736942768096924, 7.9503419399261475, 7.800017833709717], "time_till_best_val_loss": 75.26979422569275, "val_loss_hist": [0.0960772429996883, 0.08596301909474115, 0.07923889349799247, 0.07511337548505984, 0.06178444321436882, 0.0533202708797784, 0.05224965914620392, 0.045424289627679554, 0.04462760472689542, 0.042639979277076405, 0.03998248168118165]}
