{"best_test_loss": 0.058096455308591005, "epoch_time_hist": [4.121296167373657, 3.815018892288208, 3.8095459938049316, 3.7973921298980713, 3.806851625442505, 3.8091890811920166, 3.8080952167510986, 3.821362018585205, 3.7967748641967773, 3.806288957595825], "time_till_best_val_loss": 38.391814947128296, "val_loss_hist": [0.08675119654216458, 0.08358610789596786, 0.07988172131830701, 0.08134590892775165, 0.07974647589617635, 0.07123418832591959, 0.06769777075613442, 0.06454979399786312, 0.0612317045887552, 0.058731716106538524, 0.05715406123095224]}
