{"best_test_loss": 0.6766024145293624, "epoch_time_hist": [7.418425559997559, 7.301827669143677, 7.191690921783447, 7.207302570343018, 7.042108774185181, 7.0090014934539795, 7.097114324569702, 6.9639153480529785, 6.995589733123779, 7.0465779304504395, 6.940309286117554, 7.082988739013672, 7.0095508098602295, 7.11013126373291, 7.078902959823608, 7.06764030456543, 6.9226274490356445, 7.09282374382019, 6.97176194190979, 6.965131998062134, 6.95268702507019, 7.126268625259399, 7.016621112823486, 7.078847408294678, 7.136083364486694, 7.246593236923218, 7.050835847854614, 7.096501111984253, 7.012355327606201, 6.9492692947387695, 7.041743278503418, 7.009775400161743, 6.970927476882935, 6.9771201610565186, 7.111661434173584, 7.053143262863159, 7.110889911651611, 7.085059404373169, 6.980304956436157, 6.995906114578247, 7.04564356803894, 7.057923793792725, 7.151409149169922, 7.209697723388672, 7.002123832702637, 7.003114223480225, 7.071076393127441, 7.070531845092773, 7.144689321517944, 7.009436130523682, 6.995073556900024, 7.091997385025024, 7.137066125869751, 7.152884244918823, 7.067594051361084, 7.04850172996521, 6.999642848968506, 7.062823534011841, 7.085885763168335, 6.95387864112854, 7.035632848739624, 6.959296464920044, 7.100487232208252, 7.002783298492432, 7.069238901138306, 6.993193626403809, 7.024862289428711, 6.952839136123657, 6.92615270614624, 7.044392347335815, 6.961233615875244, 6.955837726593018, 6.999620199203491, 7.1163976192474365, 7.133298873901367, 7.032287836074829, 7.070389986038208, 7.071239471435547, 7.046533823013306, 7.162498712539673, 6.9689390659332275, 7.0252087116241455, 6.972557544708252, 6.97597336769104, 7.125814914703369, 7.068323612213135, 7.097136497497559, 7.0838844776153564, 7.281279802322388, 7.090951442718506, 7.26929235458374, 7.204116582870483, 7.023796081542969, 7.0698442459106445, 7.095897436141968, 6.987386226654053, 7.018210172653198, 7.05071759223938, 6.877850532531738, 6.937651872634888], "time_till_best_val_loss": 14.720253229141235, "val_acc_hist": [0.0, 0.0, 0.0, 0.0, 0.0, 0.0, 0.0, 0.0, 0.0, 0.0, 0.0, 0.0, 0.0, 0.0, 0.0, 0.0, 0.0, 0.0, 0.0, 0.0, 0.0, 0.0, 0.0, 0.0, 0.0, 0.0, 0.0, 0.0, 0.0, 0.0, 0.0, 0.0, 0.0, 0.0, 0.0, 0.0, 0.0, 0.0, 0.0, 0.0, 0.0, 0.0, 0.0, 0.0, 0.0, 0.0, 0.0, 0.0, 0.0, 0.0, 0.0, 0.0, 0.0, 0.0, 0.0, 0.0, 0.0, 0.0, 0.0, 0.0, 0.0, 0.0, 0.0, 0.0, 0.0, 0.0, 0.0, 0.0, 0.0, 0.0, 0.0, 0.0, 0.0, 0.0, 0.0, 0.0, 0.0, 0.0, 0.0, 0.0, 0.0, 0.0, 0.0, 0.0, 0.0, 0.0, 0.0, 0.0, 0.0, 0.0, 0.0, 0.0, 0.0, 0.0, 0.0, 0.0, 0.0, 0.0, 0.0, 0.0, 0.0], "val_loss_hist": [0.6608642106820917, 0.6239840048439469, 0.6084674151693235, 0.651173041006496, 0.6544811278460607, 0.6606653291720266, 0.6545684329150989, 0.6756259958239244, 0.6716012272198171, 0.6662391891574094, 0.674403927236225, 0.670956635607246, 0.6649353275984263, 0.6680956107921677, 0.6668402720642378, 0.6602666725631792, 0.6594042515557271, 0.660220071900314, 0.660220071900314, 0.659477006547199, 0.6600166550905812, 0.6601608204767724, 0.6601608204767724, 0.6617995115509135, 0.6619725894190741, 0.6622350489305666, 0.6622350489305666, 0.6622350489305666, 0.6622733176860377, 0.6622350489305666, 0.6622350489305666, 0.6639251193302075, 0.6639251193302075, 0.6639251193302075, 0.6639251193302075, 0.6639251193302075, 0.6639251193302075, 0.6639251193302075, 0.6639251193302075, 0.6639251193302075, 0.6639251193302075, 0.6639251193302075, 0.6639251193302075, 0.6639251193302075, 0.6639251193302075, 0.6639251193302075, 0.6639251193302075, 0.6639251193302075, 0.6639251193302075, 0.6639251193302075, 0.6639251193302075, 0.6639251193302075, 0.6639251193302075, 0.6639251193302075, 0.6639251193302075, 0.6639251193302075, 0.6639251193302075, 0.6639251193302075, 0.6639251193302075, 0.6639251193302075, 0.6639251193302075, 0.6639251193302075, 0.6639251193302075, 0.6639251193302075, 0.6639251193302075, 0.6639251193302075, 0.6639251193302075, 0.6639251193302075, 0.6639251193302075, 0.6639251193302075, 0.6639251193302075, 0.6639251193302075, 0.6639251193302075, 0.6639251193302075, 0.6639251193302075, 0.6639251193302075, 0.6639251193302075, 0.6639251193302075, 0.6639251193302075, 0.6639251193302075, 0.6639251193302075, 0.6639251193302075, 0.6639251193302075, 0.6639251193302075, 0.6639251193302075, 0.6639251193302075, 0.6639251193302075, 0.6639251193302075, 0.6639251193302075, 0.6639251193302075, 0.6639251193302075, 0.6639251193302075, 0.6639251193302075, 0.6639251193302075, 0.6639251193302075, 0.6639251193302075, 0.6639251193302075, 0.6639251193302075, 0.6639251193302075, 0.6639251193302075, 0.6639251193302075]}
