{"best_test_loss": 0.10889446300415898, "epoch_time_hist": [7.038873910903931, 6.494866609573364, 6.517871618270874, 6.520572185516357, 6.510258197784424, 6.506844758987427, 6.472780227661133, 6.5226123332977295, 6.464629650115967, 6.627200126647949, 6.5063793659210205, 6.585700750350952, 6.609604835510254, 6.601009368896484, 6.594557285308838, 6.5766236782073975, 6.638278484344482, 6.611164093017578, 6.68093204498291, 6.607244968414307, 6.562994718551636, 6.660804748535156, 6.591896295547485, 6.661006927490234, 6.599591255187988, 6.61926531791687, 6.566608190536499, 6.61822772026062, 6.535970449447632, 6.560831069946289, 6.624884843826294, 6.574219226837158, 6.659656763076782, 6.638392210006714, 6.6088995933532715, 6.5286476612091064, 6.646439552307129, 6.537818431854248, 6.5290491580963135, 6.65616512298584, 6.5883214473724365, 6.638307332992554, 6.805942058563232, 6.6729347705841064, 6.56361985206604, 6.63197660446167, 6.555860996246338, 6.561238527297974, 6.593411684036255, 6.581299066543579, 6.547128915786743, 6.467546224594116, 6.631159067153931, 6.5826263427734375, 6.64363431930542, 6.575491189956665, 6.451030969619751, 6.489709138870239, 6.56625509262085, 6.598155736923218, 6.551817417144775, 6.610462188720703, 6.5578391551971436, 6.5269646644592285, 6.5916314125061035, 6.568328142166138, 6.678232669830322, 6.548157453536987, 6.546799421310425, 6.59790301322937, 6.652427434921265, 6.580536603927612, 6.534789800643921, 6.616701602935791, 6.586402893066406, 6.702839136123657, 6.490820407867432, 6.565102815628052, 6.597081184387207, 6.614888906478882, 6.596379995346069, 6.563241243362427, 6.582522630691528, 6.592581033706665, 6.614618301391602, 6.563427209854126, 6.655371904373169, 6.614748477935791, 6.591806173324585, 6.529675006866455, 6.5178234577178955, 6.540710926055908, 6.443485260009766, 6.481769800186157, 6.474621534347534, 6.644976377487183, 6.581401109695435, 6.6589579582214355, 6.516963243484497, 6.652279376983643], "time_till_best_val_loss": 131.68800449371338, "val_acc_hist": [0.0, 0.01, 0.045, 0.05, 0.05, 0.065, 0.05, 0.05, 0.045, 0.055, 0.045, 0.04, 0.045, 0.05, 0.045, 0.045, 0.05, 0.045, 0.045, 0.04, 0.04, 0.04, 0.045, 0.04, 0.04, 0.04, 0.035, 0.055, 0.055, 0.04, 0.045, 0.04, 0.04, 0.045, 0.045, 0.045, 0.045, 0.045, 0.045, 0.035, 0.035, 0.035, 0.035, 0.035, 0.035, 0.035, 0.035, 0.035, 0.035, 0.035, 0.035, 0.035, 0.035, 0.035, 0.035, 0.035, 0.035, 0.035, 0.035, 0.035, 0.035, 0.035, 0.035, 0.035, 0.035, 0.035, 0.035, 0.035, 0.035, 0.035, 0.035, 0.035, 0.035, 0.035, 0.035, 0.035, 0.035, 0.035, 0.035, 0.035, 0.035, 0.035, 0.035, 0.035, 0.035, 0.035, 0.035, 0.035, 0.035, 0.035, 0.035, 0.035, 0.035, 0.035, 0.035, 0.035, 0.035, 0.035, 0.035, 0.035, 0.035], "val_loss_hist": [0.6775906774647728, 0.2674977122760845, 0.1756742984744088, 0.15210497355809424, 0.14480575779168361, 0.1480622569827146, 0.1481377105726204, 0.14827105046242578, 0.13681383021601062, 0.1201417222414351, 0.12034993771206073, 0.1251681328580521, 0.12202548764877497, 0.11928076564334314, 0.12468209971425193, 0.12462984827971557, 0.12133455241044101, 0.11873086366187374, 0.12050622870888134, 0.118453576867414, 0.10967116225853459, 0.11205308537245347, 0.11458656678605826, 0.11319258060314438, 0.11342953237442162, 0.11799325942325273, 0.11457051862862055, 0.1119099827187575, 0.11500441334071847, 0.11303141593941314, 0.11242080423520277, 0.11849067087328818, 0.11473606272206029, 0.11409782862558297, 0.11377535979847253, 0.11389346924106286, 0.11456337693634402, 0.11464429389268116, 0.11445062024544615, 0.11458343361201836, 0.11455278087121915, 0.11432487745849337, 0.11417727709535493, 0.11409636013901779, 0.11409636013901779, 0.11401482356043965, 0.11401482356043965, 0.11401482356043965, 0.11401482356043965, 0.11401482356043965, 0.11401482356043965, 0.11401482356043965, 0.11426449031057052, 0.11429880842868279, 0.11429880842868279, 0.11429880842868279, 0.11429880842868279, 0.11429880842868279, 0.11429880842868279, 0.11429880842868279, 0.11429880842868279, 0.11429880842868279, 0.1146602825196609, 0.1146602825196609, 0.11429880842868279, 0.11429880842868279, 0.11429880842868279, 0.11429880842868279, 0.11429880842868279, 0.11429880842868279, 0.11429880842868279, 0.11429880842868279, 0.11429880842868279, 0.11429880842868279, 0.11429880842868279, 0.11429880842868279, 0.11429880842868279, 0.11429880842868279, 0.11429880842868279, 0.11429880842868279, 0.11429880842868279, 0.11429880842868279, 0.11429880842868279, 0.11429880842868279, 0.11429880842868279, 0.11429880842868279, 0.11429880842868279, 0.11429880842868279, 0.11429880842868279, 0.11429880842868279, 0.11429880842868279, 0.11429880842868279, 0.11429880842868279, 0.11429880842868279, 0.11429880842868279, 0.11429880842868279, 0.11429880842868279, 0.11429880842868279, 0.11429880842868279, 0.11429880842868279, 0.11429880842868279]}
