{"best_test_loss": 0.11639950318179924, "epoch_time_hist": [1.2753651142120361, 1.5332953929901123, 1.6652674674987793, 1.7568984031677246, 1.786940336227417, 1.7937424182891846, 1.8512487411499023, 1.868527889251709, 1.9357190132141113, 2.005824327468872, 1.9398114681243896, 2.005993604660034, 2.031033992767334, 2.0560035705566406, 2.0124411582946777, 2.010571002960205, 1.9592244625091553, 2.0895519256591797, 2.0071895122528076, 2.017380714416504, 1.9932727813720703, 1.9355645179748535, 2.0240588188171387, 1.9513351917266846, 1.9863953590393066, 2.0297226905822754, 2.032794713973999, 2.043848752975464, 2.0956976413726807, 1.986448049545288, 1.9630236625671387, 2.0513079166412354, 2.0045812129974365, 2.054389238357544, 2.1105263233184814, 1.9925308227539062, 1.9902398586273193, 1.9953913688659668, 2.030487298965454, 1.9507951736450195, 2.0072619915008545, 2.07666277885437, 2.0361082553863525, 2.0597035884857178, 2.0171022415161133, 2.084681749343872, 2.1094212532043457, 2.0358285903930664, 2.089521884918213, 2.042349338531494, 2.0729117393493652, 2.084491014480591, 2.0710036754608154, 2.049818277359009, 2.068267345428467, 2.0456414222717285, 2.0520195960998535, 2.0446107387542725, 2.0888257026672363, 2.0994486808776855, 2.091618299484253, 2.082627296447754, 2.056666851043701, 2.0457446575164795, 2.0364432334899902, 2.1181600093841553, 2.0915839672088623, 2.108530044555664, 2.0868868827819824, 2.063910961151123, 2.0518269538879395, 2.1233198642730713, 2.0789899826049805, 2.0752780437469482, 2.0699892044067383, 2.0822908878326416, 2.0646629333496094, 2.036203622817993, 2.1126885414123535, 2.0792901515960693, 2.063549757003784, 2.0482311248779297, 2.0939314365386963, 2.068588972091675, 2.0613198280334473, 2.1185109615325928, 2.022852659225464, 2.0741539001464844, 2.100489377975464, 2.025106906890869, 2.087113857269287, 2.079235553741455, 2.0711591243743896, 2.080148220062256, 2.066368818283081, 2.051234483718872, 2.014373779296875, 2.1176388263702393, 2.0708022117614746, 2.0665552616119385], "time_till_best_val_loss": 112.82723665237427, "val_acc_hist": [0.0, 0.0, 0.0, 0.0, 0.005, 0.005, 0.02, 0.01, 0.015, 0.02, 0.015, 0.01, 0.02, 0.025, 0.015, 0.02, 0.06, 0.035, 0.04, 0.025, 0.035, 0.04, 0.035, 0.04, 0.025, 0.045, 0.04, 0.045, 0.04, 0.03, 0.045, 0.04, 0.045, 0.05, 0.055, 0.065, 0.055, 0.06, 0.05, 0.035, 0.045, 0.07, 0.05, 0.055, 0.055, 0.085, 0.06, 0.07, 0.065, 0.075, 0.06, 0.075, 0.085, 0.07, 0.065, 0.065, 0.065, 0.065, 0.065, 0.07, 0.07, 0.075, 0.065, 0.065, 0.065, 0.075, 0.07, 0.065, 0.065, 0.065, 0.065, 0.065, 0.065, 0.065, 0.065, 0.065, 0.065, 0.065, 0.065, 0.065, 0.065, 0.065, 0.065, 0.065, 0.065, 0.065, 0.065, 0.065, 0.065, 0.065, 0.065, 0.065, 0.065, 0.065, 0.065, 0.065, 0.065, 0.065, 0.065, 0.065, 0.065], "val_loss_hist": [0.6995424730341585, 0.6019727595801346, 0.5278195822625543, 0.4290860528022092, 0.41222185495593167, 0.3484622952952267, 0.3241669488652193, 0.30495752351687894, 0.2627883518200689, 0.23755418434934017, 0.2290386926744094, 0.2198014622368534, 0.1992283298434566, 0.21665743651213976, 0.21244419157955335, 0.18630705905460218, 0.1905464094906675, 0.17593705032489884, 0.15791968424163175, 0.16674165943687344, 0.19306082167805386, 0.16155358603851147, 0.14550526036495004, 0.15581489493129247, 0.16971419759794665, 0.14730705265573904, 0.15957607404984103, 0.13902677066171334, 0.13736523397055386, 0.1313893371448595, 0.15563475138111554, 0.15724687999703402, 0.14971914996309085, 0.1477765412455116, 0.14136922307539243, 0.1412702487528174, 0.1371389130370383, 0.14634677866065873, 0.1331949044159286, 0.15034932261211587, 0.15626264484046082, 0.12786470426877478, 0.11456041262498216, 0.10813148289578045, 0.11087526232517007, 0.10865066679418707, 0.11361451894658774, 0.11663234905700641, 0.10959702789422245, 0.1083240845687297, 0.11192628496739435, 0.11020379540762665, 0.11152333162683188, 0.10944115955762988, 0.11194926495900491, 0.11177380683378699, 0.10728558952772727, 0.1042086376709145, 0.10765317562217007, 0.10537390421700805, 0.1059942223336538, 0.10646053975351133, 0.10834433138409448, 0.10833296174741036, 0.10633488145970194, 0.10852996083795935, 0.11056237925082273, 0.1103626676078593, 0.10700222623875852, 0.10684757462727387, 0.10731063486092503, 0.10731063486092503, 0.10788649687692851, 0.10804114848841315, 0.10804114848841315, 0.10784367554606034, 0.10751140150989799, 0.1077135196701819, 0.10865371826882873, 0.10861746343936746, 0.10874529074043444, 0.10874529074043444, 0.10861450454294563, 0.10861450454294563, 0.10853967571853271, 0.10853967571853271, 0.10853967571853271, 0.10867046191602153, 0.10867046191602153, 0.10867046191602153, 0.10867046191602153, 0.10867046191602153, 0.10867046191602153, 0.10867046191602153, 0.10867046191602153, 0.10867046191602153, 0.10867046191602153, 0.10867046191602153, 0.10867046191602153, 0.10867046191602153, 0.10867046191602153]}
