{"best_test_loss": 0.21704622427616949, "epoch_time_hist": [7.437643051147461, 7.140545129776001, 7.2518675327301025, 7.299741268157959, 7.277803182601929, 7.2247655391693115, 7.2183332443237305, 7.089590311050415, 7.156421184539795, 7.210095167160034, 7.179260969161987, 7.15997576713562, 7.08524489402771, 7.160978555679321, 7.107135534286499, 7.168576240539551, 7.098841667175293, 7.287193298339844, 7.296297550201416, 7.170076370239258, 7.074410915374756, 7.2619946002960205, 7.055208683013916, 7.166807174682617, 7.164448976516724, 7.121990442276001, 6.987749338150024, 7.08797287940979, 7.091414928436279, 7.100080966949463, 7.295670509338379, 7.1467132568359375, 7.233237981796265, 7.030740737915039, 7.0982444286346436, 7.121025562286377, 6.99127459526062, 7.136662244796753, 7.278406143188477, 7.18895959854126, 7.426821708679199, 7.1262102127075195, 7.0442023277282715, 7.24595832824707, 7.244277000427246, 7.107269763946533, 7.388443946838379, 7.181590557098389, 7.1189868450164795, 7.2288923263549805, 7.261104345321655, 7.252519607543945, 7.139321565628052, 7.214513540267944, 7.1371986865997314, 7.092727184295654, 7.143988370895386, 7.105534315109253, 7.131305456161499, 7.115065336227417, 7.106655836105347, 7.091203927993774, 7.1088855266571045, 7.03790545463562, 7.099436044692993, 7.017118692398071, 7.097846031188965, 7.141639709472656, 7.070239067077637, 7.187953948974609, 7.093028783798218, 7.203748941421509, 7.1443727016448975, 7.035644292831421, 7.1007184982299805, 6.972790956497192, 7.204352140426636, 7.062243223190308, 7.037076473236084, 7.138477802276611, 7.255524396896362, 7.188911199569702, 7.16394567489624, 7.223372936248779, 7.039705753326416, 6.999687433242798, 7.102432012557983, 7.072385549545288, 7.1989569664001465, 7.047349214553833, 7.083278179168701, 7.210381746292114, 7.115891218185425, 7.108246088027954, 7.11451268196106, 7.181627511978149, 6.983226299285889, 7.036018371582031, 7.218966960906982, 7.046825170516968], "time_till_best_val_loss": 615.1818172931671, "val_acc_hist": [0.0, 0.0, 0.0, 0.0, 0.0, 0.0, 0.005, 0.0, 0.0, 0.0, 0.0, 0.0, 0.0, 0.0, 0.0, 0.0, 0.0, 0.0, 0.0, 0.0, 0.0, 0.0, 0.0, 0.0, 0.0, 0.0, 0.0, 0.0, 0.0, 0.0, 0.0, 0.0, 0.0, 0.0, 0.0, 0.0, 0.0, 0.0, 0.0, 0.0, 0.0, 0.0, 0.0, 0.0, 0.0, 0.0, 0.005, 0.005, 0.005, 0.005, 0.005, 0.005, 0.005, 0.005, 0.01, 0.01, 0.01, 0.01, 0.0, 0.0, 0.005, 0.005, 0.005, 0.005, 0.005, 0.005, 0.005, 0.0, 0.005, 0.005, 0.005, 0.005, 0.0, 0.0, 0.0, 0.005, 0.005, 0.005, 0.005, 0.005, 0.005, 0.01, 0.01, 0.01, 0.01, 0.01, 0.01, 0.005, 0.01, 0.01, 0.01, 0.005, 0.015, 0.015, 0.015, 0.02, 0.015, 0.01, 0.01, 0.01, 0.01], "val_loss_hist": [0.6703009812385811, 0.6046085803031223, 0.5860520265139109, 0.5624714339588062, 0.5026391004667254, 0.4749107435365901, 0.4602664198484758, 0.4548076926444307, 0.43480948309243084, 0.4239777445629057, 0.423864254230455, 0.41852130640021745, 0.4128742281033977, 0.4161207301066146, 0.4158580086644953, 0.4045778089627593, 0.3974348242799635, 0.3907744593509961, 0.3765478235503867, 0.37881668527730356, 0.37680784739047124, 0.371259646722213, 0.37378427752736326, 0.3746423832122244, 0.3870204373767543, 0.3693326308296136, 0.3701014152907051, 0.3712261328168167, 0.3720333838324178, 0.3669325957620924, 0.35387934772297874, 0.3518600261388708, 0.35045696368003254, 0.3467907045631473, 0.335764331258685, 0.33984437737979173, 0.3427830203000803, 0.3361261464281408, 0.33058023764925953, 0.32671681375846373, 0.3185948781554817, 0.3109143987295525, 0.3044394045062768, 0.29225983021761426, 0.2784910739911545, 0.27395591608572073, 0.2739325386500595, 0.26694377638169003, 0.26766328640299036, 0.27196883228509117, 0.26768033028633437, 0.26326437588420654, 0.25676954024010407, 0.2526068001060813, 0.24723376011028195, 0.23533727481469782, 0.2322938770185442, 0.23037674385334592, 0.22670524449003016, 0.23223769026158023, 0.2302204250734279, 0.23001954234771685, 0.23408291503012468, 0.23618672172868915, 0.23160286942017183, 0.24385006060737874, 0.23718653251074862, 0.2364415232405869, 0.23207596056924693, 0.2211077000544343, 0.21780896407876468, 0.22002889671043735, 0.2188209088235123, 0.21965720101845865, 0.21728617499954692, 0.22010104604557038, 0.2162407778262276, 0.2155169280285173, 0.21485676176521198, 0.21811443307742928, 0.2114566016753032, 0.20889230006968207, 0.21003522996861212, 0.20875772659974823, 0.209918110893459, 0.209288455837722, 0.2072836212273639, 0.20890552306089355, 0.21472882993039002, 0.2189703685644362, 0.2213435071804832, 0.21827639323067785, 0.21522454475578492, 0.21449012114000818, 0.21673102995688215, 0.22222249574322261, 0.22068184388798057, 0.21698391748323778, 0.21733792458396484, 0.21733792458396484, 0.21733792458396484]}
