{"best_test_loss": 0.624093634614497, "epoch_time_hist": [7.286665916442871, 6.909516096115112, 7.039880752563477, 6.945476770401001, 6.829310417175293, 6.972604513168335, 6.930672883987427, 7.01127552986145, 6.987650394439697, 6.753364324569702, 6.65148138999939, 6.618202209472656, 6.88422155380249, 6.728116989135742, 6.855035305023193, 6.892536878585815, 6.960892677307129, 6.890127658843994, 6.920504808425903, 7.036432266235352, 6.767665386199951, 6.98422908782959, 6.881899833679199, 6.793849945068359, 6.894340753555298, 6.769695997238159, 6.864655494689941, 6.860631704330444, 6.784818887710571, 6.784480571746826, 6.890504837036133, 6.914966821670532, 6.6581711769104, 6.922186851501465, 6.704517126083374, 6.749227285385132, 6.692463159561157, 6.848046541213989, 6.955459833145142, 6.786628007888794, 6.90274453163147, 6.928854703903198, 6.797454833984375, 6.930582046508789, 6.7749810218811035, 6.837110280990601, 6.962665557861328, 6.953125238418579, 6.947266340255737, 6.948651075363159, 6.910181999206543, 6.906002521514893, 6.938843488693237, 6.853041410446167, 6.928569316864014, 7.098423957824707, 6.8710315227508545, 6.83493971824646, 7.064011335372925, 6.9805591106414795, 6.8855695724487305, 6.874819040298462, 6.7743752002716064, 6.90980076789856, 6.789992332458496, 6.943905830383301, 6.996093273162842, 6.848455905914307, 6.9833807945251465, 6.811878204345703, 6.844764709472656, 7.015037298202515, 6.848153829574585, 6.796536684036255, 6.698331117630005, 6.786728143692017, 6.988229036331177, 6.787995338439941, 6.776036739349365, 6.951846599578857, 6.784307479858398, 6.935131311416626, 6.877516508102417, 7.00447416305542, 6.930149793624878, 6.967139959335327, 6.787081956863403, 6.853975534439087, 6.776927709579468, 6.858486890792847, 6.952587604522705, 6.719732761383057, 6.76540207862854, 6.826944589614868, 6.945917367935181, 6.898951292037964, 6.818798780441284, 7.006333351135254, 6.862073659896851, 6.964132785797119], "time_till_best_val_loss": 110.29601192474365, "val_acc_hist": [0.0, 0.0, 0.0, 0.0, 0.0, 0.0, 0.0, 0.0, 0.0, 0.0, 0.0, 0.0, 0.0, 0.0, 0.0, 0.0, 0.0, 0.0, 0.0, 0.0, 0.0, 0.0, 0.0, 0.0, 0.0, 0.0, 0.0, 0.0, 0.0, 0.0, 0.0, 0.0, 0.0, 0.0, 0.0, 0.0, 0.0, 0.0, 0.0, 0.0, 0.0, 0.0, 0.0, 0.0, 0.0, 0.0, 0.0, 0.0, 0.0, 0.0, 0.0, 0.0, 0.0, 0.0, 0.0, 0.0, 0.0, 0.0, 0.0, 0.0, 0.0, 0.0, 0.0, 0.0, 0.0, 0.0, 0.0, 0.0, 0.0, 0.0, 0.0, 0.0, 0.0, 0.0, 0.0, 0.0, 0.0, 0.0, 0.0, 0.0, 0.0, 0.0, 0.0, 0.0, 0.0, 0.0, 0.0, 0.0, 0.0, 0.0, 0.0, 0.0, 0.0, 0.0, 0.0, 0.0, 0.0, 0.0, 0.0, 0.0, 0.0], "val_loss_hist": [0.6980277058238805, 0.6921407919053653, 0.6979610106085727, 0.7111008170740192, 0.702490146209457, 0.6988457845387069, 0.6876353163071712, 0.6753490695633625, 0.6652229063269778, 0.6583211409299079, 0.6495335432500632, 0.6401924164408083, 0.6319743910600822, 0.6296536905911229, 0.6259120716628661, 0.6255731640940035, 0.6227639522219417, 0.6335073339119749, 0.6314020208754646, 0.6295440314032148, 0.6399336208529819, 0.6431628577828942, 0.6382725616291053, 0.6373005344976754, 0.6315734275643689, 0.6325100626371031, 0.6318307196726971, 0.6308834618166156, 0.6309014405390717, 0.6309014405390717, 0.6309014405390717, 0.6309014405390717, 0.6314317346175423, 0.6289069114289967, 0.6284543028998639, 0.6318286185188816, 0.6318286185188816, 0.6313140092488521, 0.6315061021467767, 0.6315061021467767, 0.6315061021467767, 0.6322325411713502, 0.6322325411713502, 0.6322325411713502, 0.6322325411713502, 0.6322325411713502, 0.6322325411713502, 0.6322325411713502, 0.6322325411713502, 0.6322325411713502, 0.6322325411713502, 0.6322325411713502, 0.6322325411713502, 0.6322325411713502, 0.6322325411713502, 0.6322325411713502, 0.6322325411713502, 0.6322325411713502, 0.6322325411713502, 0.6322325411713502, 0.6322325411713502, 0.6322325411713502, 0.6322325411713502, 0.6322325411713502, 0.6322325411713502, 0.6322325411713502, 0.6322325411713502, 0.6322325411713502, 0.6322325411713502, 0.6322325411713502, 0.6322325411713502, 0.6322325411713502, 0.6322325411713502, 0.6322325411713502, 0.6322325411713502, 0.6322325411713502, 0.6322325411713502, 0.6322325411713502, 0.6322325411713502, 0.6322325411713502, 0.6322325411713502, 0.6322325411713502, 0.6322325411713502, 0.6322325411713502, 0.6322325411713502, 0.6322325411713502, 0.6322325411713502, 0.6322325411713502, 0.6322325411713502, 0.6322325411713502, 0.6322325411713502, 0.6322325411713502, 0.6322325411713502, 0.6322325411713502, 0.6322325411713502, 0.6322325411713502, 0.6322325411713502, 0.6322325411713502, 0.6322325411713502, 0.6322325411713502, 0.6322325411713502]}
