{"best_test_loss": 0.10351863896425662, "epoch_time_hist": [6.933378219604492, 6.486700057983398, 6.555525064468384, 6.607882022857666, 6.504667282104492, 6.6015520095825195, 6.562998056411743, 6.579221248626709, 6.525004863739014, 6.560424327850342, 6.604912281036377, 6.516284942626953, 6.623030662536621, 6.539730072021484, 6.524567604064941, 6.619025945663452, 6.608540773391724, 6.597132205963135, 6.6093103885650635, 6.6243743896484375, 6.556022644042969, 6.6058573722839355, 6.573457479476929, 6.534210205078125, 6.557888031005859, 6.499005317687988, 6.614187717437744, 6.523312091827393, 6.562120199203491, 6.5540971755981445, 6.628286600112915, 6.505887508392334, 6.666991710662842, 6.565058946609497, 6.530059576034546, 6.620387077331543, 6.532126426696777, 6.678784132003784, 6.562722682952881, 6.6824352741241455, 6.54466700553894, 6.601602792739868, 6.613435983657837, 6.537086009979248, 6.525170087814331, 6.587152481079102, 6.6493377685546875, 6.506892442703247, 6.575893402099609, 6.571012496948242, 6.6045145988464355, 6.618830680847168, 6.558927536010742, 6.64252233505249, 6.505417585372925, 6.594837665557861, 6.556108474731445, 6.587425708770752, 6.56250524520874, 6.620266675949097, 6.629170656204224, 6.5584588050842285, 6.667060136795044, 6.591065406799316, 6.663609743118286, 6.554672956466675, 6.598215103149414, 6.515560626983643, 6.515131235122681, 6.539488077163696, 6.497833490371704, 6.609070539474487, 6.53044581413269, 6.609936714172363, 6.5574259757995605, 6.660288095474243, 6.58580756187439, 6.666555643081665, 6.6011481285095215, 6.59041166305542, 6.674854755401611, 6.593044996261597, 6.560200214385986, 6.540586709976196, 6.622308015823364, 6.541247606277466, 6.5734193325042725, 6.6187052726745605, 6.483246088027954, 6.578757286071777, 6.561574459075928, 6.5989089012146, 6.490959644317627, 6.544896125793457, 6.502870559692383, 6.531273126602173, 6.607660293579102, 6.614037990570068, 6.61991024017334, 6.5625293254852295], "time_till_best_val_loss": 85.66158103942871, "val_acc_hist": [0.0, 0.02, 0.035, 0.07, 0.06, 0.08, 0.065, 0.095, 0.1, 0.085, 0.09, 0.08, 0.075, 0.08, 0.075, 0.07, 0.065, 0.075, 0.055, 0.055, 0.07, 0.06, 0.075, 0.065, 0.06, 0.065, 0.065, 0.07, 0.06, 0.06, 0.065, 0.06, 0.06, 0.06, 0.06, 0.06, 0.06, 0.06, 0.06, 0.06, 0.06, 0.06, 0.06, 0.06, 0.06, 0.06, 0.06, 0.06, 0.06, 0.06, 0.06, 0.06, 0.06, 0.06, 0.06, 0.06, 0.06, 0.06, 0.06, 0.06, 0.06, 0.06, 0.06, 0.06, 0.06, 0.06, 0.06, 0.06, 0.06, 0.06, 0.06, 0.06, 0.06, 0.06, 0.06, 0.06, 0.06, 0.06, 0.06, 0.06, 0.06, 0.06, 0.06, 0.06, 0.06, 0.06, 0.06, 0.06, 0.06, 0.06, 0.06, 0.06, 0.06, 0.06, 0.06, 0.06, 0.06, 0.06, 0.06, 0.06, 0.06], "val_loss_hist": [0.6832201329070745, 0.25198302059681743, 0.16790447936656777, 0.13177213710472155, 0.12342547552103937, 0.11624889679227104, 0.11044400945394481, 0.10298870414331074, 0.09837863724338533, 0.10282622012205356, 0.09880899642818784, 0.10022092970261384, 0.10120622516956156, 0.09421693025436192, 0.10153824165529673, 0.09810144570773145, 0.0980496079456972, 0.09845865909813, 0.10294305960907307, 0.09703899512093667, 0.09672425126284205, 0.09902146441264374, 0.09736263784120643, 0.09539534823033036, 0.09947450664730927, 0.09751905093881019, 0.09757752805150503, 0.09781414545188451, 0.09678402134680897, 0.09705420470103761, 0.09691825703019971, 0.09724134064785817, 0.09744690522839779, 0.09791524616738054, 0.0978836817646943, 0.0979558369809667, 0.09783698997681568, 0.09783698997681568, 0.09780542557412944, 0.09783698997681568, 0.09783698997681568, 0.09783698997681568, 0.09783698997681568, 0.09783698997681568, 0.09783698997681568, 0.09783698997681568, 0.09783698997681568, 0.09783698997681568, 0.09783698997681568, 0.09783698997681568, 0.09783698997681568, 0.09783698997681568, 0.09783698997681568, 0.09783698997681568, 0.09783698997681568, 0.09783698997681568, 0.09783698997681568, 0.09783698997681568, 0.09783698997681568, 0.09783698997681568, 0.09783698997681568, 0.09783698997681568, 0.09783698997681568, 0.09783698997681568, 0.09783698997681568, 0.09783698997681568, 0.09783698997681568, 0.09783698997681568, 0.09783698997681568, 0.09783698997681568, 0.09783698997681568, 0.09783698997681568, 0.09783698997681568, 0.09783698997681568, 0.09783698997681568, 0.09783698997681568, 0.09783698997681568, 0.09783698997681568, 0.09783698997681568, 0.09783698997681568, 0.09783698997681568, 0.09783698997681568, 0.09783698997681568, 0.09783698997681568, 0.09783698997681568, 0.09783698997681568, 0.09783698997681568, 0.09783698997681568, 0.09783698997681568, 0.09783698997681568, 0.09783698997681568, 0.09783698997681568, 0.09783698997681568, 0.09783698997681568, 0.09783698997681568, 0.09783698997681568, 0.09783698997681568, 0.09783698997681568, 0.09783698997681568, 0.09783698997681568, 0.09783698997681568]}
