{"best_test_loss": 0.11682703627710106, "epoch_time_hist": [1.3568084239959717, 1.548774003982544, 1.715362787246704, 1.8107762336730957, 1.8293309211730957, 1.8650636672973633, 1.8792076110839844, 1.972550630569458, 1.9411306381225586, 1.9330501556396484, 1.9296519756317139, 2.0341145992279053, 1.974564552307129, 1.9745831489562988, 1.9844486713409424, 1.9889824390411377, 1.9814517498016357, 2.009025812149048, 1.9664316177368164, 2.0382919311523438, 1.9137821197509766, 1.9153740406036377, 1.9751019477844238, 2.0306951999664307, 1.9814715385437012, 2.007925271987915, 1.9642434120178223, 1.9623444080352783, 1.9922616481781006, 2.0141594409942627, 1.9845352172851562, 1.9164836406707764, 1.9397470951080322, 1.999542474746704, 1.9705824851989746, 1.9771745204925537, 2.0883164405822754, 1.9393284320831299, 2.008469820022583, 2.0858101844787598, 2.035567283630371, 1.9070701599121094, 1.977125883102417, 1.9400386810302734, 1.9564225673675537, 1.9193496704101562, 1.9233295917510986, 1.9022948741912842, 1.9458427429199219, 1.9654581546783447, 1.9671013355255127, 1.9900686740875244, 1.951002836227417, 2.040975332260132, 2.0418901443481445, 2.0052361488342285, 1.9582560062408447, 1.986626386642456, 2.014320135116577, 2.0091540813446045, 2.0300095081329346, 1.9925661087036133, 2.0373318195343018, 2.0034921169281006, 2.0106217861175537, 1.9875903129577637, 2.053138494491577, 1.998732566833496, 1.9734785556793213, 1.9299051761627197, 1.9894838333129883, 1.9946107864379883, 1.9934875965118408, 2.032015800476074, 2.022571086883545, 1.9767789840698242, 1.9775238037109375, 1.9786972999572754, 1.9691789150238037, 1.9873404502868652, 1.959559679031372, 2.0014803409576416, 2.028366804122925, 1.9924044609069824, 1.9458026885986328, 2.048470973968506, 1.9861154556274414, 1.9562020301818848, 1.9872922897338867, 1.9871902465820312, 1.9851362705230713, 2.003946542739868, 1.9912724494934082, 1.9942808151245117, 1.9921510219573975, 2.018655300140381, 2.012814998626709, 2.068328619003296, 2.0342447757720947, 2.0372684001922607], "time_till_best_val_loss": 92.96214962005615, "val_acc_hist": [0.0, 0.0, 0.0, 0.015, 0.01, 0.005, 0.0, 0.015, 0.015, 0.02, 0.02, 0.02, 0.025, 0.025, 0.035, 0.04, 0.02, 0.045, 0.05, 0.025, 0.035, 0.055, 0.045, 0.04, 0.055, 0.045, 0.025, 0.05, 0.04, 0.055, 0.04, 0.05, 0.04, 0.075, 0.055, 0.05, 0.05, 0.05, 0.07, 0.04, 0.05, 0.045, 0.06, 0.045, 0.075, 0.085, 0.08, 0.07, 0.085, 0.08, 0.09, 0.085, 0.08, 0.075, 0.085, 0.09, 0.085, 0.08, 0.075, 0.08, 0.08, 0.08, 0.085, 0.085, 0.08, 0.085, 0.09, 0.09, 0.09, 0.09, 0.085, 0.085, 0.085, 0.085, 0.085, 0.085, 0.085, 0.085, 0.08, 0.08, 0.08, 0.08, 0.08, 0.08, 0.08, 0.08, 0.08, 0.08, 0.08, 0.08, 0.08, 0.08, 0.08, 0.08, 0.08, 0.08, 0.08, 0.08, 0.08, 0.08, 0.08], "val_loss_hist": [0.6096935677200845, 0.5107076614412757, 0.4706723426507853, 0.38576486469776766, 0.3512294790311842, 0.3251050615807212, 0.30364747962768346, 0.2637159562202575, 0.23535386576506698, 0.23559173588207424, 0.1966858435331809, 0.18536873132264706, 0.1864154129522986, 0.1664745672272557, 0.1620840657819075, 0.15777112277876476, 0.16197643200844064, 0.16797565785915242, 0.14869237498288604, 0.14780181737639028, 0.14509818147513523, 0.1451828660185688, 0.15761208665289053, 0.14650281078368677, 0.13258861461371854, 0.16374901128901068, 0.15712750261005798, 0.14145426552409487, 0.1480713006205441, 0.12835969523333374, 0.14748254940711958, 0.14816673629729277, 0.12824659397298535, 0.12322193285795728, 0.12383803534265295, 0.1340003946665657, 0.15124458152788542, 0.13655194868949042, 0.14093645886827766, 0.1308835869939034, 0.12345071794757437, 0.14742921628230796, 0.14225883756561164, 0.12647208021504389, 0.1236782698650552, 0.10441407347497968, 0.10796147861362185, 0.0999542546528499, 0.09642301406345652, 0.1037363783410641, 0.09867094849834039, 0.09871488262437539, 0.10101217629836418, 0.10971527278804127, 0.11079713460256285, 0.10270087314063439, 0.10340642443445866, 0.10551479425483122, 0.10184490209500657, 0.1072379110002975, 0.10571699706840715, 0.105104740538993, 0.10364942544264474, 0.10423250521423041, 0.10346575922530522, 0.10231509232870035, 0.10129785226638251, 0.10085358633170635, 0.10146716377697498, 0.10196492444800148, 0.1021273596002826, 0.1024928122334185, 0.1024928122334185, 0.10242136500973677, 0.10180456559103553, 0.10146215323167618, 0.10146215323167618, 0.10144843408085238, 0.10138035803523968, 0.10133664926739452, 0.10097683427728553, 0.10097683427728553, 0.10097683427728553, 0.10097683427728553, 0.10097683427728553, 0.10097683427728553, 0.10097683427728553, 0.10097683427728553, 0.10097683427728553, 0.10097683427728553, 0.10097683427728553, 0.10097683427728553, 0.10097683427728553, 0.10097683427728553, 0.10097683427728553, 0.10097683427728553, 0.10097683427728553, 0.10097683427728553, 0.10097683427728553, 0.10097683427728553, 0.10097683427728553]}
