{"best_test_loss": 0.24949871812619392, "epoch_time_hist": [7.470314025878906, 7.12807035446167, 7.186383008956909, 7.2880859375, 7.123637437820435, 7.1759843826293945, 7.198213338851929, 7.134694576263428, 7.184766530990601, 7.192049503326416, 7.094926595687866, 7.172933340072632, 7.169871807098389, 7.021194934844971, 7.141444444656372, 7.200056314468384, 7.152796268463135, 7.266444683074951, 7.260308742523193, 7.086330890655518, 6.96285080909729, 7.091933965682983, 7.187596321105957, 7.170373916625977, 7.272151470184326, 7.1548168659210205, 6.986568927764893, 7.153661489486694, 7.167216539382935, 7.191673278808594, 7.241710424423218, 7.135419130325317, 7.169422626495361, 7.085139989852905, 7.055735349655151, 7.196275472640991, 7.154811382293701, 7.016687393188477, 7.087860584259033, 7.141047239303589, 7.150578260421753, 7.110498905181885, 7.064038038253784, 7.107049942016602, 7.123869895935059, 7.146182060241699, 7.099468231201172, 7.16088342666626, 7.15415096282959, 6.932433366775513, 7.236278295516968, 7.1605470180511475, 6.989185333251953, 7.060884475708008, 7.018592357635498, 6.977136135101318, 7.05485987663269, 7.156930446624756, 7.132586240768433, 7.0446953773498535, 7.060713291168213, 7.1583168506622314, 7.158440828323364, 6.9952027797698975, 7.175422668457031, 7.0922534465789795, 7.160488843917847, 7.061204433441162, 7.069170236587524, 7.097641706466675, 7.204922199249268, 7.168565511703491, 7.046409368515015, 7.132328510284424, 7.315814733505249, 7.12507176399231, 7.2143518924713135, 7.052777051925659, 7.09799599647522, 7.028028726577759, 7.132573127746582, 7.067593336105347, 7.14504337310791, 7.079732656478882, 7.23386549949646, 7.083738327026367, 7.236485481262207, 7.035820722579956, 7.091383218765259, 7.230432033538818, 7.009180068969727, 6.961536884307861, 7.07467246055603, 6.9312145709991455, 7.051820516586304, 7.036585807800293, 7.033475637435913, 7.288102626800537, 7.217280864715576, 7.061338424682617], "time_till_best_val_loss": 364.5568916797638, "val_acc_hist": [0.0, 0.0, 0.0, 0.0, 0.0, 0.0, 0.0, 0.0, 0.0, 0.0, 0.0, 0.0, 0.0, 0.0, 0.0, 0.0, 0.0, 0.0, 0.0, 0.0, 0.0, 0.0, 0.0, 0.0, 0.005, 0.005, 0.005, 0.005, 0.005, 0.0, 0.0, 0.005, 0.005, 0.005, 0.005, 0.005, 0.005, 0.005, 0.005, 0.005, 0.005, 0.005, 0.005, 0.005, 0.005, 0.01, 0.01, 0.01, 0.01, 0.015, 0.015, 0.015, 0.015, 0.015, 0.015, 0.01, 0.005, 0.005, 0.005, 0.005, 0.005, 0.005, 0.005, 0.005, 0.005, 0.005, 0.01, 0.01, 0.01, 0.01, 0.01, 0.01, 0.01, 0.01, 0.01, 0.01, 0.01, 0.01, 0.01, 0.01, 0.01, 0.01, 0.01, 0.01, 0.01, 0.01, 0.01, 0.01, 0.01, 0.01, 0.01, 0.01, 0.01, 0.01, 0.01, 0.01, 0.01, 0.01, 0.01, 0.01, 0.01], "val_loss_hist": [0.6977244176373179, 0.5912332277182585, 0.5516887569789437, 0.5308755583728595, 0.5028505684807105, 0.4735076808198998, 0.46843278777585323, 0.45724095808808657, 0.4556478361973292, 0.4379129927431996, 0.4160201110834636, 0.3858675122004135, 0.37339605786087887, 0.3688067905132452, 0.3675073985598547, 0.36597204453504295, 0.367278916413134, 0.350109197681307, 0.348388462441013, 0.34101445766333904, 0.34749563829089514, 0.34631660354337185, 0.334448304417891, 0.33010171431127155, 0.32250380963332065, 0.3119210330592972, 0.311037388857209, 0.3077637014264512, 0.2874525821190228, 0.25929402101984267, 0.25097635577186045, 0.24627541326873942, 0.24408074813990713, 0.24128187251783836, 0.23515102472008925, 0.2311445856171742, 0.2340984065417189, 0.23510896467932826, 0.23317655178450764, 0.23106736288689048, 0.23092071129171898, 0.233241342309081, 0.23794880613370453, 0.23225625840368563, 0.23060714193801943, 0.226970098226144, 0.22822642341152613, 0.23548733310488956, 0.23945882750408165, 0.22899649624286988, 0.22786557963599768, 0.2242111140322512, 0.22615179152592044, 0.23383813583524182, 0.23504237227253932, 0.22897690047982758, 0.22778709114244083, 0.2298108668057998, 0.2278510954809629, 0.22969427533942663, 0.2311418750525731, 0.22979436686077614, 0.2335110358528814, 0.2335325734010256, 0.2332242830111507, 0.23247858035444524, 0.22993742655730412, 0.23031699240626974, 0.23031699240626974, 0.230338380410091, 0.2308946823021998, 0.22880666167232447, 0.23064588439341632, 0.23124631761390638, 0.23124631761390638, 0.23124631761390638, 0.23124631761390638, 0.23124631761390638, 0.23124631761390638, 0.23124631761390638, 0.23124631761390638, 0.23124631761390638, 0.23124631761390638, 0.23124631761390638, 0.23124631761390638, 0.23124631761390638, 0.23124631761390638, 0.23124631761390638, 0.23124631761390638, 0.23124631761390638, 0.23124631761390638, 0.23124631761390638, 0.23124631761390638, 0.23124631761390638, 0.23124631761390638, 0.23124631761390638, 0.23124631761390638, 0.23124631761390638, 0.23124631761390638, 0.23124631761390638, 0.23124631761390638]}
