{"best_test_loss": 0.5931395902669572, "epoch_time_hist": [10.023263692855835, 9.543533325195312, 9.69630765914917, 9.70444655418396, 9.588200330734253, 9.648796081542969, 9.066991090774536, 9.010665893554688, 8.005110740661621, 7.35219931602478, 7.1418492794036865, 6.910515308380127, 7.017035484313965, 8.074835538864136, 9.499940395355225, 9.790445566177368, 7.701297998428345, 7.489437580108643, 7.2563207149505615, 6.195622444152832, 5.816241502761841, 5.7167017459869385, 6.140225648880005, 6.075487852096558, 5.952562570571899], "time_till_best_val_loss": 174.53305649757385, "val_loss_hist": [0.5957282552600173, 0.5869788985952914, 0.5926402470254082, 0.5769428718328116, 0.5684508491876364, 0.57977354604787, 0.5887802367321467, 0.5800308800674208, 0.5560988162491998, 0.5494081317408799, 0.5612454966402151, 0.5571281523274028, 0.5483787956626769, 0.5679361811485348, 0.5635615028161719, 0.5530108080145906, 0.5488934637017784, 0.5810602161456238, 0.5810602161456238, 0.5344827586069356, 0.538342768900197, 0.5216160576293974, 0.5640761708552734, 0.5751415336959562, 0.5584148224251566, 0.5769428718328116]}
