{"best_test_loss": 0.5395426393392201, "epoch_time_hist": [10.69666075706482, 10.636581182479858, 10.480265855789185, 10.117317914962769, 10.432126522064209, 10.154527425765991, 10.020326375961304, 10.707206010818481, 9.884324789047241, 9.833118677139282, 8.245684146881104, 7.517511606216431, 6.951337575912476, 7.7140772342681885, 8.058190107345581, 6.625871896743774, 6.582190990447998, 6.615750074386597, 6.49526572227478, 6.3177971839904785, 6.5109827518463135, 6.296074867248535, 6.338695526123047, 6.315696954727173, 6.262664079666138], "time_till_best_val_loss": 31.813507795333862, "val_loss_hist": [0.538600102950497, 0.5360267627242402, 0.5229027277271513, 0.5164693772383822, 0.5200720535120928, 0.5298507462550218, 0.538342768900197, 0.5391147709588494, 0.5764282037937101, 0.5980442614359742, 0.6158003087849768, 0.6489963973070253, 0.675501801320754, 0.6742151312230001, 0.6369016983881395, 0.6423057127987055, 0.6441070509355609, 0.6412763767205024, 0.6379310344663425, 0.6356150282903856, 0.6361296963294871, 0.6392177045640963, 0.6423057127987055, 0.646165723091967, 0.6513124034829822, 0.6546577457371421]}
