{"best_test_loss": 0.17341591233507825, "epoch_time_hist": [6.014772176742554, 5.714945316314697, 5.643991231918335, 5.7542195320129395, 5.6694958209991455, 5.629746675491333, 5.669288396835327, 5.626791715621948, 5.629050254821777, 5.719752073287964, 5.613517761230469, 5.660092830657959, 5.708426475524902, 5.664662599563599, 5.674763202667236, 5.712692975997925, 5.643374443054199, 5.65375542640686, 5.686970472335815, 5.632776260375977, 5.675765037536621, 5.725249767303467, 5.596742391586304, 5.668988943099976, 5.723514795303345], "time_till_best_val_loss": 130.72084283828735, "val_loss_hist": [0.5846628924193344, 0.2004632012300447, 0.18965517240891264, 0.16906845088263028, 0.15362840967180577, 0.177303139470476, 0.16212043231698095, 0.16495110653203934, 0.16932578486440233, 0.17241379309901148, 0.15568708182821187, 0.16546577457114087, 0.157745753984618, 0.15851775604327026, 0.1595470921214733, 0.16212043231698095, 0.16212043231698095, 0.16237776633653173, 0.16057642819967638, 0.16083376221922713, 0.15903242408237178, 0.15903242408237178, 0.15517241378911034, 0.15311374163270422, 0.15465774575000882, 0.15542974781132585]}
