{"best_test_loss": 0.17579799904297766, "epoch_time_hist": [6.010879278182983, 5.742137908935547, 5.570225477218628, 5.721739292144775, 5.60052227973938, 5.583386659622192, 5.740309000015259, 5.610524892807007, 5.627771615982056, 5.6395673751831055, 5.606338024139404, 5.626337051391602, 5.715730905532837, 5.639944076538086, 5.6660051345825195, 5.66308331489563, 5.603511810302734, 5.582702398300171, 5.705517768859863, 5.623346567153931, 5.614110946655273, 5.717026948928833, 5.668233394622803, 5.6805994510650635, 5.7268385887146], "time_till_best_val_loss": 79.43541383743286, "val_loss_hist": [0.5313947503723264, 0.19454451878037715, 0.17472979927496837, 0.18116314976373746, 0.1780751415291283, 0.1737004631967653, 0.1603190941801256, 0.1567164179064149, 0.14745239320258743, 0.16212043231698095, 0.16572310859069164, 0.1780751415291283, 0.16803911480442724, 0.1634071024897809, 0.14127637673336912, 0.14282038089386206, 0.16237776637972007, 0.1618630982974302, 0.15440041173045804, 0.1492537313772215, 0.15568708182821187, 0.16495110653203934, 0.1564590839246429, 0.1610910962387779, 0.16984045290350386, 0.15542974780866112]}
