{"best_test_loss": 0.22820390661676504, "epoch_time_hist": [0.8928894996643066, 1.0567207336425781, 1.2397842407226562, 1.3395569324493408, 1.3242099285125732, 1.3434686660766602, 1.3813319206237793, 1.4342949390411377, 1.4116041660308838, 1.3429946899414062, 1.2267529964447021, 1.2011258602142334, 0.9907894134521484, 1.1011109352111816, 1.0889153480529785, 0.8063173294067383, 0.8686914443969727, 0.964545726776123, 0.9565849304199219, 1.007134199142456, 0.9144630432128906, 0.9152834415435791, 1.043355941772461, 0.9271466732025146, 0.9615414142608643], "time_till_best_val_loss": 12.766855716705322, "val_loss_hist": [0.5249613998835574, 0.6317550179971242, 0.6114256304526139, 0.4879053010682474, 0.48919197116600127, 0.4158517755940337, 0.34559958825667525, 0.25347400925750196, 0.24498198661232679, 0.23803396808445615, 0.21538857436398898, 0.27766340709166476, 0.2691713844500985, 0.26479670611773554, 0.249099330925139, 0.263252702000431, 0.36901698403579475, 0.4042717447142493, 0.36541430776208406, 0.3996397323623356, 0.4071024189293077, 0.4310344827475287, 0.4310344827475287, 0.4310344827475287, 0.4310344827475287, 0.4310344827475287]}
