{"best_test_loss": 0.25107193901259955, "epoch_time_hist": [0.9711718559265137, 1.1275959014892578, 1.1890103816986084, 1.307506799697876, 1.2924234867095947, 1.3424019813537598, 1.3705291748046875, 1.3739006519317627, 1.41245698928833, 1.3730003833770752, 1.291750192642212, 0.9392578601837158, 0.9930441379547119, 1.0101821422576904, 0.9094629287719727, 0.8614470958709717, 1.0052964687347412, 1.060145616531372, 1.0488202571868896, 0.7961246967315674, 0.8374533653259277, 0.9283246994018555, 0.9898138046264648, 0.9159033298492432, 0.901024341583252], "time_till_best_val_loss": 12.759997606277466, "val_loss_hist": [0.5784868759501162, 0.6284096757429642, 0.604734945944294, 0.5666495110507811, 0.507977354593207, 0.45702521872215585, 0.37982501276280495, 0.2568193515116619, 0.2552753473943573, 0.22516726710691798, 0.22002058658656476, 0.26788471435234473, 0.26273803396132944, 0.28538342768179664, 0.34045290786566, 0.34148224394386306, 0.36412763766433026, 0.4011837364796402, 0.42871847657157186, 0.3911477097171604, 0.422027792063252, 0.422027792063252, 0.422027792063252, 0.422027792063252, 0.422027792063252, 0.422027792063252]}
