{"best_test_loss": 0.5300142925076223, "epoch_time_hist": [10.466390132904053, 9.941922903060913, 9.978436708450317, 9.8294095993042, 9.844961166381836, 9.567495584487915, 9.466295003890991, 9.561378717422485, 9.339453220367432, 9.313390970230103, 9.108966827392578, 9.243306159973145, 8.947246313095093, 9.485612869262695, 9.246673583984375, 9.40198278427124, 9.519818544387817, 9.15381646156311, 8.893824815750122, 9.132837533950806, 9.055440187454224, 9.024760484695435, 8.993212461471558, 8.596132040023804, 8.629854917526245], "time_till_best_val_loss": 152.74292254447937, "val_loss_hist": [0.5414307771348063, 0.5442614510395192, 0.5594441585033597, 0.54271744723256, 0.5406587750761539, 0.5337107565482834, 0.5295934122354711, 0.5607308286011135, 0.6088522902571062, 0.6281523417234135, 0.6139989706481215, 0.6121976325112661, 0.595985589279568, 0.5784868759501162, 0.5609881626206642, 0.5388574369392986, 0.5108080288082654, 0.5447761193889662, 0.5761708697741593, 0.5784868759501162, 0.5826042202629284, 0.5916109109472051, 0.6186309830000353, 0.6021616057487864, 0.5936695831036112, 0.5867215645757405]}
