{"best_test_loss": 0.589804668875898, "epoch_time_hist": [10.581676006317139, 9.792062759399414, 9.907052040100098, 9.790062427520752, 9.932836294174194, 9.837310314178467, 10.142227172851562, 9.94268274307251, 9.773299217224121, 9.677976608276367, 9.56953501701355, 9.20938754081726, 9.114666223526001, 9.056369543075562, 9.043226718902588, 9.068382263183594, 9.135818481445312, 8.852126121520996, 8.991354703903198, 9.07055139541626, 8.695950031280518, 9.090233087539673, 9.20090365409851, 9.109569072723389, 9.175370931625366], "time_till_best_val_loss": 235.7606303691864, "val_loss_hist": [0.5676788471289841, 0.5756562017350577, 0.5787442099572728, 0.5828615542824791, 0.6487390632874745, 0.6662377766169265, 0.6778178074967108, 0.6791044775944647, 0.68425115798548, 0.6659804425973758, 0.6186309830000353, 0.6196603190782383, 0.6358723623099364, 0.6351003602512841, 0.6363870303490379, 0.6351003602512841, 0.6343283581926318, 0.6384457025054441, 0.6394750385836471, 0.6453937210333146, 0.6397323726031978, 0.6394750385836471, 0.6381883684858932, 0.6379310344663425, 0.6379310344663425, 0.6379310344663425]}
