{"best_test_loss": 0.1819794253216751, "epoch_time_hist": [4.962486505508423, 4.666606664657593, 4.414070129394531, 4.321383476257324, 4.423325777053833, 3.6162984371185303, 3.885552406311035, 3.524970293045044, 3.8533921241760254, 4.267761945724487, 3.8508996963500977, 4.498540163040161, 3.5609028339385986, 2.60611629486084, 2.5711910724639893, 2.5768773555755615, 2.8328917026519775, 3.277350664138794, 3.3317668437957764, 3.591552734375, 3.762712001800537, 3.7659084796905518, 3.8092615604400635, 3.643202543258667, 3.8061327934265137], "time_till_best_val_loss": 45.786747455596924, "val_loss_hist": [0.3924449108493168, 0.3756558237014461, 0.36935991604164536, 0.3899965022598812, 0.3641133263251447, 0.33228401537837415, 0.35047219306224303, 0.3525708289488433, 0.34452605805020897, 0.3515215110055432, 0.21336131513769285, 0.19937040922702448, 0.3025533403182038, 0.35501923748321024, 0.33613151450380796, 0.3476740118801094, 0.3473242392323426, 0.3480237845278761, 0.3455753759935091, 0.3347324239127411, 0.3354319692082745, 0.3592165092564108, 0.3648128716206781, 0.3644630989729114, 0.3641133263251447, 0.36201469043854445]}
