{"best_test_loss": 0.0890386661905272, "epoch_time_hist": [4.307458400726318, 4.031747102737427, 3.9920802116394043, 3.9821937084198, 4.069394826889038, 4.004061460494995, 4.0565690994262695, 4.114024639129639, 4.050888776779175, 4.039931535720825, 4.142672300338745, 4.073482036590576, 4.1197028160095215, 4.075923442840576, 4.075246095657349, 4.113044023513794, 4.06567907333374, 4.082069396972656, 4.126055955886841, 4.080674409866333, 4.049896955490112, 4.13825535774231, 4.038923501968384, 4.067011594772339, 4.125617265701294], "time_till_best_val_loss": 89.79105162620544, "val_loss_hist": [0.4973767051242611, 0.10318293109117933, 0.18048268624762215, 0.2004197271703246, 0.12521860790048203, 0.13396292409464977, 0.19097586568062344, 0.18048268624762215, 0.14095837704998398, 0.12242042671834837, 0.19727177334042423, 0.1486533753008516, 0.1381601958678503, 0.13920951381115043, 0.13990905910668386, 0.14130814969775068, 0.15459951031288566, 0.15739769149501934, 0.15529905560841906, 0.13781042322008358, 0.15145155648298525, 0.1304651976169827, 0.10283315844341262, 0.10807974815991327, 0.10493179433001289, 0.11227701993311379]}
