{"best_test_loss": 0.07626818020304121, "epoch_time_hist": [0.8097825050354004, 0.895902156829834, 0.8665978908538818, 0.8711967468261719, 0.8923864364624023, 0.816387414932251, 0.6985454559326172, 0.6997578144073486, 0.7001590728759766, 0.6802895069122314, 0.6907515525817871, 0.7137763500213623, 0.9744343757629395, 1.0902135372161865, 1.1950314044952393, 1.0382888317108154, 1.3889269828796387, 1.6155943870544434, 1.6571123600006104, 1.371185302734375, 1.461639642715454, 1.3932263851165771, 1.265615701675415, 1.1134212017059326, 1.1130363941192627], "time_till_best_val_loss": 26.013259410858154, "val_loss_hist": [0.4393144455949873, 0.2934592514762694, 0.16054564532491972, 0.12836656173038244, 0.09024134312381107, 0.09933543196574553, 0.12207065407058165, 0.1052815669777796, 0.10598111227331301, 0.1640433718025868, 0.14165792234551738, 0.12207065400453714, 0.12521860790048203, 0.17033927946238758, 0.149352920596385, 0.1280167890826157, 0.1388597411633837, 0.14620496676648462, 0.12556838054824876, 0.09898565931797883, 0.10003497726127895, 0.11787338229738115, 0.10283315844341262, 0.09618747813584515, 0.0724029380877089, 0.06330884924577444]}
