{"best_test_loss": 0.27598439161844684, "epoch_time_hist": [5.069162607192993, 4.119687795639038, 4.078908205032349, 5.084876537322998, 5.6105241775512695, 5.232372760772705, 4.238839864730835, 3.6689674854278564, 3.660399913787842, 3.5950660705566406, 3.9875030517578125, 4.385202884674072, 4.2042076587677, 4.321666717529297, 4.357439756393433, 4.427732467651367, 4.256572961807251, 4.279432773590088, 4.271637678146362, 4.190981149673462, 4.173498868942261, 3.902834177017212, 4.0717079639434814, 3.9227349758148193, 3.947157621383667], "time_till_best_val_loss": 5.069162607192993, "val_loss_hist": [0.4015389996361826, 0.2735222105535669, 0.32913606154847375, 0.35431969218767684, 0.35257082902665926, 0.3567681007220438, 0.3378803777426415, 0.34067855892477517, 0.3483735571756428, 0.3599160545519442, 0.3749562784059127, 0.3707590066327122, 0.36656173485951166, 0.363763553677378, 0.36166491779077775, 0.36201469043854445, 0.36656173485951166, 0.3648128716206781, 0.36201469043854445, 0.36201469043854445, 0.3641133263251447, 0.35886673660864404, 0.35816719131311064, 0.35781741866534394, 0.35781741866534394, 0.35781741866534394]}
