{"best_test_loss": 0.3935969868080603, "epoch_time_hist": [7.943285226821899, 8.196175575256348, 8.121262311935425, 8.48840880393982, 8.432018280029297, 8.450515508651733, 8.094435214996338, 7.921338796615601, 7.84868049621582, 7.670998573303223, 7.0016584396362305, 6.9961888790130615, 6.409207820892334, 6.306856393814087, 6.794410943984985, 9.683144569396973, 6.540974378585815, 6.045013666152954, 5.520129919052124, 5.4978132247924805, 5.106840372085571, 4.981454372406006, 4.843663454055786, 4.39556622505188, 5.350334882736206], "time_till_best_val_loss": 172.640376329422, "val_loss_hist": [0.5537806176636374, 0.5545793397083446, 0.5505857294848087, 0.551650692211085, 0.5489882848746127, 0.5396698615404774, 0.5396698615404774, 0.5359424919985106, 0.538072417451063, 0.5202342917859363, 0.5159744408808313, 0.528753993596146, 0.5644302449263996, 0.5865282214966313, 0.5343450479090963, 0.4957401490815831, 0.5583067092503113, 0.5958466453515483, 0.5958466453515483, 0.5907880724017363, 0.594515441943703, 0.5894568689938909, 0.5894568689938909, 0.5527156549373612, 0.5527156549373612, 0.4297124600524571]}
