{"best_test_loss": 0.1367702449991432, "epoch_time_hist": [5.415421485900879, 5.06425404548645, 4.98322319984436, 5.066062688827515, 5.01340389251709, 5.000698089599609, 5.027928590774536, 5.0559563636779785, 5.0070366859436035, 5.05885648727417, 4.995333909988403, 5.039095401763916, 5.061609268188477, 5.032670021057129, 5.007477045059204, 5.0455029010772705, 5.003665208816528, 5.026989936828613, 5.057241678237915, 5.017198324203491, 5.01482367515564, 5.07286524772644, 5.009137392044067, 5.0206310749053955, 5.090397119522095], "time_till_best_val_loss": 55.688175439834595, "val_loss_hist": [0.5215654952035271, 0.18397231096421798, 0.16906283279635084, 0.16640042598066027, 0.17784877495361848, 0.16666666666222932, 0.16160809371241724, 0.15255591053906933, 0.16027689030457198, 0.16320553780183158, 0.16054313098614104, 0.14137380189521526, 0.1613418530308482, 0.15468583599162178, 0.15495207667319086, 0.1600106496230029, 0.15175718849436218, 0.15548455803632896, 0.16027689030457198, 0.16719914802536745, 0.15015974440494784, 0.15495207667319086, 0.16506922257281498, 0.16320553780183158, 0.16240681575712443, 0.16373801916496972]}
