{"best_test_loss": 0.1906779662232635, "epoch_time_hist": [0.996635913848877, 1.1243562698364258, 1.176405906677246, 1.2966666221618652, 1.3259236812591553, 1.3243403434753418, 1.3356072902679443, 1.2358238697052002, 1.282634973526001, 1.3559930324554443, 1.3308684825897217, 1.1742486953735352, 1.1636924743652344, 1.2963588237762451, 1.3495292663574219, 1.189026117324829, 1.2252001762390137, 0.9532101154327393, 1.087636947631836, 1.1005058288574219, 0.844879150390625, 1.1226146221160889, 1.018024206161499, 1.0855000019073486, 1.0546610355377197], "time_till_best_val_loss": 12.454387903213501, "val_loss_hist": [0.5415335463114608, 0.5966453673962555, 0.4808306709137159, 0.4424920127677718, 0.443290734812479, 0.38924387657860066, 0.3157614483409009, 0.3296059638003428, 0.24547390840667002, 0.2151224707077976, 0.21192758252896893, 0.24041533545685795, 0.2587859424851229, 0.24680511205562367, 0.2800851972963721, 0.39749733758260125, 0.3746006389676624, 0.42811501596304274, 0.40069222576142993, 0.37140575078883376, 0.3879126730461152, 0.3966986155378941, 0.3956336528116179, 0.400958466442999, 0.3951011714484797, 0.39137380190651294]}
