{"best_test_loss": 0.39265536722239514, "epoch_time_hist": [8.657355785369873, 8.581004619598389, 8.246070861816406, 8.52601146697998, 8.309074401855469, 7.98294472694397, 8.034592390060425, 8.038792371749878, 8.11418628692627, 8.063969612121582, 8.255181312561035, 7.889003038406372, 8.099323034286499, 8.012683629989624, 8.100383758544922, 7.972411394119263, 7.82742714881897, 7.602643966674805, 7.868796348571777, 7.572955846786499, 7.9458630084991455, 7.942023992538452, 7.936151504516602, 8.244219779968262, 8.188002824783325], "time_till_best_val_loss": 122.9105772972107, "val_loss_hist": [0.5697550585956093, 0.5521831735835393, 0.5452609158627438, 0.5654952076817784, 0.5441959531271513, 0.5157082001992623, 0.4968051118078593, 0.5005324813498261, 0.48935037272392573, 0.48189563363999216, 0.4736421725113514, 0.4507454738084367, 0.44621938230973857, 0.4504792332148435, 0.419861554834402, 0.41959531415283297, 0.42997870073402616, 0.433972310957562, 0.4350372736838382, 0.4406283279967884, 0.44142705004149557, 0.4464856229913076, 0.4704472843325227, 0.4808306709137159, 0.4994675186235499, 0.4941427049921687]}
