{"best_test_loss": 0.5620155038631551, "epoch_time_hist": [9.642570495605469, 9.139523267745972, 8.474403858184814, 8.820287466049194, 9.141592264175415, 9.003014087677002, 8.9593186378479, 8.729529619216919, 7.864551782608032, 7.024582862854004, 6.570533514022827, 5.806696653366089, 5.386162996292114, 5.470851421356201, 5.2915143966674805, 5.2239625453948975, 5.628521919250488, 5.6190009117126465, 5.692442178726196, 6.075582027435303, 5.9174299240112305, 5.988848686218262, 5.838989496231079, 5.703480243682861, 5.795670509338379], "time_till_best_val_loss": 172.80906176567078, "val_loss_hist": [0.5436605821276848, 0.5456339417724313, 0.5550074000849776, 0.5653675382198973, 0.5740009866656636, 0.5710409471985437, 0.5848544647117697, 0.6097681302266954, 0.6060680809466246, 0.6623088307680733, 0.676122348319383, 0.687222496282999, 0.6958559447287653, 0.6958559447287653, 0.6983226442846985, 0.6983226442846985, 0.6756290084286035, 0.6097681302740001, 0.6129748393864443, 0.6043413912767559, 0.5976813024757361, 0.5984213123425162, 0.6033547116656941, 0.6011346821443508, 0.6013813520943511, 0.6053280713838443]}
