{"best_test_loss": 0.13337893296549524, "epoch_time_hist": [5.717201471328735, 5.384431838989258, 5.321573495864868, 5.332890510559082, 5.376385450363159, 5.344655752182007, 5.346106052398682, 5.398485898971558, 5.350058317184448, 5.341702461242676, 5.381435394287109, 5.31649112701416, 5.361450910568237, 5.367872953414917, 5.319650650024414, 5.328189849853516, 5.391489028930664, 5.314696788787842, 5.360576868057251, 5.3466668128967285, 5.297530174255371, 5.401307106018066, 5.30819296836853, 5.335995435714722, 5.348274230957031], "time_till_best_val_loss": 123.40904188156128, "val_loss_hist": [0.5572274296853176, 0.1919092254516056, 0.17217562900413974, 0.1593487913132869, 0.15663542180176035, 0.1593487913132869, 0.14948199308955398, 0.14035520473260102, 0.16107548100244018, 0.16058214109125352, 0.14701529353362075, 0.14183522446616095, 0.14701529353362075, 0.15466206215701378, 0.14750863344480739, 0.14282190428853425, 0.14208189442175428, 0.14528860384446748, 0.15194869264548722, 0.14948199308955398, 0.14874198322277402, 0.14553527380006082, 0.14430192402209419, 0.13418845584276792, 0.13640848544310782, 0.13566847557632786]}
