{"best_test_loss": 0.2526219790184081, "epoch_time_hist": [1.0123846530914307, 1.1160070896148682, 1.2668683528900146, 1.3360991477966309, 1.3297193050384521, 1.3301010131835938, 1.3373548984527588, 1.3738160133361816, 1.388420581817627, 1.348853588104248, 1.2502167224884033, 0.9800734519958496, 1.0890588760375977, 1.2108690738677979, 0.9616999626159668, 0.8405816555023193, 0.9512968063354492, 0.9080028533935547, 0.7965319156646729, 0.82936692237854, 0.802372932434082, 0.7532362937927246, 0.8618369102478027, 0.7866501808166504, 0.7815558910369873], "time_till_best_val_loss": 14.089841365814209, "val_loss_hist": [0.5589541193744708, 0.6388751849867076, 0.604834731114829, 0.5473606314615846, 0.48939319189715363, 0.4400592007784889, 0.38529847063677114, 0.25801677355061625, 0.24864331523806998, 0.273063640841809, 0.2772570300868955, 0.23606314744452261, 0.2627035027068894, 0.30932412431402756, 0.347804637386586, 0.29551060628719417, 0.4343857917998425, 0.4375925012225557, 0.3931919092157575, 0.4230389738425496, 0.4514060187357818, 0.46423285642663464, 0.4252590034428895, 0.4237789837093296, 0.4472126294906953, 0.46645288602697454]}
