{"best_test_loss": 0.5775193798317939, "epoch_time_hist": [9.83471131324768, 9.598681449890137, 9.478506565093994, 9.250802755355835, 9.10305380821228, 9.229305267333984, 9.069616079330444, 8.556929111480713, 8.75841236114502, 8.869601249694824, 8.902220487594604, 8.663277626037598, 9.043608665466309, 8.834011316299438, 9.087228298187256, 9.035813093185425, 9.02292537689209, 8.907757043838501, 9.093672513961792, 9.126210451126099, 9.195646524429321, 8.941227436065674, 9.068883180618286, 8.97739315032959, 9.070563793182373], "time_till_best_val_loss": 28.91189932823181, "val_loss_hist": [0.6021213616033024, 0.5508140108398911, 0.5365071534154784, 0.5259003453249654, 0.5407005426605649, 0.545387271816838, 0.5325604341259852, 0.562160828797184, 0.585841144534143, 0.5966946225802493, 0.5979279723582159, 0.5922545634479222, 0.5905278736904163, 0.5784410458663434, 0.5801677355554966, 0.5779477059551568, 0.5784410458663434, 0.5749876664880368, 0.5752343364436302, 0.5742476566212569, 0.5759743463104101, 0.5823877651558366, 0.5816477552890565, 0.5809077454222766, 0.57967439564431, 0.5843611248005831]}
