{"best_test_loss": 0.33916269209488176, "epoch_time_hist": [48.077784299850464, 47.6725537776947, 49.86068511009216, 48.17750287055969, 45.51037788391113, 45.46319365501404, 45.294644594192505, 47.472177267074585, 44.99391460418701, 49.52546143531799, 53.21466135978699, 54.78407144546509, 52.61966633796692, 51.34050536155701, 49.09031581878662, 51.0706684589386, 44.76610016822815, 49.188369274139404, 69.43897199630737, 83.39646530151367, 39.15206694602966, 36.79465985298157, 46.97935199737549, 44.60084629058838, 54.33485674858093], "time_till_best_val_loss": 733.0975158214569, "val_loss_hist": [0.4405673758740265, 0.4527659574339641, 0.4388652482145003, 0.3923404255207847, 0.40595744679699414, 0.37957446831451536, 0.40113475157746165, 0.43262411319406074, 0.47205673757526084, 0.461276595731595, 0.3767375886417947, 0.43546099289544793, 0.44312056736331573, 0.40595744168347886, 0.42269503544900155, 0.351205673748902, 0.3741843971525054, 0.36085106381955034, 0.3608510641862424, 0.35546099289771743, 0.37078014183345304, 0.366808510627892, 0.35574468084097177, 0.35574468084097177, 0.3617021276493134, 0.35943262410327853]}
