{"best_test_loss": 0.06094329623579907, "epoch_time_hist": [186.35650610923767, 183.54720520973206, 183.22643089294434, 182.93834257125854, 187.32075905799866, 186.67254042625427, 186.17240357398987, 183.70451092720032, 184.74208521842957, 186.90606594085693], "time_till_best_val_loss": 1296.2341878414154, "val_loss_hist": [0.48652482268123337, 0.23659574467413913, 0.1095035460961843, 0.09645390070648358, 0.08482269510597402, 0.08482269503305467, 0.08056737588423922, 0.07290780141637142, 0.10439716311760576, 0.08397163127150485, 0.07489361701915195]}
