{"best_test_loss": 0.09936406932075251, "epoch_time_hist": [1.4925072193145752, 1.583519458770752, 1.542581558227539, 1.7496650218963623, 1.9569065570831299, 1.9744081497192383, 2.0037789344787598, 2.13070011138916, 2.3789196014404297, 2.0231215953826904, 2.2741854190826416, 2.3908941745758057, 2.337444543838501, 2.435300588607788, 2.1916701793670654, 2.3346705436706543, 2.4591457843780518, 2.4512557983398438, 2.3269903659820557, 2.2292850017547607, 2.2705681324005127, 2.3050570487976074, 2.3387086391448975, 2.347602128982544, 2.3377647399902344], "time_till_best_val_loss": 16.812986612319946, "val_loss_hist": [0.4382978738260592, 0.3617021276493134, 0.3043971630731975, 0.2158865248165706, 0.18780141843438863, 0.1475177306544251, 0.13702127659185756, 0.10666666666364066, 0.10921985846035127, 0.09900709219577285, 0.14695035460576028, 0.1242553191454112, 0.12085106382635884, 0.1398581560244012, 0.19460992907249333, 0.20992907800822896, 0.2283687943197626, 0.23092198580905188, 0.21163120566775515, 0.21078014183799207, 0.23007092197928877, 0.23007092197928877, 0.23007092197928877, 0.23007092197928877, 0.2221276595681666, 0.23262411346857806]}
