{"best_test_loss": 0.36804451509358654, "epoch_time_hist": [58.641626596450806, 59.71486735343933, 57.94447731971741, 56.94805979728699, 59.22155952453613, 56.340306758880615, 53.58012557029724, 50.876184701919556, 50.08815407752991, 50.37185716629028, 49.114025592803955, 48.48118233680725, 50.16439723968506, 51.016162157058716, 50.07485747337341, 50.08356714248657, 49.89159417152405, 49.91061091423035, 50.263542890548706, 50.04950714111328, 49.517189025878906, 49.77256464958191, 49.71435332298279, 50.24360537528992, 49.60035014152527], "time_till_best_val_loss": 58.641626596450806, "val_loss_hist": [0.4224113475057472, 0.3495035462589923, 0.4073758865096307, 0.4170212765839143, 0.3702127658811606, 0.3889361702017323, 0.36992907800368996, 0.38780141842871485, 0.38921985791254937, 0.40794326235719885, 0.45503546097999903, 0.46950354608597156, 0.46666666665342793, 0.46780141842644535, 0.46808510636969974, 0.4658156026248519, 0.46780141869849295, 0.4649645389939017, 0.46297872339112117, 0.4621276595613581, 0.46184397161810375, 0.46297872339112117, 0.46184397161810375, 0.46042553190183194, 0.4607092198450863, 0.4609929077883406]}
