{"best_test_loss": 0.5807284939142152, "epoch_time_hist": [6.243130922317505, 5.559404134750366, 5.7446818351745605, 5.571345329284668, 5.486492156982422, 5.52017068862915, 5.638754844665527, 5.95755410194397, 5.90251612663269, 5.461092233657837, 5.087498664855957, 4.797224760055542, 4.9127867221832275, 5.2376744747161865, 5.64807653427124, 6.5137152671813965, 6.3884596824646, 6.422704458236694, 6.391769647598267, 6.381910562515259, 6.61264443397522, 6.464825630187988, 6.572152137756348, 6.429936408996582, 6.615665435791016], "time_till_best_val_loss": 23.1185622215271, "val_loss_hist": [0.5804717826043454, 0.5721110779166285, 0.5589728276930734, 0.5446401910855587, 0.5359808898018519, 0.54105703193368, 0.5407584353376901, 0.5709166914844724, 0.5765900268564769, 0.6046581068795265, 0.6133174081632333, 0.616900567315112, 0.5945058226158703, 0.5679307255727701, 0.5622573902489622, 0.5509107196013464, 0.5535980889652554, 0.5530008957732756, 0.5535980889652554, 0.5521051059853059, 0.5506121230053564, 0.5544938787532251, 0.5619587936529723, 0.5604658106730228, 0.5637503732289116, 0.5610630038650026]}
