{"best_test_loss": 0.14724877292308838, "epoch_time_hist": [5.054327964782715, 4.748442649841309, 4.677719593048096, 4.7453155517578125, 4.681383371353149, 4.657895565032959, 4.734924554824829, 4.681784391403198, 4.658977746963501, 4.736116170883179, 4.674537181854248, 4.666360378265381, 4.746196031570435, 4.622059106826782, 4.667419672012329, 4.736379861831665, 4.67253565788269, 4.682878017425537, 4.698676586151123, 4.650508880615234, 4.741174221038818, 4.683694362640381, 4.675567388534546, 4.7332603931427, 4.684982776641846], "time_till_best_val_loss": 84.84525346755981, "val_loss_hist": [0.5586742310970835, 0.16900567333027752, 0.16004777545058085, 0.1501940877829145, 0.14004180351925824, 0.14302776947915713, 0.1498954911869246, 0.1382502239433189, 0.1409375933072279, 0.14780531501499536, 0.13227829202352112, 0.14213197969118746, 0.13138250223555145, 0.13317408181149076, 0.13227829202352112, 0.13526425798342, 0.12511197371976376, 0.1182442520119963, 0.1179456554160064, 0.12541057025285873, 0.14004180351925824, 0.13466706479144022, 0.14243057628717737, 0.14063899671123803, 0.1388474171352987, 0.13645864436737956]}
