{"best_test_loss": 0.2779643502899002, "epoch_time_hist": [0.9227914810180664, 1.0231313705444336, 1.1563403606414795, 1.199218511581421, 1.2234928607940674, 1.28562593460083, 1.3194994926452637, 1.3369085788726807, 1.2872841358184814, 1.2201042175292969, 1.2253799438476562, 1.2404420375823975, 1.1988120079040527, 1.1657798290252686, 0.9860563278198242, 0.780806303024292, 0.9554216861724854, 0.7344629764556885, 0.81406569480896, 0.9923341274261475, 1.023113489151001, 0.911675214767456, 0.9340267181396484, 0.9214177131652832, 0.8155696392059326], "time_till_best_val_loss": 13.199776887893677, "val_loss_hist": [0.6028665273035871, 0.5049268438189034, 0.5058226336068731, 0.4610331442083896, 0.42102120034574436, 0.37503732456330136, 0.2994923857778593, 0.26813974319892087, 0.27172290235079954, 0.2699313227748602, 0.2573902657432849, 0.25261272017077535, 0.2815765900184659, 0.32457449984101006, 0.3415945058124337, 0.32726186920491906, 0.34487906836832255, 0.3807106598871093, 0.3601074947638069, 0.37503732445988347, 0.36578083005257495, 0.3807106598871093, 0.40071663181843187, 0.4001194386264521, 0.39564048968660376, 0.3920573305347251]}
