{"best_test_loss": 0.5484370963433626, "epoch_time_hist": [8.206371068954468, 7.856879711151123, 7.671752452850342, 7.746448755264282, 7.707819223403931, 7.71602463722229, 8.016590356826782, 7.906310319900513, 7.451540946960449, 7.237821817398071, 6.925007104873657, 6.878828525543213, 7.13469934463501, 7.121122360229492, 7.353318214416504, 7.069844484329224, 7.328428506851196, 7.246131181716919, 7.241448640823364, 7.591790437698364, 7.752418756484985, 7.539257287979126, 7.453930139541626, 7.229624032974243, 7.532136917114258], "time_till_best_val_loss": 141.81638765335083, "val_loss_hist": [0.5413556285296699, 0.6234696924268895, 0.6339205732865357, 0.6718423409772517, 0.6873693639687259, 0.6790086592810091, 0.6613914601176055, 0.6330247834985661, 0.6243654822148592, 0.6055538966674961, 0.6174977605070917, 0.6163033741231322, 0.6010749477276478, 0.5739026574925679, 0.5571812479264693, 0.5488205434294171, 0.5270229919221552, 0.5264257987301755, 0.5261272021341855, 0.5106001788921706, 0.5111973723346911, 0.5150791280661737, 0.5144819349523025, 0.5159749178025509, 0.5225440429823068, 0.5404598387417002]}
