{"best_test_loss": 0.3256202955024918, "epoch_time_hist": [44.758411169052124, 45.8919997215271, 50.084845542907715, 42.17257642745972, 47.79644823074341, 48.51803231239319, 47.34702253341675, 46.187313079833984, 49.13301706314087, 55.66860246658325, 50.937687397003174, 54.753379583358765, 50.72997426986694, 46.25877499580383, 42.124330043792725, 43.041183948516846, 47.16343355178833, 54.70523452758789, 49.008081674575806, 49.84636306762695, 39.465545654296875, 39.530128717422485, 49.26538443565369, 43.71326923370361, 43.38969707489014], "time_till_best_val_loss": 1094.3877704143524, "val_loss_hist": [0.47378694923385983, 0.4406023424305465, 0.4032348019965635, 0.35833798102737485, 0.3692136084671162, 0.40407138872269743, 0.4406023423730906, 0.42052426100333173, 0.42219743445559965, 0.4026770773556764, 0.4146681539384317, 0.3591745677535088, 0.3474623535876335, 0.3541550473967051, 0.34272169536183483, 0.36670384828871433, 0.34076965977856194, 0.35582822084897303, 0.47490239820203844, 0.47434467371794914, 0.371723368645518, 0.35136642497625864, 0.3474623535876335, 0.3259899609501955, 0.37785833797050034, 0.46597880645660966]}
