{"best_test_loss": 0.08642319486795587, "epoch_time_hist": [184.53751373291016, 185.4805941581726, 186.54704213142395, 185.67492604255676, 186.26957201957703, 186.61986756324768, 186.07170963287354, 182.87472653388977, 186.5740451812744, 186.83015966415405], "time_till_best_val_loss": 1115.1295156478882, "val_loss_hist": [0.38510875626366126, 0.3120468487868091, 0.08533184606566281, 0.07947573898272517, 0.0948131622951809, 0.07752370328841261, 0.07334076965774287, 0.07585052983614472, 0.07529280535205542, 0.07473508086796612, 0.09090909100490227]}
