{"best_test_loss": 0.08307778072395504, "epoch_time_hist": [1.5010764598846436, 1.587432861328125, 1.4121360778808594, 1.6273384094238281, 2.0090301036834717, 1.9818990230560303, 2.0663819313049316, 2.1485049724578857, 2.134185552597046, 2.3484013080596924, 2.145336389541626, 2.400527000427246, 2.018207550048828, 2.3906993865966797, 2.1287953853607178, 2.3051552772521973, 2.184159278869629, 2.162985324859619, 2.2525298595428467, 2.2584567070007324, 2.2775375843048096, 2.3207833766937256, 2.3363118171691895, 2.3435146808624268, 2.334822654724121], "time_till_best_val_loss": 14.333799839019775, "val_loss_hist": [0.393753485656673, 0.3887339654102417, 0.3667038463173465, 0.29001673182449206, 0.16034578924128104, 0.15170105967228945, 0.08616843287017834, 0.07696597880432332, 0.07445621878563853, 0.1126603455875908, 0.12799776932010162, 0.12074735080533332, 0.10485220300878828, 0.1436140546529946, 0.1689905186790577, 0.191857222526719, 0.19269380925285295, 0.19994422754601382, 0.19604015615738873, 0.22253206915163046, 0.22253206915163046, 0.22253206915163046, 0.22253206915163046, 0.22253206915163046, 0.22253206915163046, 0.22253206915163046]}
