{"best_test_loss": 0.3225536660071772, "epoch_time_hist": [56.059449434280396, 57.96031999588013, 59.36851930618286, 61.16698956489563, 56.46072816848755, 54.6387779712677, 55.92011761665344, 54.7444531917572, 54.84895181655884, 56.984225034713745, 53.89982604980469, 51.635875940322876, 50.93949580192566, 50.79855918884277, 50.108155965805054, 49.695603370666504, 49.60331892967224, 49.30237603187561, 49.48246479034424, 49.47369027137756, 49.48015594482422, 48.596919775009155, 48.3949089050293, 48.65814805030823, 48.81044816970825], "time_till_best_val_loss": 56.059449434280396, "val_loss_hist": [0.42554378136013543, 0.32738427216041877, 0.35136642497625864, 0.36726157277280364, 0.33742331287402616, 0.3586168432694195, 0.3753485777920985, 0.3424428332308298, 0.36196318962711405, 0.40546569993292064, 0.4506413831441539, 0.40211935302838486, 0.3708867819193841, 0.36726157277280364, 0.3661461238046251, 0.36503067483644647, 0.36447295035235716, 0.3647518120688085, 0.3630786386165349, 0.3605688789637321, 0.35778025654328555, 0.3552704963648837, 0.35833798102737485, 0.3586168433424128, 0.3597322922375981, 0.35945343011593905]}
