{"best_test_loss": 0.31273141554221784, "epoch_time_hist": [21.54475498199463, 21.113078355789185, 20.399860858917236, 21.50897240638733, 21.461975574493408, 22.259360790252686, 21.180397987365723, 21.323086977005005, 18.386261224746704, 21.098997831344604, 21.154524087905884, 19.161919593811035, 20.02838945388794, 20.975981950759888, 23.852153778076172, 24.410302877426147, 19.22393274307251, 18.587472677230835, 16.269452810287476, 16.8774573802948, 18.249737977981567, 18.456110954284668, 18.623578310012817, 18.519675254821777, 16.930370330810547], "time_till_best_val_loss": 484.66743683815, "val_loss_hist": [0.4346749225871618, 0.43498452011037203, 0.44179566551685684, 0.4294117646925879, 0.3647058825588824, 0.3278637770796327, 0.3411764705776726, 0.3551083591221329, 0.3306501547885248, 0.3383900928687805, 0.3931888544769911, 0.41857585138022985, 0.4594427243625808, 0.4724458204188097, 0.4148606811017071, 0.3148606811048031, 0.34829721361150784, 0.322910216708269, 0.3297213622188941, 0.3188854489065361, 0.31424148605838265, 0.4486068111316221, 0.43653250772642316, 0.4337461300175311, 0.30278637769960415, 0.4501547987476732]}
