{"best_test_loss": 0.04471660495457942, "epoch_time_hist": [27.17424249649048, 27.239142179489136, 27.13934016227722, 27.014784574508667, 27.03454041481018, 27.238805294036865, 26.777222394943237, 27.131041049957275, 27.16811203956604, 27.194910049438477, 27.137614965438843, 27.118427991867065, 27.209949016571045, 27.043165922164917, 27.224289894104004, 27.357397317886353, 27.177163124084473, 27.25105047225952, 27.293510675430298, 27.329511404037476, 26.82994794845581, 27.250112771987915, 27.27661395072937, 26.739693641662598, 27.129764318466187], "time_till_best_val_loss": 271.1121406555176, "val_loss_hist": [0.4452012383763096, 0.08978328173096646, 0.089164086684546, 0.08204334385292618, 0.07089783281514249, 0.06439628482772768, 0.07337461331300589, 0.055727554177841254, 0.05820433425764072, 0.05913312693315378, 0.05294117655635834, 0.057894737275872306, 0.06191950464204584, 0.06594427235907596, 0.06625386947085604, 0.06346749225809699, 0.06656346749028919, 0.0668730655837251, 0.06346749217563931, 0.07027863776872202, 0.061300309986834264, 0.06625386993962883, 0.060990711066670596, 0.057894737202700886, 0.05758513931710263, 0.056037151644460444]}
