{"best_test_loss": 0.08088863571401628, "epoch_time_hist": [1.1872639656066895, 1.348045825958252, 1.3246877193450928, 1.5204434394836426, 1.6060879230499268, 1.6087710857391357, 1.6094567775726318, 1.6485278606414795, 1.7488133907318115, 1.676159143447876, 1.640312910079956, 1.6193950176239014, 1.646453619003296, 1.5339853763580322, 1.4807043075561523, 1.361281156539917, 1.4620041847229004, 1.2545604705810547, 1.2743210792541504, 1.3023734092712402, 1.4005367755889893, 1.4195079803466797, 1.4139304161071777, 1.3792548179626465, 1.3984029293060303], "time_till_best_val_loss": 8.59529995918274, "val_loss_hist": [0.38049535602537166, 0.4931888544738951, 0.2609907120662232, 0.16470588234784192, 0.16687306501031354, 0.10959752321642113, 0.09102167182380738, 0.10030959752011426, 0.11609907120383595, 0.12569659442335304, 0.1442724458159668, 0.14148606810707473, 0.16934984519599536, 0.14024767801423382, 0.1359133126892906, 0.1582043343604271, 0.19969040247059783, 0.19783281733133645, 0.19690402476170576, 0.2003095975170183, 0.2102167182597456, 0.21269349844542745, 0.21207430339900699, 0.21671826624716042, 0.21702786377037067, 0.2238390092809957]}
