{"best_test_loss": 0.39333523180186186, "epoch_time_hist": [22.571411609649658, 20.894066095352173, 20.071860790252686, 22.195454120635986, 21.99302387237549, 20.484715938568115, 20.08230495452881, 20.89956521987915, 20.72868299484253, 20.29706573486328, 21.445303440093994, 21.671587228775024, 21.337764739990234, 21.082764863967896, 21.015508890151978, 20.80098581314087, 21.179620027542114, 21.02456259727478, 21.712218046188354, 21.168214559555054, 20.944489002227783, 21.557743787765503, 21.820189237594604, 21.216624975204468, 21.783164978027344], "time_till_best_val_loss": 22.571411609649658, "val_loss_hist": [0.39473684183309904, 0.38452012362709354, 0.41083591329997415, 0.4278637770765367, 0.41207430339281503, 0.4452012383763096, 0.4526315789333551, 0.4507739937940937, 0.47213622274092115, 0.47956656345264503, 0.4749226006044916, 0.45727554178150853, 0.4609907120600313, 0.4609907120600313, 0.4609907120600313, 0.4609907120600313, 0.4609907120600313, 0.4609907120600313, 0.4609907120600313, 0.4609907120600313, 0.4609907120600313, 0.4609907120600313, 0.4609907120600313, 0.4609907120600313, 0.4609907120600313, 0.4609907120600313]}
