{"best_test_loss": 0.5102647217582317, "epoch_time_hist": [4.529007196426392, 4.259239912033081, 4.380218982696533, 4.39757776260376, 4.458203077316284, 4.38915228843689, 4.404078006744385, 4.243169069290161, 3.8934433460235596, 3.817986488342285, 3.7774264812469482, 3.762599229812622, 3.939598560333252, 3.87675142288208, 3.4533448219299316, 3.912677764892578, 4.460758686065674, 4.441897392272949, 4.19524884223938, 3.608700752258301, 3.548931121826172, 3.5046546459198, 3.3233323097229004, 3.519141435623169, 3.52594256401062], "time_till_best_val_loss": 22.02424693107605, "val_loss_hist": [0.526244220885961, 0.5210769649028807, 0.5186293173641928, 0.5208050040652488, 0.49986401956758597, 0.47402773999254755, 0.48653793858336886, 0.5042153929696978, 0.5093826488847054, 0.5088387272094415, 0.5050312754825936, 0.5036714712944338, 0.5031275496191698, 0.5014957845933778, 0.5354908892973759, 0.5224367690910406, 0.649170519427545, 0.6592330704199284, 0.6622246396338802, 0.6567854228812405, 0.6654881696854641, 0.649714441102809, 0.6418275768114815, 0.6238781615277705, 0.6105520804838034, 0.6007614903290519]}
