{"best_test_loss": 0.14451647757578293, "epoch_time_hist": [4.412860870361328, 4.097495794296265, 4.029999732971191, 4.041954517364502, 4.095041036605835, 4.030089616775513, 4.0370423793792725, 4.105114221572876, 4.0385870933532715, 4.02752423286438, 4.1078040599823, 4.036607980728149, 4.09779691696167, 4.022416830062866, 4.026114463806152, 4.079773426055908, 4.03077244758606, 4.028759479522705, 4.109868049621582, 4.0208399295806885, 3.9995925426483154, 4.0686869621276855, 4.004396915435791, 4.007737636566162, 4.0697338581085205], "time_till_best_val_loss": 77.45562314987183, "val_loss_hist": [0.6089203154580114, 0.18765297796606872, 0.17269513189630964, 0.16589611095551005, 0.16290454174155822, 0.16100081587813433, 0.16263258090392624, 0.16127277671576631, 0.15528963828786269, 0.15583355996312664, 0.15828120750181449, 0.14876257818469507, 0.1484906173470631, 0.15556159912549467, 0.1484906173470631, 0.14930649985995903, 0.1484906173470631, 0.150122382372855, 0.16018493336523837, 0.14522708729547928, 0.1482186565094311, 0.15202610823627888, 0.15039434321048697, 0.16045689420287038, 0.16127277671576631, 0.1569214033136546]}
