{"best_test_loss": 0.2352782279785176, "epoch_time_hist": [0.9958410263061523, 1.084160327911377, 1.1972711086273193, 1.1463823318481445, 1.224534034729004, 1.2219152450561523, 1.2582342624664307, 1.2303824424743652, 1.2232811450958252, 1.2600643634796143, 1.1993389129638672, 1.253678798675537, 1.2872073650360107, 1.2333288192749023, 1.1967098712921143, 1.2307376861572266, 1.0259864330291748, 1.183528184890747, 1.1575138568878174, 1.0705692768096924, 1.0787863731384277, 1.0034050941467285, 1.0908770561218262, 1.067647933959961, 1.1358189582824707], "time_till_best_val_loss": 9.358720779418945, "val_loss_hist": [0.5596954038466224, 0.5112863747481293, 0.4601577372733164, 0.3861843894374168, 0.332880065261548, 0.2969812346941262, 0.2771280935811342, 0.3026924123305911, 0.2298069077990262, 0.23905357627851365, 0.23714985040841322, 0.25428338322690863, 0.23660592861111213, 0.25917867826328045, 0.2599945607761764, 0.2735926026577756, 0.3037802556349258, 0.28419907532542293, 0.26597769920408004, 0.25129181397195294, 0.25373946151064075, 0.249660048946161, 0.25129181397195294, 0.24830024475800108, 0.24884416643326507, 0.24911612727089705]}
