{"best_test_loss": 0.41058887086951407, "epoch_time_hist": [5.427139759063721, 5.312758207321167, 5.311619997024536, 5.235921859741211, 5.3781163692474365, 5.45842170715332, 5.309917449951172, 5.141798973083496, 5.0194761753082275, 5.406339645385742, 5.253617525100708, 5.568254470825195, 5.4678943157196045, 5.586982488632202, 5.729689359664917, 5.542501211166382, 5.6429455280303955, 5.6508629322052, 5.570667028427124, 5.420815706253052, 5.404739141464233, 5.138743162155151, 5.118769645690918, 5.197972774505615, 4.983682632446289], "time_till_best_val_loss": 80.60794830322266, "val_loss_hist": [0.5912428610119325, 0.5567038346326706, 0.5871634484474527, 0.5681261898132138, 0.5292357900318402, 0.49088931192573054, 0.49333695946441836, 0.4881697035494107, 0.4862659776859868, 0.4868098993612508, 0.4982322545417941, 0.482730486796771, 0.4541745988454127, 0.4114767473371913, 0.40549360890928765, 0.35599673646026664, 0.3633396790763302, 0.3712265433676577, 0.3758498776074014, 0.3861843894374168, 0.4131085123629832, 0.4294261626209022, 0.432689692672486, 0.41664400325219897, 0.41555615990167105, 0.432961653510118]}
