{"best_test_loss": 0.5820336868190258, "epoch_time_hist": [7.197967529296875, 6.695735216140747, 6.619042158126831, 6.751870393753052, 6.8387627601623535, 6.527419567108154, 6.583896160125732, 5.8339738845825195, 5.237654209136963, 4.606960296630859, 4.313012361526489, 4.457789659500122, 4.804739475250244, 4.820380926132202, 4.8836753368377686, 4.8346171379089355, 4.938248872756958, 4.531194448471069, 4.826052904129028, 4.540656805038452, 4.382848024368286, 4.319674015045166, 4.219129800796509, 4.046723127365112, 4.26790452003479], "time_till_best_val_loss": 131.07992959022522, "val_loss_hist": [0.5897310513303244, 0.598044009765329, 0.6105134474178359, 0.6139364303028377, 0.6044009779803325, 0.6158924205228389, 0.6124694376378369, 0.6305623471728469, 0.6784841075628733, 0.7114914425253914, 0.7129584351903923, 0.716136919297894, 0.7200488997378961, 0.7202933985153963, 0.7154034229653936, 0.7151589241878934, 0.7205378972928964, 0.7200488997378961, 0.719804400960396, 0.719804400960396, 0.7173594131853946, 0.7215158924028969, 0.7210268948478967, 0.721760391180397, 0.721760391180397, 0.721760391180397]}
