{"best_test_loss": 0.150655021829362, "epoch_time_hist": [5.146089792251587, 4.760904312133789, 4.676546812057495, 4.694016933441162, 4.711174011230469, 4.621580123901367, 4.6632184982299805, 4.745365858078003, 4.699665307998657, 4.683563232421875, 4.7649006843566895, 4.71042537689209, 4.692265510559082, 4.758234739303589, 4.705261945724487, 4.750036954879761, 4.70693039894104, 4.673597574234009, 4.76905369758606, 4.645740985870361, 4.6376683712005615, 4.705589771270752, 4.671969652175903, 4.7038445472717285, 4.743459701538086], "time_till_best_val_loss": 52.167025566101074, "val_loss_hist": [0.5100244498652806, 0.18606356967760238, 0.15550122249008555, 0.14816625916508153, 0.15916870415258758, 0.15574572126758568, 0.16356968214759, 0.15476772615758513, 0.15061124694008285, 0.14621026894508043, 0.14278728606007857, 0.13936430317507667, 0.14792176038758137, 0.13985330073007693, 0.15110024449508314, 0.15892420537508745, 0.15378973104758462, 0.16185819070508906, 0.15965770170758783, 0.1594132029300877, 0.1430317848375787, 0.1459657701675803, 0.15207823960508365, 0.15256723716008394, 0.15403422982508475, 0.14963325183008233]}
