{"best_test_loss": 0.28976918277324487, "epoch_time_hist": [0.8596594333648682, 1.1167535781860352, 1.2436959743499756, 1.2494440078735352, 1.2874019145965576, 1.30226469039917, 1.3662912845611572, 1.3285470008850098, 1.2990455627441406, 1.3095746040344238, 1.264183521270752, 1.2515575885772705, 1.2778174877166748, 0.8735332489013672, 1.1412172317504883, 1.250943660736084, 1.1252591609954834, 0.8565683364868164, 0.9620475769042969, 0.8868634700775146, 0.8047058582305908, 0.7861194610595703, 0.7482986450195312, 0.7251613140106201, 0.7611899375915527], "time_till_best_val_loss": 13.626861572265625, "val_loss_hist": [0.4965770171027732, 0.5782396087280199, 0.5095354523593743, 0.47188264048328715, 0.3919315403327156, 0.4178484107477299, 0.3222493887451773, 0.30611246934122094, 0.276283618575152, 0.27970660146015386, 0.304400977972101, 0.2640586797001453, 0.3210268948576766, 0.3286063569601808, 0.32420537896517837, 0.3097799510926704, 0.2916870409296708, 0.38728606353667355, 0.3760391197952069, 0.36308068458769976, 0.2867970660076578, 0.38361858189771103, 0.37212713935520475, 0.37628361857270703, 0.3706601466902039, 0.3635696821427]}
