{"best_test_loss": 0.4014348097192316, "epoch_time_hist": [8.217646837234497, 7.748049736022949, 7.63833212852478, 7.617705821990967, 7.621944427490234, 7.641237020492554, 7.451195240020752, 7.363760232925415, 7.584794521331787, 7.314790725708008, 7.696239948272705, 7.564023971557617, 7.534882068634033, 7.616005182266235, 7.462791204452515, 7.3183746337890625, 7.27013635635376, 7.229656219482422, 7.3500165939331055, 7.020209074020386, 7.407679557800293, 7.249268293380737, 7.174670457839966, 7.364777326583862, 7.101421117782593], "time_till_best_val_loss": 186.55960869789124, "val_loss_hist": [0.5777506112328179, 0.5239608801827883, 0.528850855732791, 0.5459657701578003, 0.5731051344603153, 0.5574572127003067, 0.5581907090328071, 0.5542787285928049, 0.5603911980303083, 0.5322738386177929, 0.5288508557917074, 0.5127139364177821, 0.5119804400852817, 0.5073349633127792, 0.516381418080284, 0.5202933985202862, 0.5083129584227797, 0.4982885085452741, 0.49902200487777454, 0.48410757945026633, 0.4704156479102588, 0.45501222492775034, 0.44792176038024645, 0.4222493887427323, 0.4110024449777261, 0.3897310513352144]}
