{"best_test_loss": 0.5110119877192358, "epoch_time_hist": [4.2309324741363525, 3.552978992462158, 3.491661548614502, 3.3442063331604004, 3.5396225452423096, 3.4563629627227783, 3.3712682723999023, 3.33829665184021, 3.1643786430358887, 2.589409589767456, 2.476437568664551, 2.5426535606384277, 2.570168972015381, 2.8574304580688477, 2.7699663639068604, 3.1124753952026367, 3.4169554710388184, 3.248988389968872, 2.9852702617645264, 3.060340166091919, 3.1235082149505615, 3.1205732822418213, 3.047893762588501, 2.9710934162139893, 2.92236590385437], "time_till_best_val_loss": 18.159401893615723, "val_loss_hist": [0.5205604629753104, 0.5111178799722474, 0.49893390190377906, 0.5016752969691844, 0.4968017057417971, 0.49527870848323857, 0.4992385013554908, 0.5376180322711661, 0.6003655193237781, 0.6384404507877417, 0.6427048431117056, 0.6427048431117056, 0.6408772464014354, 0.6262564727192733, 0.6034115138408952, 0.6049345110994537, 0.549192811436211, 0.5434054218536886, 0.5964057264515259, 0.6043253121960304, 0.6061529089063006, 0.6116356990371113, 0.6204690831367509, 0.6171184891679221, 0.6101127017785528, 0.6098081023268411]}
