{"best_test_loss": 0.13493169779384076, "epoch_time_hist": [4.20222806930542, 3.9306092262268066, 3.8551676273345947, 3.8714237213134766, 3.9182498455047607, 3.8733294010162354, 3.8684639930725098, 3.929110288619995, 3.8764493465423584, 3.924098491668701, 3.8768835067749023, 3.870358943939209, 3.941223621368408, 3.8852829933166504, 3.8511505126953125, 3.922511577606201, 3.8297741413116455, 3.864384412765503, 3.937760591506958, 3.871201753616333, 3.849212884902954, 3.908470869064331, 3.8388373851776123, 3.842676877975464, 3.9037418365478516], "time_till_best_val_loss": 81.94887495040894, "val_loss_hist": [0.516905269633796, 0.15351812366270126, 0.11970758455494424, 0.12153518123297183, 0.1239719768466655, 0.1312823636877465, 0.12488577520180062, 0.14559853791819682, 0.13615595491513385, 0.1340237587531519, 0.1343283582048636, 0.1279317697189177, 0.1312823636877465, 0.1340237587531519, 0.13585135546342214, 0.13676515381855728, 0.12579957355693575, 0.12214438013639524, 0.11605239110216106, 0.11331099603675569, 0.11300639658504398, 0.11056960097135031, 0.11239719768162056, 0.11209259822990886, 0.11056960097135031, 0.11178799877819715]}
