{"best_test_loss": 0.18316141622015164, "epoch_time_hist": [0.9153871536254883, 1.0766432285308838, 1.0984675884246826, 1.1373555660247803, 1.210876703262329, 1.2210655212402344, 1.2158150672912598, 1.265017032623291, 1.3138532638549805, 1.3012480735778809, 1.2664926052093506, 1.20389723777771, 1.158299446105957, 1.2076773643493652, 1.3030965328216553, 1.25927734375, 1.1819369792938232, 1.039226770401001, 1.290093183517456, 1.3396120071411133, 1.40488600730896, 1.347853660583496, 1.2143313884735107, 1.2157938480377197, 1.1246016025543213], "time_till_best_val_loss": 10.45448112487793, "val_loss_hist": [0.5120316783273825, 0.5111178799722474, 0.3752665245088253, 0.30185805664630344, 0.2723119098302677, 0.275053304981696, 0.26652452024774526, 0.2095644227776557, 0.2034724337434215, 0.17423088637909745, 0.21474261345675472, 0.1961620469023405, 0.22814498933206992, 0.21870240642946934, 0.21809320742558352, 0.24367956136936705, 0.2942430703535107, 0.27292110873369113, 0.26043253121351106, 0.22814498933206992, 0.21321961619819618, 0.21535181236017814, 0.20834602497080884, 0.20925982332594398, 0.21230581784306105, 0.21565641181188985]}
