{"best_test_loss": 0.2810147756285065, "epoch_time_hist": [4.2237629890441895, 3.8291683197021484, 3.82539963722229, 3.803675413131714, 3.830691337585449, 3.8232192993164062, 3.778888702392578, 3.695890426635742, 3.6555230617523193, 3.693915605545044, 3.6773464679718018, 3.8358898162841797, 3.82768177986145, 3.7169156074523926, 3.708892583847046, 3.6704328060150146, 3.7195310592651367, 3.9269635677337646, 3.789820432662964, 3.830526828765869, 3.818411111831665, 4.013652324676514, 3.905144453048706, 3.9519972801208496, 3.903219699859619], "time_till_best_val_loss": 60.597293853759766, "val_loss_hist": [0.4968017057417971, 0.479134937542518, 0.4401462077234193, 0.41181845871423034, 0.3752665245088253, 0.3310996040106275, 0.3387145903034202, 0.32531221442810504, 0.3350593968828797, 0.3161742308767538, 0.3161742308767538, 0.30124885774288, 0.2796222966713487, 0.2881510813192766, 0.2826682911884658, 0.2802314955747721, 0.2750533048956731, 0.2774901005513753, 0.27779470002266665, 0.2826682912184435, 0.2942430703535107, 0.30124885774288, 0.3100822418425196, 0.3116052391010781, 0.3058178495185557, 0.3204386232007177]}
