{"best_test_loss": 0.9040444861281527, "epoch_time_hist": [66.95075631141663, 65.80413556098938, 64.9124047756195, 64.68154525756836, 63.794578075408936, 63.494457483291626, 63.603882789611816, 63.38608956336975, 63.03569006919861, 62.41063714027405, 62.61848068237305, 62.90086913108826, 63.24061822891235, 63.52312707901001, 62.85630178451538, 63.09494757652283, 63.226248025894165, 62.90020823478699, 62.94983720779419, 63.56865119934082, 63.682018518447876, 63.18611931800842, 63.115803956985474, 63.14188885688782, 63.171982288360596, 62.904054164886475, 62.81535577774048, 62.63798785209656, 63.44515037536621], "time_till_best_val_loss": 1841.0538272857666, "val_acc_hist": [0.0, 0.0, 0.0, 0.0, 0.0, 0.0, 0.0, 0.0, 0.0, 0.0, 0.0, 0.0, 0.0, 0.0, 0.0, 0.0, 0.0, 0.0, 0.0, 0.0, 0.0, 0.0, 0.0, 0.0, 0.0, 0.0, 0.0, 0.0, 0.0, 0.0], "val_loss_hist": [0.9512493106670348, 0.9952723810896342, 1.0582473074584686, 1.0616472062075692, 1.0632133109209743, 1.086202305194066, 1.07757214965961, 1.0738534312096661, 1.0757736250688739, 1.0647714322638178, 1.0606962236235316, 1.06059424703548, 1.0608367029997607, 1.061366416326266, 1.0586849423879758, 1.0580984461877372, 1.0580887002520678, 1.0572689321285356, 1.0564538470341176, 1.0565403638493622, 1.0565403638493622, 1.0565894067083326, 1.0565894067083326, 1.0565894067083326, 1.0565894067083326, 1.0565894067083326, 1.0565894067083326, 1.0565894067083326, 1.0565894067083326, 1.0565894067083326]}
