{"best_test_loss": 0.16394495941515513, "epoch_time_hist": [323.9849979877472, 324.1674973964691, 324.31234788894653, 324.460364818573, 324.300133228302, 326.2606837749481], "time_till_best_val_loss": 1947.486025094986, "val_acc_hist": [0.0, 0.0, 0.0, 0.0, 0.0, 0.0, 0.0], "val_loss_hist": [0.982079411608333, 0.38267885955358716, 0.2517900355179367, 0.20944163727786705, 0.18326828808337658, 0.178889013608012, 0.16460008648913932]}
