{"best_test_loss": 0.11618973160891122, "epoch_time_hist": [3.2277464866638184, 3.6339328289031982, 4.38298487663269, 4.864457845687866, 4.812351703643799, 4.844004154205322, 4.936689138412476, 4.95988130569458, 5.020950794219971, 5.099815607070923, 5.064608812332153, 5.198206901550293, 5.234927177429199, 5.128480434417725, 5.230487823486328, 5.056002616882324, 5.336519956588745, 5.096390962600708, 5.014467000961304, 4.986153602600098, 5.177075386047363, 5.1643664836883545, 5.067716598510742, 5.082709074020386, 4.9378743171691895, 4.9463746547698975, 5.014044523239136, 5.033231258392334, 5.04477071762085, 5.0661399364471436, 5.0450897216796875, 5.148910999298096, 4.992818355560303, 5.107075929641724, 5.11567759513855, 5.099661588668823, 5.140248775482178, 5.148121356964111, 5.16029691696167, 5.291356086730957, 5.205256938934326, 5.118772029876709, 5.302774429321289, 5.20146918296814, 5.210705995559692, 5.175424575805664, 5.21809983253479, 5.140478849411011, 5.166666269302368, 5.2611916065216064, 5.09614109992981, 5.142358064651489, 5.198559761047363, 5.276855230331421, 5.185375452041626, 5.137247085571289, 5.137035608291626, 5.217821359634399, 5.224933862686157, 5.135723352432251, 5.092749118804932, 5.092523097991943, 5.083580255508423, 5.081427335739136, 5.064863443374634, 5.115609645843506, 5.1002726554870605, 5.099298477172852, 5.090961217880249, 5.1262922286987305, 5.1106414794921875, 5.089112758636475, 5.107873439788818, 5.112649202346802, 5.12204647064209, 5.125969886779785, 5.049954652786255, 5.132030963897705, 5.090263366699219, 5.027944564819336, 5.114483118057251, 5.042652130126953, 5.053549289703369, 5.078115224838257, 5.08409857749939, 5.078362226486206, 5.088146686553955, 5.087907791137695, 5.1180055141448975, 5.09250020980835, 5.090300559997559, 5.074076175689697, 5.086021423339844, 5.072947025299072, 5.055927515029907, 5.12030553817749, 5.084662437438965, 5.0756447315216064, 5.0889599323272705, 5.06682276725769], "time_till_best_val_loss": 389.3313362598419, "val_acc_hist": [0.0, 0.0, 0.0, 0.0, 0.0, 0.0, 0.0, 0.0, 0.0, 0.0, 0.0, 0.0, 0.0, 0.0, 0.0, 0.0, 0.0, 0.0, 0.0, 0.0, 0.0, 0.0, 0.0, 0.0, 0.0, 0.0, 0.0, 0.0, 0.0, 0.0, 0.0, 0.0, 0.0, 0.0, 0.005, 0.0, 0.0, 0.0, 0.0, 0.0, 0.0, 0.005, 0.0, 0.005, 0.0, 0.0, 0.0, 0.0, 0.0, 0.0, 0.0, 0.0, 0.0, 0.0, 0.0, 0.0, 0.0, 0.0, 0.0, 0.005, 0.005, 0.0, 0.0, 0.0, 0.0, 0.0, 0.0, 0.0, 0.005, 0.0, 0.0, 0.0, 0.0, 0.0, 0.0, 0.0, 0.0, 0.0, 0.0, 0.0, 0.0, 0.0, 0.0, 0.0, 0.005, 0.0, 0.0, 0.0, 0.0, 0.0, 0.0, 0.0, 0.0, 0.0, 0.0, 0.0, 0.0, 0.0, 0.0, 0.0, 0.0], "val_loss_hist": [0.9530816118333495, 0.8703805628417598, 0.8500146889354141, 0.7525480130184788, 0.7213972548236313, 0.6250822223434438, 0.5893504702749953, 0.5473550298191584, 0.42383193453879336, 0.3918209256649084, 0.3858481854624833, 0.3455405593598613, 0.3215578204869864, 0.3240641034594107, 0.36769370944109636, 0.35121100483478573, 0.37604687404050874, 0.352026637565754, 0.3686113447371719, 0.33191509500928895, 0.26908008665459754, 0.2894737544694315, 0.2972676840137691, 0.29339505157264095, 0.26803352796057905, 0.2499411796849488, 0.23173947976843448, 0.220382548834959, 0.21895761182452705, 0.23053519684567633, 0.21182108921825948, 0.21677434666581094, 0.20399267328878248, 0.1948059844172208, 0.18167432882790144, 0.1993161218639439, 0.19377901585297283, 0.20082407320749468, 0.1734202857600932, 0.17830797621693556, 0.1867314273599183, 0.18140402878101672, 0.1923323134513276, 0.1857577259049883, 0.18912528381533505, 0.17821408433674685, 0.15987381953413268, 0.17425731131063477, 0.1729028265776778, 0.1645903818337702, 0.1757182811170753, 0.17939656119777322, 0.1739785828492008, 0.1691392342982393, 0.1639112890105476, 0.17269918908469925, 0.16307216167841357, 0.1847608272310725, 0.14360807927006133, 0.13470250712088805, 0.12041653485109684, 0.12029278154712295, 0.1214472596106353, 0.11694321222096882, 0.11891390362611443, 0.11772364736040672, 0.11465245529998279, 0.11968072820849125, 0.11841355180918982, 0.11973731903851116, 0.11839699097537502, 0.12015996857220608, 0.11579614273607065, 0.11895293668127713, 0.1189936318571659, 0.11969172215381979, 0.11864777296100729, 0.11051634622257167, 0.11865458390409689, 0.1204339603061165, 0.11711220481209782, 0.11660791694155295, 0.1167545219493575, 0.1184353417004684, 0.11485550823414635, 0.11784907057925396, 0.11908162031034535, 0.1153971714853451, 0.11612519680117378, 0.1166155019987471, 0.11513527776683886, 0.11603275096141746, 0.1126466922297582, 0.11220436109509015, 0.11129364792069645, 0.11263906352006964, 0.11348057247695352, 0.11526597656303718, 0.11177510298613147, 0.11393257860202725, 0.11305214845113114]}
