{"best_test_loss": 0.75251096600171, "epoch_time_hist": [98.03468894958496, 97.58590364456177, 97.33534932136536, 97.06444787979126, 97.46851849555969, 97.19830751419067, 97.03572106361389, 97.20351696014404, 97.52638792991638, 97.2749171257019, 96.49819159507751, 96.69078993797302, 96.17805171012878, 95.80108857154846, 95.5363039970398, 95.64512538909912, 95.66152453422546, 95.48663783073425, 95.30730533599854], "time_till_best_val_loss": 1836.5327777862549, "val_acc_hist": [0.0, 0.0, 0.0, 0.0, 0.0, 0.0, 0.0, 0.0, 0.0, 0.0, 0.0, 0.0, 0.0, 0.0, 0.0, 0.0, 0.0, 0.0, 0.0, 0.0], "val_loss_hist": [0.9477159062947322, 0.8897307475554674, 0.8848259570309142, 0.8642665461801634, 0.861937743620158, 0.8466207159424183, 0.8581685637160924, 0.870242446072249, 0.8688368614200284, 0.8689104927884141, 0.8597915689085165, 0.8415642452382266, 0.8311170073693154, 0.8278972118144295, 0.8016103909422198, 0.7841009998822571, 0.7865055449590503, 0.791792337205026, 0.7889862020003016, 0.7840091616732624]}
