{"best_test_loss": 0.3632183909028778, "epoch_time_hist": [11.748135566711426, 11.031744480133057, 11.219460725784302, 10.823829889297485, 11.433607339859009, 11.894274950027466, 12.182707786560059, 12.113972187042236, 11.105748176574707, 11.475675344467163, 10.16710090637207, 9.409529209136963, 9.38333511352539, 11.82710886001587, 11.538354873657227, 11.294788360595703, 11.025272369384766, 10.129988431930542, 7.9050140380859375, 7.794566869735718, 7.033907890319824, 6.507006883621216, 6.431571006774902, 6.343123435974121, 5.825984954833984], "time_till_best_val_loss": 33.999340772628784, "val_loss_hist": [0.4213994351923, 0.4298713523555108, 0.4436774395247255, 0.38311892017514837, 0.4050831502853755, 0.4195167869338087, 0.4352055224212361, 0.4446187637136926, 0.4370881706459167, 0.41010354564135226, 0.40978977093160374, 0.39410103544417635, 0.40037652963914727, 0.4251647317092826, 0.4207718857728029, 0.42014433635330584, 0.40727957325361536, 0.4013178537683929, 0.40288672731713565, 0.40288672731713565, 0.4088484468023581, 0.4088484468023581, 0.4088484468023581, 0.4088484468023581, 0.4088484468023581, 0.40947599622185515]}
