{"best_test_loss": 0.02959770114857478, "epoch_time_hist": [8.867486476898193, 8.48911714553833, 8.346229791641235, 8.484484195709229, 8.45772099494934, 8.447712659835815, 8.423379182815552, 8.368157625198364, 8.323678493499756, 8.403621673583984, 8.385421514511108, 8.378902435302734, 8.403057336807251, 8.283000946044922, 8.330291509628296, 8.397191047668457, 8.31564974784851, 8.367135286331177, 8.357736110687256, 8.425645589828491, 8.359887838363647, 8.345167636871338, 8.384008169174194, 8.325746536254883, 8.414846181869507], "time_till_best_val_loss": 193.34468340873718, "val_loss_hist": [0.3956699089929191, 0.05585189833524155, 0.05177282710851042, 0.04675243175253366, 0.049262629430522044, 0.06432381549845234, 0.04894885472077349, 0.04800753059152785, 0.04330090994529963, 0.03796673987957431, 0.032632569813848995, 0.05240037652800752, 0.03828051458932286, 0.041732036396556885, 0.031377470974854806, 0.0398493881380656, 0.03545654220158593, 0.03765296516982576, 0.034828992782088834, 0.03671164104058012, 0.03514276749183738, 0.03451521807234029, 0.03639786633083157, 0.02980859742611206, 0.03231879510410045, 0.032632569813848995]}
