{"best_test_loss": 0.07385057471052153, "epoch_time_hist": [0.9997761249542236, 1.2498421669006348, 1.3360939025878906, 1.4031803607940674, 1.4653968811035156, 1.4207603931427002, 1.428959608078003, 1.4110686779022217, 1.4808728694915771, 1.4873769283294678, 1.4337823390960693, 1.4982962608337402, 1.4286227226257324, 1.4853777885437012, 1.5023276805877686, 1.5467979907989502, 1.5115272998809814, 1.5419597625732422, 1.5672376155853271, 1.5796067714691162, 1.6085805892944336, 1.5784070491790771, 1.6051287651062012, 1.5222430229187012, 1.5491199493408203], "time_till_best_val_loss": 7.875049829483032, "val_loss_hist": [0.3893944147979481, 0.37841229947938126, 0.3423282083356659, 0.20363978662680768, 0.1477878882915661, 0.10103545636351383, 0.07656102917864573, 0.10260433008777521, 0.09193598995632457, 0.12582365860916775, 0.11233134608998019, 0.11421399434847149, 0.10354565421702085, 0.09068089111733038, 0.11264512079972874, 0.08440539692235942, 0.11829306557520261, 0.13021650454564743, 0.10511452776576359, 0.09381863821481586, 0.09350486350506731, 0.09162221524657603, 0.10636962660475778, 0.12362723564092792, 0.1032318795072723, 0.09821148415129553]}
