{"best_test_loss": 0.3568965517138823, "epoch_time_hist": [12.987545490264893, 12.109402894973755, 12.130429744720459, 12.566206693649292, 12.311572551727295, 13.550743818283081, 13.95117449760437, 13.61922287940979, 14.047965288162231, 13.697957754135132, 12.605184316635132, 11.736867427825928, 11.558796644210815, 11.442777156829834, 11.848642587661743, 11.802904605865479, 11.962395906448364, 11.849749088287354, 11.718920946121216, 11.930499792098999, 11.570050477981567, 11.672539234161377, 11.98845386505127, 11.974029064178467, 11.862899541854858], "time_till_best_val_loss": 308.4969322681427, "val_loss_hist": [0.349858800930333, 0.42641983054827676, 0.38908064008819954, 0.42108566048255147, 0.41041732035110084, 0.45026670848916645, 0.4926262943052204, 0.47631000939829593, 0.46940696578382785, 0.4483840602306751, 0.45058048319891497, 0.4323815500334992, 0.43081267648475646, 0.424850956999534, 0.42422340758003696, 0.4220269846117971, 0.41983056164355725, 0.4257922811287797, 0.4254785064190311, 0.42673360525802534, 0.43018512706525935, 0.4292438029360137, 0.4279887040970195, 0.4273611546775224, 0.427674929387271, 0.4279887040970195]}
