{"best_test_loss": 0.4969934640392943, "epoch_time_hist": [8.06028437614441, 7.654363393783569, 7.662772178649902, 7.786174297332764, 7.781379699707031, 7.647598505020142, 7.572254657745361, 7.268905878067017, 6.665294885635376, 6.394586563110352, 5.920826435089111, 6.727874755859375, 8.312108993530273, 7.568719148635864, 7.284379243850708, 8.096709489822388, 7.707585334777832, 7.3912012577056885, 7.2077317237854, 7.578199863433838, 6.9698028564453125, 6.813017845153809, 6.854472637176514, 6.895173072814941, 6.834061622619629], "time_till_best_val_loss": 38.944973945617676, "val_loss_hist": [0.5186380980182378, 0.5145289110503514, 0.5233343116215923, 0.5268564719540106, 0.5215732315667281, 0.501614323436994, 0.5060170237597295, 0.5086586439533708, 0.5095391840179179, 0.5171705312439927, 0.5212797182118791, 0.5265629585991617, 0.5186380980182378, 0.5292045787928029, 0.53008511885735, 0.5441737598901035, 0.6037569709244568, 0.5943645435692878, 0.5782213090525912, 0.5755796888589498, 0.5708834751813654, 0.5691223950522711, 0.5644261813746867, 0.5644261813746867, 0.5623715878907435, 0.5617845611810454]}
