{"best_test_loss": 0.16209150326373617, "epoch_time_hist": [5.7209062576293945, 5.361783266067505, 5.28689980506897, 5.334427833557129, 5.296125173568726, 5.295360803604126, 5.34748101234436, 5.293419361114502, 5.315898180007935, 5.269181728363037, 5.263213157653809, 5.28922438621521, 5.272169589996338, 5.3149094581604, 5.2553229331970215, 5.306228876113892, 5.224887132644653, 5.255191802978516, 5.342026710510254, 5.228971004486084, 5.280035018920898, 5.350620269775391, 5.326987028121948, 5.321799993515015, 5.341653823852539], "time_till_best_val_loss": 64.0739209651947, "val_loss_hist": [0.5961256237466209, 0.19049016729702115, 0.1919577340712663, 0.16524801878000447, 0.17229233929638121, 0.17728206632881474, 0.1693572057478909, 0.16348693865091027, 0.1579101849087787, 0.15497505136028839, 0.16084531845726902, 0.15849721161847674, 0.14851775755360969, 0.1535074845860432, 0.1714117992318341, 0.15203991781179807, 0.16289991194121223, 0.15820369826362773, 0.1617258585218161, 0.1693572057478909, 0.16348693865091027, 0.16788963897364576, 0.16788963897364576, 0.1561491047796845, 0.15526856471513742, 0.15820369826362773]}
