{"best_test_loss": 0.276862745090801, "epoch_time_hist": [0.9840404987335205, 1.0977189540863037, 1.1812071800231934, 1.3076684474945068, 1.299929141998291, 1.302947998046875, 1.3465325832366943, 1.3308334350585938, 1.3402116298675537, 1.3065483570098877, 1.1056609153747559, 0.8628628253936768, 1.006493091583252, 0.8988125324249268, 0.7503871917724609, 0.7545621395111084, 0.7082939147949219, 0.7027966976165771, 0.7875106334686279, 0.7670133113861084, 0.8193638324737549, 0.7474255561828613, 0.8366179466247559, 0.7809350490570068, 0.7184913158416748], "time_till_best_val_loss": 8.520044803619385, "val_loss_hist": [0.529791605502501, 0.5749926621492518, 0.5359553859543307, 0.5130613442761063, 0.4614029938226768, 0.3859700616264758, 0.3360727913021405, 0.2941003815587291, 0.3052538890429923, 0.30877604930118063, 0.3064279424623884, 0.30613442910753935, 0.3624889932385533, 0.3495744056251959, 0.36278250659340233, 0.3968300557558899, 0.3360727913021405, 0.3360727913021405, 0.3633695333031004, 0.3721749339485713, 0.37599060756160874, 0.3701203404646281, 0.38479600820707965, 0.3774581743358539, 0.3715879072388733, 0.36160845317400625]}
