{"best_test_loss": 0.4467973856092341, "epoch_time_hist": [9.633864164352417, 9.302813053131104, 9.343837261199951, 9.104945182800293, 9.2041916847229, 9.336434125900269, 9.157094478607178, 9.11267638206482, 9.238880395889282, 9.300329208374023, 9.390608310699463, 9.226478815078735, 9.614282369613647, 9.260783910751343, 9.185827732086182, 9.24364423751831, 9.344956874847412, 9.374974489212036, 9.363393306732178, 8.988181114196777, 9.318654537200928, 9.301549196243286, 9.16600227355957, 9.042073011398315, 8.792578220367432], "time_till_best_val_loss": 120.96643543243408, "val_loss_hist": [0.5752861755041008, 0.5629586146356347, 0.5582624009228571, 0.5148224244052004, 0.5030818902112392, 0.5136483709858043, 0.5644261813746867, 0.5826240093753265, 0.5738186087298557, 0.5559142940840648, 0.531846198892247, 0.5045494569854844, 0.4658056938882466, 0.4467273260802252, 0.454065159951451, 0.4672732609196574, 0.48488406221059926, 0.5121808042115591, 0.48282946872665605, 0.4775462283393735, 0.49427648956576825, 0.5195186376281604, 0.5250953918249165, 0.539771059567368, 0.5438802465352545, 0.538303492793123]}
