{"best_test_loss": 0.3607238208139803, "epoch_time_hist": [12.718328952789307, 12.41349172592163, 13.119303703308105, 11.97833800315857, 12.261711597442627, 12.43181562423706, 12.176056385040283, 11.918183088302612, 11.822282314300537, 11.165806770324707, 10.951706647872925, 12.331883430480957, 11.442309856414795, 10.54569959640503, 10.774193048477173, 10.734140157699585, 10.423365831375122, 10.413467168807983, 9.991172313690186, 10.153318405151367, 9.925375938415527, 9.687467575073242, 10.352846622467041, 9.908838748931885, 9.787007093429565], "time_till_best_val_loss": 25.131820678710938, "val_loss_hist": [0.41727532556259905, 0.39726897426493274, 0.33724992059900766, 0.35154017147184696, 0.419180692269953, 0.4169577643564002, 0.3718640838243295, 0.37059383930229933, 0.40933629722421927, 0.4071133693106665, 0.3734518894768672, 0.38266116226158586, 0.38805970148021407, 0.41854557000893794, 0.41727532548690777, 0.4169577643564002, 0.4169577643564002, 0.40552556365812875, 0.3979040965259478, 0.4020323912225458, 0.40616068591914384, 0.40933629722421927, 0.4096538583547268, 0.41028898061574187, 0.41092410287675696, 0.41092410287675696]}
