{"best_test_loss": 0.02640166122733902, "epoch_time_hist": [8.931638240814209, 8.573862552642822, 8.460378170013428, 8.46957516670227, 8.440386533737183, 8.396820545196533, 8.400201082229614, 8.248440980911255, 8.275907516479492, 8.367675065994263, 8.222961664199829, 8.415722608566284, 8.334716081619263, 8.345289707183838, 8.36504077911377, 8.366987705230713, 8.353734493255615, 8.407670259475708, 8.300752401351929, 8.29619312286377, 8.277529001235962, 8.396918296813965, 8.41637897491455, 8.31684947013855, 8.33873200416565], "time_till_best_val_loss": 126.24861669540405, "val_loss_hist": [0.4236265480723903, 0.03969514131344252, 0.04445855827105562, 0.047316608445623486, 0.033026357572784173, 0.0466814861846084, 0.05811368688287985, 0.04890441409816118, 0.036519530008367114, 0.047951730706638565, 0.03334391870329172, 0.0355668466168445, 0.0371546522693822, 0.0355668466168445, 0.03683709113887466, 0.025404890440603213, 0.032391235311769094, 0.030168307398216316, 0.026040012701618293, 0.028262940615171074, 0.030803429659231395, 0.026675134962633372, 0.035884407747352035, 0.028898062876186154, 0.028580501745678614, 0.030485868528723856]}
