{"best_test_loss": 0.0848412933822355, "epoch_time_hist": [0.9995341300964355, 1.1713285446166992, 1.192274808883667, 1.3171870708465576, 1.4553239345550537, 1.4266166687011719, 1.386842966079712, 1.529655933380127, 1.4434244632720947, 1.5251195430755615, 1.4858534336090088, 1.5316333770751953, 1.5384011268615723, 1.5673301219940186, 1.4299590587615967, 1.5086276531219482, 1.5472121238708496, 1.6516590118408203, 1.624821662902832, 1.6024255752563477, 1.5678284168243408, 1.5529310703277588, 1.562246322631836, 1.5591869354248047, 1.5652542114257812], "time_till_best_val_loss": 10.478764057159424, "val_loss_hist": [0.382026039201673, 0.36360749440565093, 0.22388059700781582, 0.28675770084830876, 0.1670371546469661, 0.10003175610987515, 0.11241664019966921, 0.09145760558617157, 0.07970784375739258, 0.09114004445566402, 0.11051127341662398, 0.11082883454713151, 0.11845030167931248, 0.09749126706581483, 0.0822483328014529, 0.11209907906916167, 0.10543029532850333, 0.10416005047724977, 0.10638297872002594, 0.11082883454713151, 0.10066687837089022, 0.10098443950139777, 0.0997141949793676, 0.09590346141327713, 0.09558590028276959, 0.09114004445566402]}
