{"best_test_loss": 0.32423613170203985, "epoch_time_hist": [13.066531658172607, 13.123317241668701, 13.144152164459229, 12.951289415359497, 13.203215837478638, 12.516809701919556, 12.455835580825806, 12.245446920394897, 12.023401021957397, 11.729822635650635, 11.620236158370972, 11.9794921875, 12.276677370071411, 12.355963468551636, 12.04103684425354, 12.469422817230225, 12.357125997543335, 12.289471864700317, 11.882147073745728, 12.329420804977417, 12.402996063232422, 12.188648462295532, 11.758259296417236, 12.082542181015015, 11.9370858669281], "time_till_best_val_loss": 26.18984889984131, "val_loss_hist": [0.3696411542934713, 0.36741822799722396, 0.33153382024987194, 0.3648777389531636, 0.39758653539544025, 0.4160050809648776, 0.4052080025878131, 0.3972689743019538, 0.3842489679141236, 0.3944109240903649, 0.39726897426493274, 0.40489044139711367, 0.40393775800559106, 0.40520800252762124, 0.4071133693106665, 0.41187678626827956, 0.40457288026660615, 0.40298507461406846, 0.4058431247886363, 0.40616068591914384, 0.40425531913609863, 0.40298507461406846, 0.40425531913609863, 0.3985392187869629, 0.4017148300920383, 0.402032390781587]}
