{"best_test_loss": 0.8896074186983642, "epoch_time_hist": [67.57801127433777, 66.18245482444763, 65.71730279922485, 66.52901315689087, 66.14223551750183, 65.8413610458374, 65.44324851036072, 65.25139689445496, 64.92074608802795, 65.13600850105286, 65.05477952957153, 65.19836354255676, 65.04488706588745, 64.75087881088257, 64.32687139511108, 64.3652548789978, 64.34668779373169, 64.42367100715637, 64.39591932296753, 63.523860931396484, 63.48439145088196, 63.872031450271606, 64.25960493087769, 64.27614617347717, 63.91290831565857, 64.01259136199951, 63.938390254974365, 64.026935338974], "time_till_best_val_loss": 1176.253172636032, "val_acc_hist": [0.0, 0.0, 0.0, 0.0, 0.0, 0.0, 0.0, 0.0, 0.0, 0.0, 0.0, 0.0, 0.0, 0.0, 0.0, 0.0, 0.0, 0.0, 0.0, 0.0, 0.0, 0.0, 0.0, 0.0, 0.0, 0.0, 0.0, 0.0, 0.0], "val_loss_hist": [0.8728167447742444, 0.8803064960572067, 0.8817338722906779, 0.8819251895301091, 0.8928389281876384, 0.894529574887408, 0.8963789297573297, 0.8849638877342314, 0.8701341024562768, 0.8673406045254574, 0.8658437963953428, 0.8647771523494263, 0.8596107684260078, 0.8621681691760085, 0.8609463538820545, 0.8614834747657848, 0.8629349750920513, 0.8588365618375587, 0.8582629278262702, 0.8662594798092561, 0.8711078440961361, 0.869602889779628, 0.8757635673042439, 0.8781288672451615, 0.8831303227488176, 0.8820981953955944, 0.8773801282246326, 0.8714701625589177, 0.8727225352823481]}
