{"best_test_loss": 0.16556138357820135, "epoch_time_hist": [326.0750563144684, 326.99640464782715, 328.2495357990265, 328.9234895706177, 328.2935297489166, 327.90400218963623], "time_till_best_val_loss": 1966.4420182704926, "val_acc_hist": [0.0, 0.0, 0.0, 0.0, 0.0, 0.0, 0.0], "val_loss_hist": [0.895582097801413, 0.3878993302720298, 0.2715487999784843, 0.2249362219152773, 0.18710454707553434, 0.17323580719443527, 0.1721254472708954]}
