{"best_test_loss": 0.11219951006050745, "epoch_time_hist": [3.4944658279418945, 4.0700623989105225, 4.6240644454956055, 4.738545894622803, 4.809943675994873, 4.967576742172241, 4.868345022201538, 5.035621166229248, 5.134196043014526, 5.1052634716033936, 5.131927967071533, 5.139220476150513, 5.09233283996582, 5.174551486968994, 4.924465894699097, 4.917956829071045, 4.915217161178589, 4.960576772689819, 5.099117040634155, 5.197175025939941, 4.9816155433654785, 5.070165634155273, 5.089370965957642, 5.082186937332153, 5.110116958618164, 5.046838283538818, 5.14245867729187, 5.047738075256348, 5.045965194702148, 5.041167259216309, 5.194512128829956, 5.192260026931763, 5.131181478500366, 5.111601114273071, 5.0986340045928955, 5.063106536865234, 5.184316396713257, 5.129871845245361, 5.187793731689453, 5.152864217758179, 5.112757205963135, 5.183387041091919, 5.243234872817993, 5.090132713317871, 5.171491384506226, 5.09112286567688, 5.2429280281066895, 5.164156675338745, 5.2488274574279785, 5.223644018173218, 5.150005340576172, 5.256816625595093, 5.1926679611206055, 5.248138666152954, 5.225185871124268, 5.218388080596924, 5.144552946090698, 5.227266311645508, 5.141664743423462, 5.210216760635376, 5.200137138366699, 5.263149976730347, 5.204780101776123, 5.114923715591431, 5.214120388031006, 5.239071607589722, 5.205313444137573, 5.174246072769165, 5.022680044174194, 5.0455451011657715, 5.155406713485718, 5.1440770626068115, 5.099085569381714, 5.141646862030029, 5.102845907211304, 5.069532632827759, 5.033099889755249, 5.1097564697265625, 5.1221888065338135, 5.108469009399414, 5.083377122879028, 5.143588066101074, 5.04290246963501, 5.118187665939331, 5.08322286605835, 5.095349550247192, 5.104934215545654, 5.11616063117981, 5.091198921203613, 5.130378484725952, 5.076958894729614, 5.100837707519531, 5.102872371673584, 5.0750572681427, 5.155744314193726, 5.189062595367432, 5.081725358963013, 5.111307382583618, 5.127754211425781, 5.116076707839966], "time_till_best_val_loss": 482.5818238258362, "val_acc_hist": [0.0, 0.0, 0.0, 0.0, 0.0, 0.0, 0.0, 0.0, 0.0, 0.0, 0.0, 0.0, 0.0, 0.0, 0.0, 0.0, 0.0, 0.0, 0.0, 0.0, 0.0, 0.0, 0.0, 0.0, 0.0, 0.0, 0.0, 0.0, 0.0, 0.0, 0.0, 0.0, 0.0, 0.0, 0.0, 0.0, 0.0, 0.0, 0.0, 0.0, 0.0, 0.0, 0.0, 0.0, 0.0, 0.0, 0.0, 0.0, 0.005, 0.0, 0.0, 0.0, 0.0, 0.0, 0.0, 0.0, 0.0, 0.0, 0.005, 0.0, 0.0, 0.0, 0.0, 0.0, 0.0, 0.0, 0.0, 0.0, 0.0, 0.0, 0.0, 0.0, 0.0, 0.0, 0.0, 0.0, 0.0, 0.0, 0.0, 0.0, 0.0, 0.0, 0.0, 0.0, 0.0, 0.0, 0.0, 0.0, 0.0, 0.0, 0.0, 0.0, 0.0, 0.0, 0.0, 0.0, 0.0, 0.0, 0.0, 0.0, 0.0], "val_loss_hist": [0.88647760175098, 0.8347931819707722, 0.7102080701355722, 0.7150198950894716, 0.6019177778921386, 0.5356451679011289, 0.49365903988637877, 0.41155785789426164, 0.406465684762315, 0.35979257787460284, 0.2868299516791174, 0.2774654313221267, 0.27047839966132636, 0.27629612452499036, 0.27400235678219614, 0.3004415398559647, 0.2755070918021751, 0.2787601686064935, 0.24658005075977713, 0.2850510406399629, 0.2850300974222489, 0.230987716604587, 0.23152055846558006, 0.24710518603910855, 0.2421618996343931, 0.22620014092352794, 0.22126453543124122, 0.23990692555335608, 0.2204008293649515, 0.20542038528695783, 0.21067940727603224, 0.19921176941318475, 0.19764217950212126, 0.19622063610340038, 0.1927317404143879, 0.19738315627379677, 0.18528600083658217, 0.20565496435201483, 0.2016973560281766, 0.19817001041998505, 0.19740153332954255, 0.17266519970286826, 0.17357905049540215, 0.17946693122792304, 0.17563081713049364, 0.18913568724147284, 0.16323843330595866, 0.18522121482532278, 0.1896748457445229, 0.19317467476702357, 0.1846879041738584, 0.17505074687202132, 0.16666859858800875, 0.15052399540298458, 0.17548466400395266, 0.1885833992082362, 0.18613138878375182, 0.162545101018774, 0.17268026718034746, 0.16306076778301007, 0.17621058977332696, 0.16710115225380004, 0.17190221436648648, 0.1719368871102969, 0.17243364016090124, 0.1326769531853836, 0.12853583955660078, 0.12639150568768454, 0.12372021143614395, 0.12164275156982572, 0.12034964899165004, 0.11684828903569831, 0.11319492492897194, 0.11805821372999895, 0.11750890838030183, 0.11426495877751729, 0.11232710356640717, 0.11835730081561448, 0.11594568216708916, 0.11500468443023024, 0.11378313810605105, 0.1140259898982911, 0.11379794531161994, 0.11633344909108881, 0.11490770964212238, 0.11581589368583382, 0.11589965472882416, 0.11435410464855561, 0.11495004374602803, 0.1148297133073762, 0.11320132108256022, 0.11419933153316725, 0.1142935261014191, 0.1129847305163537, 0.11317239842082306, 0.11199636299445095, 0.11223515236842604, 0.11273013021580001, 0.11325007106639653, 0.11217572231848288, 0.11237042297202117]}
