{"best_test_loss": 0.736427038729837, "epoch_time_hist": [96.72455048561096, 96.05952310562134, 96.1898365020752, 95.98015522956848, 95.73465704917908, 95.5383985042572, 95.54137301445007, 95.33709454536438, 95.09338736534119, 95.27122211456299, 95.26581883430481, 95.24754309654236, 95.1421639919281, 95.14776182174683, 94.57882714271545, 94.69042444229126, 94.6645073890686, 94.77087092399597, 94.61151099205017], "time_till_best_val_loss": 1811.5896265506744, "val_acc_hist": [0.0, 0.0, 0.0, 0.0, 0.0, 0.0, 0.0, 0.0, 0.0, 0.0, 0.0, 0.0, 0.0, 0.0, 0.0, 0.0, 0.0, 0.0, 0.0, 0.0], "val_loss_hist": [0.9320926210466347, 0.8443457461211227, 0.8207439718382038, 0.8316160530780606, 0.8388084411022111, 0.8269671803234685, 0.85305114130349, 0.872836547965602, 0.8336898732928931, 0.8102567794660072, 0.8103937790030535, 0.7930672975149357, 0.784005669109824, 0.7433447505959492, 0.7393823721562807, 0.7440801992084678, 0.7393905789197222, 0.7343551101207629, 0.7145896670829379, 0.7094603792549673]}
