{"best_test_loss": 0.41975881260622083, "epoch_time_hist": [8.355345964431763, 7.732833385467529, 8.004573822021484, 7.397654056549072, 7.645478248596191, 7.553903341293335, 6.983691453933716, 6.868311405181885, 6.392134189605713, 6.021504878997803, 5.518334627151489, 5.844964981079102, 5.909034967422485, 6.570388317108154, 6.923581838607788, 10.245687246322632, 9.767508268356323, 9.201539754867554, 8.968867540359497, 8.347151517868042, 7.703232526779175, 7.348856687545776, 6.677412271499634, 7.157660484313965, 6.709904193878174], "time_till_best_val_loss": 123.73493099212646, "val_loss_hist": [0.611604095549224, 0.6229806598265534, 0.6361774743882553, 0.6243458475398329, 0.6079635949804787, 0.6188850966867148, 0.6084186575515719, 0.647326507380038, 0.6753128555022683, 0.6657565415093116, 0.6744027303600819, 0.6718998862190694, 0.6748577929311751, 0.5874857792812859, 0.5613196814434285, 0.5301478953235461, 0.4693970420826076, 0.4266211603998494, 0.4266211603998494, 0.5797497155727019, 0.5563139931614036, 0.5742889647195839, 0.5585893060168694, 0.5488054607383662, 0.5843003412836337, 0.6502844140921438]}
