{"best_test_loss": 0.5721243040914369, "epoch_time_hist": [9.55899977684021, 9.02902626991272, 8.62886905670166, 8.656250715255737, 8.152158737182617, 7.947615623474121, 7.645821809768677, 8.155397891998291, 7.771660089492798, 7.825849294662476, 7.039468765258789, 6.506204605102539, 7.137722015380859, 6.9982945919036865, 6.889076471328735, 6.715128421783447, 7.173831939697266, 7.070926189422607, 6.10099720954895, 6.387882232666016, 6.271671533584595, 6.186392307281494, 6.280874967575073, 6.332266092300415, 6.1271233558654785], "time_till_best_val_loss": 182.58950996398926, "val_loss_hist": [0.5751990898617703, 0.5831626848559007, 0.5777019340027827, 0.5820250284281678, 0.5927189988488574, 0.5952218429898698, 0.6250284413964726, 0.6222980659699135, 0.6179749715445285, 0.6516496018054232, 0.7060295790510573, 0.7069397041932437, 0.6398179749570008, 0.6068259385527457, 0.6045506256972799, 0.6011376564140811, 0.6031854379840004, 0.6018202502707208, 0.5858930602824598, 0.5943117178476834, 0.5949943117043233, 0.5949943117043233, 0.5954493742754164, 0.5949943117043233, 0.5945392491332301, 0.5945392491332301]}
