{"best_test_loss": 0.15445269016339397, "epoch_time_hist": [6.077588319778442, 5.754937171936035, 5.6975555419921875, 5.736871242523193, 5.694897413253784, 5.690834045410156, 5.597756624221802, 5.689038038253784, 5.668578147888184, 5.74167799949646, 5.658639669418335, 5.670866250991821, 5.737958192825317, 5.700037002563477, 5.663884878158569, 5.733788967132568, 5.664029836654663, 5.682514429092407, 5.7555015087127686, 5.705312967300415, 5.691002130508423, 5.765457391738892, 5.719568252563477, 5.720224618911743, 5.708899974822998], "time_till_best_val_loss": 120.0132703781128, "val_loss_hist": [0.5572241183035899, 0.20273037542200842, 0.18020477815289637, 0.2045506257063811, 0.17224118315876585, 0.17201365187321926, 0.17406143344313854, 0.1615472127380763, 0.16222980659471606, 0.15494880545722528, 0.1583617747404241, 0.1583617747404241, 0.16063708759588996, 0.1531285551728526, 0.16382252559354216, 0.16040955631034337, 0.1631399317369024, 0.16086461888143652, 0.15858930602597068, 0.1665529010201012, 0.16336746302244898, 0.14789533560528112, 0.15699658702714456, 0.16723549487674094, 0.16086461888143652, 0.16245733788026265]}
