{"best_test_loss": 0.15584415584054165, "epoch_time_hist": [6.081623792648315, 5.739561557769775, 5.708449125289917, 5.745391845703125, 5.644525766372681, 5.624211549758911, 5.746237277984619, 5.69257926940918, 5.681094408035278, 5.719437837600708, 5.657727003097534, 5.660207509994507, 5.683737277984619, 5.634321689605713, 5.648787975311279, 5.705483675003052, 5.666198015213013, 5.643840312957764, 5.666700601577759, 5.612627983093262, 5.585655212402344, 5.6790385246276855, 5.671164512634277, 5.6678290367126465, 5.764977693557739], "time_till_best_val_loss": 45.98258018493652, "val_loss_hist": [0.5604095563012421, 0.21205915812941845, 0.18589306029156102, 0.17565415244196464, 0.1629124004513558, 0.16336746302244898, 0.15381114902949236, 0.15403868031503895, 0.14698521046309476, 0.14721274174864135, 0.15927189988261042, 0.159499431168157, 0.15017064837371574, 0.16222980659471606, 0.1599544937392502, 0.1631399317369024, 0.1629124004513558, 0.16177474402362288, 0.1597269624537036, 0.16086461888143652, 0.15540386802831846, 0.15631399317050482, 0.152901023887306, 0.15062571103184014, 0.14926052331856063, 0.15017064846074699]}
