{"best_test_loss": 0.24559369201656786, "epoch_time_hist": [0.9666154384613037, 1.098031997680664, 1.2834222316741943, 1.273939609527588, 1.3056025505065918, 1.3408477306365967, 1.3557817935943604, 1.3123655319213867, 1.3108603954315186, 1.3142662048339844, 1.3092560768127441, 0.947986364364624, 1.0557162761688232, 0.9749281406402588, 0.8834934234619141, 0.9091997146606445, 0.8479506969451904, 0.9578444957733154, 0.9092950820922852, 0.9393031597137451, 0.864168643951416, 0.8795616626739502, 0.9014744758605957, 0.8964288234710693, 0.8310120105743408], "time_till_best_val_loss": 11.247467279434204, "val_loss_hist": [0.5936291239910437, 0.627531285537485, 0.6423208190980132, 0.5369738338899437, 0.5010238907735831, 0.4011376564186317, 0.3367463026089478, 0.3112627986277301, 0.2750853242258229, 0.2657565413828263, 0.2894197952152578, 0.2885096700730715, 0.3164960181953016, 0.3137656427687425, 0.29897610920821444, 0.3847554038592775, 0.4172923776924393, 0.36291240029848293, 0.4027303754174578, 0.4402730375326445, 0.43299203639515377, 0.4288964732553152, 0.42707622297094255, 0.429579067111955, 0.4288964732553152, 0.42161547211782446]}
