{"best_test_loss": 0.22518552879638637, "epoch_time_hist": [0.9390339851379395, 1.0906083583831787, 1.2776703834533691, 1.3357701301574707, 1.3175089359283447, 1.2828173637390137, 1.3852505683898926, 1.4007954597473145, 1.2601726055145264, 1.255295753479004, 1.1484477519989014, 1.2475180625915527, 1.2625818252563477, 0.8570153713226318, 1.0182740688323975, 1.0332715511322021, 0.8138811588287354, 0.8694796562194824, 0.8952059745788574, 0.8162364959716797, 0.8966128826141357, 0.7722342014312744, 0.8092098236083984, 0.8170056343078613, 0.9173374176025391], "time_till_best_val_loss": 8.628659725189209, "val_loss_hist": [0.5804323093953596, 0.5915813424211245, 0.5924914675633108, 0.48668941978414815, 0.41888509669126545, 0.3788395904350662, 0.3196814561929538, 0.23549488054071685, 0.24004550625164858, 0.2411831626793815, 0.24186575655003287, 0.2712172923715309, 0.2723549487992638, 0.3342434584679353, 0.34015927189214656, 0.34562002274526465, 0.3556313993093144, 0.3840728100026377, 0.4211604095467313, 0.42753128554203573, 0.42753128554203573, 0.4320819112529674, 0.45301478952325336, 0.47167235493807347, 0.47531285550681884, 0.4764505119345518]}
