{"best_test_loss": 0.4758812615845111, "epoch_time_hist": [10.251919746398926, 9.900284767150879, 9.933237075805664, 9.946889877319336, 9.92688512802124, 9.421825408935547, 9.117310523986816, 8.868778228759766, 8.692598819732666, 8.84606409072876, 8.465915203094482, 8.141865491867065, 8.304750680923462, 8.563611507415771, 8.59351396560669, 8.267096042633057, 9.116063833236694, 9.267159700393677, 9.325926542282104, 9.381289720535278, 9.302350759506226, 9.468970775604248, 9.35130763053894, 9.38039493560791, 9.488425254821777], "time_till_best_val_loss": 172.9516966342926, "val_loss_hist": [0.6025028441273605, 0.5424345847430618, 0.5642775881555341, 0.5604095563012421, 0.5542662115914843, 0.562684869156708, 0.5544937428770309, 0.557679180874683, 0.5544937428770309, 0.5331058020356517, 0.5133105801133515, 0.5189988623317634, 0.5271899886114405, 0.5146757679063783, 0.492832764493906, 0.4944254834927321, 0.4789533560755642, 0.4718998858223467, 0.4791808873611108, 0.4621160409451168, 0.4627986348017566, 0.4766780432200984, 0.4960182024915582, 0.5105802047665398, 0.512627986336459, 0.49169510806617306]}
