{"best_test_loss": 0.5169294990603681, "epoch_time_hist": [10.275642395019531, 9.940125226974487, 9.98655366897583, 10.009760618209839, 9.993863582611084, 9.939646482467651, 9.82568883895874, 9.706302165985107, 9.810796022415161, 9.63918137550354, 9.826424598693848, 9.558383703231812, 9.696041822433472, 9.759723663330078, 9.808765888214111, 9.892855167388916, 9.432374954223633, 9.390290975570679, 9.42878794670105, 9.060824394226074, 9.003459215164185, 9.003268241882324, 8.96090030670166, 8.730809926986694, 8.789672136306763], "time_till_best_val_loss": 108.95398497581482, "val_loss_hist": [0.6195676904532919, 0.5799772468582486, 0.6102389078359445, 0.5877133105668325, 0.5599544936677286, 0.5663253697254533, 0.5670079635820932, 0.5590443685879626, 0.5706484641508385, 0.5583617747313229, 0.5308304891801859, 0.4930602957794526, 0.5083048919110739, 0.5253697383270678, 0.548350398167273, 0.5690557451520124, 0.5740614334340373, 0.5852104664258201, 0.5833902161414474, 0.6172923776878887, 0.6416382252413735, 0.6539249146608891, 0.6409556313847337, 0.6409556313847337, 0.6450511945245723, 0.6468714448089449]}
