{"best_test_loss": 0.4845234446679582, "epoch_time_hist": [3.3583145141601562, 3.0049679279327393, 3.1525156497955322, 3.096681833267212, 3.050682783126831, 3.130124092102051, 2.980273485183716, 2.9186203479766846, 3.0384583473205566, 3.3564438819885254, 3.412026882171631, 3.8674468994140625, 4.340764045715332, 4.166534900665283, 3.3290886878967285, 3.146665096282959, 3.1469857692718506, 3.043485641479492, 3.080185651779175, 3.0138418674468994, 2.9102416038513184, 2.4049127101898193, 2.3986117839813232, 2.3299169540405273, 2.4096059799194336], "time_till_best_val_loss": 42.70732069015503, "val_loss_hist": [0.5793724759062016, 0.5625970798209818, 0.5573159366089682, 0.5554520037106104, 0.5570052811259085, 0.5629077353040414, 0.5365020192439732, 0.550792171464716, 0.5734700217280687, 0.5778191984909035, 0.5486175830832987, 0.5675675675499358, 0.5924200061947058, 0.508543025768607, 0.606399502932389, 0.6132339235597007, 0.5343274308625559, 0.5868282074996326, 0.5945945945761232, 0.584032308152096, 0.5405405405237483, 0.6467847157301403, 0.6489593041115577, 0.6489593041115577, 0.6489593041115577, 0.6489593041115577]}
