{"best_test_loss": 0.11921544590501945, "epoch_time_hist": [4.225358486175537, 3.9184648990631104, 3.862189531326294, 3.8646397590637207, 3.922125816345215, 3.8314878940582275, 3.87400221824646, 3.934494972229004, 3.8819782733917236, 3.8716039657592773, 3.906118869781494, 3.887368679046631, 3.8723654747009277, 3.9528274536132812, 3.8781816959381104, 3.8729336261749268, 3.9122190475463867, 3.8771378993988037, 3.8791534900665283, 3.879303216934204, 3.9506382942199707, 3.8679027557373047, 3.945382595062256, 3.8758528232574463, 3.8657751083374023], "time_till_best_val_loss": 97.60950684547424, "val_loss_hist": [0.5368126747270329, 0.16154085119100525, 0.13358185771563896, 0.12643678160526758, 0.11618515066429994, 0.12239826032549245, 0.12830071450362535, 0.1230195712916117, 0.1217769493593732, 0.12146629387631357, 0.12395153774079058, 0.12270891580855207, 0.10810810810474968, 0.11711711711347882, 0.11587449518124031, 0.11898105001183656, 0.10655483068945155, 0.11680646163041919, 0.11494252873206144, 0.11587449518124031, 0.10624417520639193, 0.10810810810474968, 0.11028269648616705, 0.11991301646101545, 0.10438024230803417, 0.10282696489273604]}
