{"best_test_loss": 0.1847992644748759, "epoch_time_hist": [0.9507472515106201, 1.0795986652374268, 1.1739583015441895, 1.1915514469146729, 1.2197685241699219, 1.2408533096313477, 1.2594027519226074, 1.3020527362823486, 1.2605657577514648, 1.2674710750579834, 1.2698414325714111, 1.290107011795044, 1.2473132610321045, 1.1035668849945068, 1.172023057937622, 1.248065710067749, 1.3186674118041992, 1.2964246273040771, 1.2415351867675781, 1.2202720642089844, 1.1377105712890625, 1.1778521537780762, 1.1480395793914795, 1.1927275657653809, 1.2305986881256104], "time_till_best_val_loss": 29.01011633872986, "val_loss_hist": [0.5983224603728388, 0.5952159055422425, 0.37899968933274314, 0.3324013668737993, 0.2864243553809747, 0.2885989437623921, 0.23361292326083838, 0.24759241999852152, 0.20751786268382982, 0.231438334879421, 0.24417520968486564, 0.221497359421513, 0.25380552965971404, 0.2581547064225488, 0.2559801180411314, 0.23081702391330175, 0.20813917364994908, 0.2233612924864638, 0.2404473439226704, 0.22398260328598998, 0.22211867038763222, 0.21248835041278386, 0.20006213109039883, 0.1922957440139082, 0.1826654240390598, 0.1839080459712983]}
