{"best_test_loss": 0.3962611093963757, "epoch_time_hist": [4.138335466384888, 3.660388469696045, 3.6506989002227783, 3.561112880706787, 3.423919200897217, 3.4827232360839844, 3.511634588241577, 3.463651418685913, 3.5625665187835693, 3.7150304317474365, 3.6096396446228027, 3.6567959785461426, 3.6060476303100586, 3.6552460193634033, 3.569024085998535, 3.525562047958374, 3.6320924758911133, 3.615172863006592, 3.590711832046509, 3.5925002098083496, 3.6613197326660156, 3.764399290084839, 3.6430537700653076, 3.5119223594665527, 3.7124710083007812], "time_till_best_val_loss": 11.449422836303711, "val_loss_hist": [0.540851196006808, 0.47064305683533264, 0.440509474978549, 0.43336439886817757, 0.4656725691063786, 0.47437092263204816, 0.480273376810181, 0.5038831935227126, 0.48897173033585056, 0.47716682197958477, 0.4849332090560754, 0.47654551101346554, 0.47064305683533264, 0.46132339234354386, 0.46008077041130535, 0.46070208137742463, 0.4616340478266035, 0.4575955265468284, 0.4557315936484706, 0.4551102826823514, 0.45604224913153024, 0.4557315936484706, 0.4535570052670532, 0.4510717614025762, 0.4457906181905626, 0.4445479962583241]}
