{"best_test_loss": 0.3055950014113719, "epoch_time_hist": [29.37088394165039, 29.763996839523315, 28.58277440071106, 27.478511810302734, 27.55369472503662, 26.022940158843994, 25.42015838623047, 25.528072595596313, 26.23799443244934, 26.89528751373291, 27.747886419296265, 31.425841331481934, 30.3030846118927, 23.634258031845093, 23.822694540023804, 24.076414823532104, 22.496968269348145, 32.025184869766235, 25.04262924194336, 38.070165395736694, 31.670538902282715, 24.920531511306763, 19.894243478775024, 20.871153354644775, 14.902006387710571], "time_till_best_val_loss": 551.4994423389435, "val_loss_hist": [0.41007194243424255, 0.39050359711106464, 0.39366906473687285, 0.39338129495270846, 0.42561151077911913, 0.42647482013161225, 0.430791366894078, 0.41237410077863784, 0.43510791365654367, 0.45179856113807776, 0.43539568344070806, 0.44258992804481756, 0.38474820149746064, 0.33438848932299475, 0.32517985610575023, 0.33525179855150355, 0.33553956833566795, 0.33841726617731177, 0.4661870503462968, 0.45956834531051605, 0.3133812949550106, 0.3208633093432845, 0.4621582733679955, 0.4397122302031738, 0.45640287768470783, 0.4558273381163791]}
