{"best_test_loss": 0.08065890371824315, "epoch_time_hist": [44.588050842285156, 44.718019247055054, 44.338274002075195, 44.669102907180786, 44.690274477005005, 44.62449812889099, 44.57952117919922, 44.31960701942444, 44.21645379066467, 44.79347252845764, 44.69855189323425, 44.025593280792236, 44.323192834854126, 44.78085660934448, 44.383145809173584, 44.838213205337524, 44.826417684555054, 44.97204089164734, 44.72840714454651, 44.915443420410156, 44.69530940055847, 44.90613341331482, 45.01748752593994, 44.808457136154175, 44.67862129211426], "time_till_best_val_loss": 267.6282196044922, "val_loss_hist": [0.42992805751287305, 0.13553956831336647, 0.13237410071561515, 0.11683453237073858, 0.0969784172633963, 0.08546762589682108, 0.07683453237188966, 0.08892086330679365, 0.0969784172633963, 0.09985611510504011, 0.10992805755079345, 0.10388489228631796, 0.11079136690328659, 0.09956834541704741, 0.09294964016306927, 0.09870503596838259, 0.10187050351733602, 0.11079136690328659, 0.09841726618421821, 0.09467625899008127, 0.09208633093260184, 0.09525179855841003, 0.09553956821968902, 0.09352518138866404, 0.09035971231690294, 0.09122302166939608]}
