{"best_test_loss": 0.12013632490428469, "epoch_time_hist": [1.1742475032806396, 1.3845899105072021, 1.148951768875122, 1.451392412185669, 1.6888558864593506, 1.607712745666504, 1.6207997798919678, 1.6885395050048828, 1.6806190013885498, 1.6252882480621338, 1.6259987354278564, 1.5996367931365967, 1.5986299514770508, 1.5118696689605713, 1.4766478538513184, 1.4904663562774658, 1.4261369705200195, 1.4421086311340332, 1.439495325088501, 1.432220458984375, 1.4093201160430908, 1.4289171695709229, 1.4363534450531006, 1.4246962070465088, 1.4356093406677246], "time_till_best_val_loss": 11.765089511871338, "val_loss_hist": [0.4348201439074783, 0.43712230122721624, 0.283453237401915, 0.23482014387813469, 0.19482014387928576, 0.18561151078602559, 0.12834532381483074, 0.15165467623045747, 0.12460431654317686, 0.1361151079097521, 0.14705035970799857, 0.14158273380887532, 0.12949640287397132, 0.1326618704997795, 0.14100719424054656, 0.15510791366460122, 0.16172661870038196, 0.16661870503117646, 0.17294964028279283, 0.1807194244552311, 0.1807194244552311, 0.182158273376053, 0.182158273376053, 0.182158273376053, 0.182158273376053, 0.182158273376053]}
