{"best_test_loss": 0.35756887246925395, "epoch_time_hist": [29.909016609191895, 27.263119220733643, 25.179452657699585, 24.814298391342163, 25.483233213424683, 27.646636247634888, 28.551965475082397, 28.182260513305664, 26.893568515777588, 27.22589135169983, 28.580777883529663, 30.962746620178223, 31.40244722366333, 31.155346393585205, 31.53222680091858, 31.47892427444458, 32.10711884498596, 31.219528436660767, 31.458451986312866, 31.668179750442505, 31.27208375930786, 31.51766538619995, 30.903854846954346, 30.870833158493042, 31.09701943397522], "time_till_best_val_loss": 29.909016609191895, "val_loss_hist": [0.445179856102297, 0.37870503596032506, 0.44115107912399565, 0.45208633092224215, 0.45237410070640655, 0.4313669064624067, 0.433093525167393, 0.41726618703835205, 0.4405755395556669, 0.45755395682136535, 0.44402877696563947, 0.4284892086207629, 0.44345323662439295, 0.4454676258864614, 0.4437410071814751, 0.4460431648728254, 0.4466187050231189, 0.4509352512812147, 0.4494964028647627, 0.45179856113807776, 0.4552517985480503, 0.45784172660552974, 0.45928057552635165, 0.4661870503462968, 0.46733812948295433, 0.46676258991462555]}
