{"best_test_loss": 0.3175192154699836, "epoch_time_hist": [38.83606672286987, 40.11920142173767, 40.141379833221436, 41.64232039451599, 40.50352668762207, 38.902483224868774, 38.27780842781067, 39.11953902244568, 39.23927164077759, 36.66752862930298, 35.80931758880615, 40.19051814079285, 42.13161277770996, 33.21639060974121, 38.95166254043579, 32.4126341342926, 33.92968940734863, 36.38854217529297, 32.331424951553345, 34.59612202644348, 29.578782558441162, 32.8543221950531, 34.952293157577515, 32.43342089653015, 28.338095903396606], "time_till_best_val_loss": 911.5639550685883, "val_loss_hist": [0.375132837047742, 0.37752391072323266, 0.42295430392075045, 0.4357066949937379, 0.4094048884057013, 0.40196599361312524, 0.4311902231553882, 0.4354410201797173, 0.42082890542920737, 0.38230605727026645, 0.415781083942195, 0.3870882040279732, 0.37619553665312977, 0.4750265674687825, 0.3929330499364258, 0.3291710945714886, 0.3283740701294268, 0.3302337938986791, 0.41232731135992756, 0.33209351752571487, 0.3459086078547846, 0.327045696059324, 0.35573857597354575, 0.38204038256158235, 0.33873538787622914, 0.3206695005228303]}
