{"best_test_loss": 0.07765703683865208, "epoch_time_hist": [108.87098574638367, 108.8370451927185, 108.85295462608337, 108.69872331619263, 108.67292475700378, 107.93671369552612, 107.30354356765747, 108.80723118782043, 108.81596612930298, 108.43794846534729, 108.58448386192322, 107.84410548210144, 108.73369693756104, 108.62038540840149, 107.27145290374756, 108.31556439399719, 108.74495959281921], "time_till_best_val_loss": 651.8693473339081, "val_loss_hist": [0.37725823579869544, 0.1981934112593466, 0.11450584484286648, 0.0916578108370973, 0.09697130711750873, 0.08873538788287101, 0.07571732199586298, 0.07784272067224915, 0.0879383634408093, 0.08554729011462414, 0.08103081827627442, 0.07890541976410985, 0.0879383634408093, 0.08820403825482986, 0.08209351762949994, 0.08660998950072452, 0.08076514199370308, 0.08129649330676617]}
