{"best_test_loss": 0.10866684345840007, "epoch_time_hist": [1.2476170063018799, 1.2876806259155273, 1.2359609603881836, 1.4207284450531006, 1.6876945495605469, 1.6943812370300293, 1.7061543464660645, 1.7813057899475098, 1.7624952793121338, 1.7327711582183838, 1.6827995777130127, 1.9231677055358887, 1.6787686347961426, 1.8391199111938477, 1.6375117301940918, 1.6377944946289062, 1.6670231819152832, 1.7241995334625244, 1.671851396560669, 1.573559284210205, 1.617307186126709, 1.7416727542877197, 1.738537311553955, 1.6553637981414795, 1.6598610877990723], "time_till_best_val_loss": 19.16275668144226, "val_loss_hist": [0.432518597225491, 0.4163124334788935, 0.29117959618029976, 0.2608926673682016, 0.22927736463552795, 0.16153028752429877, 0.13708820417516487, 0.1293836345431774, 0.14187035073498608, 0.13841657810471794, 0.12752391098649846, 0.1323060573822448, 0.11105207236386652, 0.1312433581261625, 0.15834218915626083, 0.16206163655254885, 0.17853347502182432, 0.17534537725357743, 0.17401700318347457, 0.17454835281151573, 0.17136025504326885, 0.2128055260304781, 0.21599362379872494, 0.21599362379872494, 0.21599362379872494, 0.21599362379872494]}
