{"best_test_loss": 0.33845745988038795, "epoch_time_hist": [45.5409300327301, 44.993215799331665, 46.018834590911865, 40.30869817733765, 40.791582345962524, 41.37860703468323, 44.405564069747925, 45.276649713516235, 48.770660400390625, 44.49030542373657, 42.887508153915405, 42.62856602668762, 43.577337980270386, 43.326674699783325, 44.28359770774841, 45.159727573394775, 46.289427518844604, 45.75930333137512, 45.58127307891846, 46.70064306259155, 45.92209434509277, 46.47852897644043, 46.020188331604004, 46.800657987594604, 45.58810210227966], "time_till_best_val_loss": 45.5409300327301, "val_loss_hist": [0.4123273114080319, 0.33793836343416744, 0.4481934112527048, 0.4686503719322888, 0.4612114771397128, 0.46041445253944424, 0.46280552602383623, 0.4588204038135276, 0.4590860786275482, 0.4620085015817745, 0.4736981933986797, 0.4742295427965874, 0.4593517533804833, 0.45085015939291045, 0.4439426142283756, 0.44155154090219045, 0.44234856534425215, 0.4426142401582728, 0.44367693933338587, 0.44606801230125553, 0.4516471838349722, 0.45696068011538366, 0.4620085011653669, 0.46546227379436955, 0.46546227416404196, 0.46758767167385357]}
