{"best_test_loss": 0.5541945920833327, "epoch_time_hist": [20.93278217315674, 20.709815502166748, 20.692356824874878, 20.32161021232605, 20.684044122695923, 20.427618741989136, 19.706484079360962, 21.446016311645508, 22.904674291610718, 20.943440437316895, 19.707051753997803, 18.997074604034424, 18.106403589248657, 19.664260149002075, 22.64961862564087, 23.698739290237427, 23.945941925048828, 23.978222846984863, 31.72794246673584, 29.447884559631348, 27.44970393180847, 21.933859825134277, 17.29434084892273, 16.120699405670166, 17.52038598060608], "time_till_best_val_loss": 355.53793263435364, "val_loss_hist": [0.6613252490112316, 0.6611087050528127, 0.6498484192150314, 0.644001732337722, 0.638804677335669, 0.6602425292191373, 0.6695539194311487, 0.6697704633895676, 0.68081420526893, 0.6719359029737563, 0.681463836956685, 0.7042009524182635, 0.7122130792396663, 0.7204417496595834, 0.6556951060923409, 0.5619315720969699, 0.5630142918890643, 0.5601992204296189, 0.5601992204296189, 0.5653962754316718, 0.5755738414773588, 0.6466002598387484, 0.669120831514311, 0.669120831514311, 0.669120831514311, 0.6563447379675976]}
