{"best_test_loss": 0.18950774208020552, "epoch_time_hist": [26.710294723510742, 26.824018001556396, 26.76477313041687, 26.53995966911316, 26.589410543441772, 26.319556713104248, 26.83582329750061, 26.755678176879883, 26.706485986709595, 26.863215923309326, 26.748698234558105, 26.836711168289185, 26.805073738098145, 26.69404125213623, 26.844406604766846, 26.777247428894043, 26.746866464614868, 26.841235876083374, 26.756192684173584, 26.83396339416504, 26.7660231590271, 26.725457191467285, 26.852471828460693, 26.889699697494507, 26.32463049888611], "time_till_best_val_loss": 454.3622610569, "val_loss_hist": [0.6494153313847036, 0.33109571246205854, 0.24794283238960713, 0.23170203550819182, 0.22823733217348988, 0.2169770463357086, 0.20506712816881145, 0.2065829363713877, 0.20723256820433436, 0.21242962320891232, 0.2096145512113308, 0.2020355132048065, 0.19207449107812033, 0.18817669986599878, 0.20160242535053954, 0.2020355132048065, 0.1901255954891581, 0.18796015590757992, 0.18925941965809312, 0.18904287569967426, 0.1985708098701046, 0.1909917713254441, 0.19337375486805167, 0.20268514508006313, 0.20311823307467244, 0.18990905153334975]}
