{"best_test_loss": 0.46406286109396666, "epoch_time_hist": [1.060288667678833, 1.2101898193359375, 1.3191759586334229, 1.3708183765411377, 1.4606080055236816, 1.4156639575958252, 1.2948594093322754, 1.2009010314941406, 1.0229034423828125, 0.9561812877655029, 1.0001356601715088, 0.9566113948822021, 0.9916214942932129, 0.913402795791626, 1.0347130298614502, 0.984992504119873, 0.9630675315856934, 0.8983914852142334, 0.8750810623168945, 0.9364218711853027, 1.012009859085083, 1.0115303993225098, 1.0097780227661133, 1.0555665493011475, 1.0392765998840332], "time_till_best_val_loss": 11.355408668518066, "val_loss_hist": [0.6095712429491215, 0.6409701169198577, 0.6223473364958348, 0.620398440870065, 0.6097877869075403, 0.6130359462838234, 0.5887830216670947, 0.5255521870825995, 0.5019488956149426, 0.4705500212763654, 0.4718492853947196, 0.4984841922802407, 0.5270679947915317, 0.553269813760215, 0.5446080554234602, 0.5601992204296189, 0.5493720225086753, 0.5710264183505624, 0.5725422260594946, 0.5658293633485095, 0.5749242096021021, 0.5740580337684267, 0.5584668687622679, 0.5764400173110342, 0.5764400173110342, 0.5781723689783852]}
