{"best_test_loss": 0.6551883525275313, "epoch_time_hist": [23.01353645324707, 23.03237509727478, 22.84437656402588, 23.09382128715515, 23.003185749053955, 22.75572371482849, 22.529958248138428, 22.43302845954895, 22.59134531021118, 22.068053245544434, 22.214860439300537, 22.371774435043335, 21.95752191543579, 22.691373825073242, 22.19308042526245, 22.642221689224243, 22.53827214241028, 22.36907148361206, 22.791434288024902, 22.46044683456421, 22.234720706939697, 22.443286180496216, 22.461631059646606, 22.092959880828857, 22.41871166229248], "time_till_best_val_loss": 114.98729515075684, "val_loss_hist": [0.639887397013865, 0.6478995235799935, 0.6537462104665711, 0.650714595048707, 0.6442182762961408, 0.6329579904122343, 0.6574274577201156, 0.661758336976447, 0.6567778258368943, 0.6494153313337944, 0.6565612819399048, 0.6433520991809686, 0.6494153312981937, 0.6491987873397749, 0.6485491553840191, 0.6489822430768065, 0.650714595048707, 0.6520138587992201, 0.6556951060923409, 0.6591598094270429, 0.6576440017181108, 0.6585101775517863, 0.6576440016775075, 0.6589432654280212, 0.6680381117222166, 0.6704200952648242]}
