{"best_test_loss": 0.6691991277347092, "epoch_time_hist": [7.537854909896851, 7.072349309921265, 7.041224956512451, 7.024778366088867, 6.998751878738403, 7.0750205516815186, 6.973918437957764, 6.985918760299683, 7.066752672195435, 6.976763963699341, 6.97052001953125, 7.107651948928833, 7.143737077713013, 7.015813589096069, 6.877659797668457, 6.937570571899414, 6.933189630508423, 6.90553092956543, 7.066577434539795, 6.926834583282471, 6.882594347000122, 6.796692848205566, 6.948644399642944, 6.837317228317261, 6.917410373687744, 6.842849254608154, 6.894523620605469, 6.875730991363525, 7.000141859054565, 6.978012561798096, 6.970856428146362, 7.024656057357788, 7.087142705917358, 6.99549674987793, 7.049225807189941, 6.982483386993408, 7.019634008407593, 6.958415508270264, 7.066518783569336, 6.859006643295288, 6.974672555923462, 6.907326936721802, 6.857550859451294, 6.880776405334473, 7.0095531940460205, 6.924845933914185, 6.962601900100708, 7.006537437438965, 7.14879846572876, 7.229395151138306, 7.015106916427612, 6.962216377258301, 7.028984069824219, 7.226048231124878, 6.994748592376709, 7.188717603683472, 7.089743375778198, 7.015791654586792, 6.9000771045684814, 7.105092763900757, 7.053603172302246, 7.150187015533447, 7.193786382675171, 7.083613157272339, 7.096654415130615, 7.097607612609863, 7.002234220504761, 7.116307735443115, 7.114473342895508, 7.162064790725708, 7.092123508453369, 6.974475622177124, 7.0411834716796875, 6.963570594787598, 7.125638008117676, 7.033304691314697, 6.999268054962158, 6.9465742111206055, 6.868046760559082, 7.038686037063599, 7.124708414077759, 7.124091148376465, 6.999017953872681, 7.024647235870361, 7.071011781692505, 7.04787802696228, 6.9731879234313965, 7.066479206085205, 7.1279456615448, 7.17157506942749, 7.0884575843811035, 7.187790393829346, 7.039992094039917, 7.0615880489349365, 7.186493873596191, 7.051372289657593, 7.160364627838135, 7.063561916351318, 6.989830493927002, 7.108383655548096], "time_till_best_val_loss": 14.610204219818115, "val_acc_hist": [0.0, 0.0, 0.0, 0.0, 0.0, 0.0, 0.0, 0.0, 0.0, 0.0, 0.0, 0.0, 0.0, 0.0, 0.0, 0.0, 0.0, 0.0, 0.0, 0.0, 0.0, 0.0, 0.0, 0.0, 0.0, 0.0, 0.0, 0.0, 0.0, 0.0, 0.0, 0.0, 0.0, 0.0, 0.0, 0.0, 0.0, 0.0, 0.0, 0.0, 0.0, 0.0, 0.0, 0.0, 0.0, 0.0, 0.0, 0.0, 0.0, 0.0, 0.0, 0.0, 0.0, 0.0, 0.0, 0.0, 0.0, 0.0, 0.0, 0.0, 0.0, 0.0, 0.0, 0.0, 0.0, 0.0, 0.0, 0.0, 0.0, 0.0, 0.0, 0.0, 0.0, 0.0, 0.0, 0.0, 0.0, 0.0, 0.0, 0.0, 0.0, 0.0, 0.0, 0.0, 0.0, 0.0, 0.0, 0.0, 0.0, 0.0, 0.0, 0.0, 0.0, 0.0, 0.0, 0.0, 0.0, 0.0, 0.0, 0.0, 0.0], "val_loss_hist": [0.7032008932051592, 0.6893671055317293, 0.6735010473354889, 0.6842275844529707, 0.6891452075891714, 0.6896270501645234, 0.7029690461595886, 0.708177724665646, 0.7518908130065545, 0.7641057377022252, 0.7746483436071258, 0.7765579083113876, 0.7655745013948788, 0.769123882912439, 0.7687620887319271, 0.7757070573974385, 0.7673562224331378, 0.7668771015956822, 0.7662342905537491, 0.764357893408873, 0.7658098840392173, 0.7658098840392173, 0.7722170824725257, 0.7708692206757691, 0.7690774364898672, 0.7690774364898672, 0.7690774364898672, 0.7690774364898672, 0.7690774364898672, 0.7690774364898672, 0.7690774364898672, 0.7690774364898672, 0.7690774364898672, 0.7690774364898672, 0.7690774364898672, 0.7685629027197063, 0.7685629027197063, 0.7685629027197063, 0.7685629027197063, 0.7685629027197063, 0.7685629027197063, 0.7685629027197063, 0.7685629027197063, 0.7685629027197063, 0.7685629027197063, 0.7685629027197063, 0.7685629027197063, 0.7685629027197063, 0.7685629027197063, 0.7685629027197063, 0.7685629027197063, 0.7685629027197063, 0.7685629027197063, 0.7685629027197063, 0.7685629027197063, 0.7685629027197063, 0.7685629027197063, 0.7685629027197063, 0.7685629027197063, 0.7685629027197063, 0.7685629027197063, 0.7685629027197063, 0.7685629027197063, 0.7685629027197063, 0.7685629027197063, 0.7685629027197063, 0.7685629027197063, 0.7685629027197063, 0.7685629027197063, 0.7685629027197063, 0.7685629027197063, 0.7685629027197063, 0.7685629027197063, 0.7685629027197063, 0.7685629027197063, 0.7685629027197063, 0.7685629027197063, 0.7685629027197063, 0.7685629027197063, 0.7685629027197063, 0.7685629027197063, 0.7685629027197063, 0.7685629027197063, 0.7685629027197063, 0.7685629027197063, 0.7685629027197063, 0.7685629027197063, 0.7685629027197063, 0.7685629027197063, 0.7685629027197063, 0.7685629027197063, 0.7685629027197063, 0.7685629027197063, 0.7685629027197063, 0.7685629027197063, 0.7685629027197063, 0.7685629027197063, 0.7685629027197063, 0.7685629027197063, 0.7685629027197063, 0.7685629027197063]}
