{"best_test_loss": 0.11250121522849128, "epoch_time_hist": [7.040235757827759, 6.58533787727356, 6.5418713092803955, 6.569409608840942, 6.545187950134277, 6.646105051040649, 6.489570140838623, 6.52790379524231, 6.555269956588745, 6.5946643352508545, 6.519311904907227, 6.5505690574646, 6.638279914855957, 6.525804042816162, 6.520020008087158, 6.552289247512817, 6.570966482162476, 6.512345790863037, 6.588048696517944, 6.522940635681152, 6.4784300327301025, 6.563726902008057, 6.515955209732056, 6.558858871459961, 6.411110877990723, 6.475147485733032, 6.509746789932251, 6.640369653701782, 6.568890333175659, 6.549742698669434, 6.6399312019348145, 6.468957424163818, 6.604337453842163, 6.512489318847656, 6.577494382858276, 6.541165113449097, 6.59345555305481, 6.529940128326416, 6.544721841812134, 6.536197900772095, 6.5842444896698, 6.532963991165161, 6.512115955352783, 6.609319686889648, 6.525644540786743, 6.537805557250977, 6.514949083328247, 6.510694980621338, 6.511468887329102, 6.456878662109375, 6.576583385467529, 6.5105814933776855, 6.496247291564941, 6.469067573547363, 6.5953404903411865, 6.517711400985718, 6.551916599273682, 6.54060173034668, 6.5484020709991455, 6.525619983673096, 6.540570974349976, 6.645981311798096, 6.534016370773315, 6.567139387130737, 6.5198235511779785, 6.589470624923706, 6.573588609695435, 6.574404954910278, 6.597665548324585, 6.565387010574341, 6.613485336303711, 6.516253232955933, 6.585716485977173, 6.506605863571167, 6.590347528457642, 6.516066312789917, 6.490321159362793, 6.589894533157349, 6.556662082672119, 6.5897674560546875, 6.510931491851807, 6.574138402938843, 6.538740634918213, 6.556354999542236, 6.493189334869385, 6.525401830673218, 6.586900234222412, 6.507404804229736, 6.613512754440308, 6.508350372314453, 6.522163152694702, 6.649089813232422, 6.487218618392944, 6.587731838226318, 6.548019647598267, 6.625425577163696, 6.531713008880615, 6.524781942367554, 6.584765434265137, 6.463752031326294], "time_till_best_val_loss": 111.97279644012451, "val_acc_hist": [0.0, 0.005, 0.04, 0.07, 0.085, 0.085, 0.08, 0.075, 0.09, 0.1, 0.075, 0.085, 0.075, 0.085, 0.085, 0.1, 0.115, 0.09, 0.095, 0.09, 0.09, 0.08, 0.095, 0.1, 0.08, 0.095, 0.095, 0.085, 0.085, 0.09, 0.09, 0.09, 0.095, 0.1, 0.1, 0.095, 0.09, 0.09, 0.09, 0.09, 0.09, 0.09, 0.09, 0.09, 0.09, 0.09, 0.09, 0.09, 0.09, 0.09, 0.09, 0.09, 0.09, 0.09, 0.09, 0.09, 0.09, 0.09, 0.09, 0.09, 0.09, 0.09, 0.09, 0.09, 0.09, 0.09, 0.09, 0.09, 0.09, 0.09, 0.09, 0.09, 0.09, 0.09, 0.09, 0.09, 0.09, 0.09, 0.09, 0.09, 0.09, 0.09, 0.09, 0.09, 0.09, 0.09, 0.09, 0.09, 0.09, 0.09, 0.09, 0.09, 0.09, 0.09, 0.09, 0.09, 0.09, 0.09, 0.09, 0.09, 0.09], "val_loss_hist": [0.7018209940655723, 0.2678246486781767, 0.18709268059397333, 0.15816091059392354, 0.14159143457031184, 0.14093282288060036, 0.13897068355631859, 0.1287447668164795, 0.13391551291957224, 0.12957831991101623, 0.1238792244310399, 0.12714715472607988, 0.12823074522639624, 0.1246647859089653, 0.12960557876383316, 0.12730501585600476, 0.12398101624668519, 0.12156222391106337, 0.12384949919043181, 0.12862222905310244, 0.12591150380287858, 0.1263327545817615, 0.13476153431456345, 0.13027574279798038, 0.13191252989714775, 0.1319205106828998, 0.12668535929558555, 0.12898478276524628, 0.12640972780222118, 0.1265917593084564, 0.12825623139820672, 0.13076243913643512, 0.1297707641677116, 0.13015172673882297, 0.13057629537981916, 0.13172655094098043, 0.13120995015262257, 0.1329556244398336, 0.13116990710585658, 0.13093168472867564, 0.13081246338819, 0.13286957181651585, 0.1327503504760302, 0.13081246338819, 0.13081246338819, 0.1327503504760302, 0.13081246338819, 0.13081246338819, 0.13081246338819, 0.1327503504760302, 0.1327503504760302, 0.1327503504760302, 0.1327503504760302, 0.1327503504760302, 0.1327503504760302, 0.1327503504760302, 0.1327503504760302, 0.1327503504760302, 0.1327503504760302, 0.1327503504760302, 0.1327503504760302, 0.1327503504760302, 0.1327503504760302, 0.1327503504760302, 0.1327503504760302, 0.1327503504760302, 0.1327503504760302, 0.1327503504760302, 0.1327503504760302, 0.1327503504760302, 0.1327503504760302, 0.1327503504760302, 0.1327503504760302, 0.1327503504760302, 0.1327503504760302, 0.1327503504760302, 0.1327503504760302, 0.1327503504760302, 0.1327503504760302, 0.1327503504760302, 0.1327503504760302, 0.1327503504760302, 0.1327503504760302, 0.1327503504760302, 0.1327503504760302, 0.1327503504760302, 0.1327503504760302, 0.1327503504760302, 0.1327503504760302, 0.1327503504760302, 0.1327503504760302, 0.1327503504760302, 0.1327503504760302, 0.1327503504760302, 0.1327503504760302, 0.1327503504760302, 0.1327503504760302, 0.1327503504760302, 0.1327503504760302, 0.1327503504760302, 0.1327503504760302]}
