{"best_test_loss": 0.11487217299320367, "epoch_time_hist": [1.234581470489502, 1.5536494255065918, 1.7607741355895996, 1.802398920059204, 1.7890753746032715, 1.8489584922790527, 1.8708348274230957, 1.9468789100646973, 1.9563398361206055, 1.9509258270263672, 1.9630255699157715, 2.029752731323242, 2.0850636959075928, 1.9904372692108154, 2.0102226734161377, 2.0558719635009766, 2.0586814880371094, 2.0732691287994385, 1.9716007709503174, 2.125887155532837, 2.0180156230926514, 2.1173996925354004, 2.069133996963501, 2.073068857192993, 2.0643982887268066, 2.0890517234802246, 2.047279119491577, 1.9694600105285645, 2.0804595947265625, 2.071979284286499, 2.068387508392334, 2.0845537185668945, 2.076321601867676, 2.146182060241699, 2.0733277797698975, 1.9765291213989258, 2.025031566619873, 2.0584840774536133, 2.0535097122192383, 2.1064300537109375, 2.101414918899536, 2.076625347137451, 2.1348910331726074, 2.1224896907806396, 2.1084706783294678, 2.0996716022491455, 2.0762295722961426, 2.1099631786346436, 2.050154209136963, 2.1025311946868896, 2.1180005073547363, 2.097769021987915, 2.0874836444854736, 2.079409599304199, 2.14424729347229, 2.1104633808135986, 2.128645658493042, 2.036799430847168, 2.070155620574951, 2.12967586517334, 2.168722152709961, 2.0767698287963867, 2.1312806606292725, 2.146251678466797, 2.2029294967651367, 2.1166248321533203, 2.0771942138671875, 2.0985851287841797, 2.019914150238037, 2.0666377544403076, 2.0825397968292236, 2.1346757411956787, 2.100954294204712, 2.1139256954193115, 2.1592812538146973, 2.0923821926116943, 2.080941677093506, 2.0738492012023926, 2.0749707221984863, 2.075230598449707, 2.074681520462036, 2.1003613471984863, 2.1000847816467285, 2.104581117630005, 2.12618088722229, 2.104193687438965, 2.067539691925049, 2.090111494064331, 2.0988986492156982, 2.1592557430267334, 2.1204679012298584, 2.0641775131225586, 2.150050163269043, 2.198434591293335, 2.137789726257324, 2.108362913131714, 2.077011823654175, 2.0614798069000244, 2.0723578929901123, 2.1303982734680176], "time_till_best_val_loss": 69.1272485256195, "val_acc_hist": [0.0, 0.0, 0.0, 0.0, 0.01, 0.005, 0.02, 0.03, 0.02, 0.01, 0.01, 0.035, 0.05, 0.015, 0.05, 0.04, 0.03, 0.02, 0.02, 0.05, 0.045, 0.06, 0.04, 0.04, 0.05, 0.035, 0.04, 0.035, 0.045, 0.02, 0.045, 0.065, 0.035, 0.045, 0.075, 0.06, 0.065, 0.07, 0.07, 0.08, 0.09, 0.085, 0.075, 0.075, 0.08, 0.075, 0.08, 0.075, 0.08, 0.085, 0.085, 0.085, 0.08, 0.08, 0.075, 0.075, 0.08, 0.085, 0.085, 0.085, 0.085, 0.085, 0.085, 0.085, 0.085, 0.085, 0.085, 0.085, 0.085, 0.085, 0.085, 0.085, 0.085, 0.085, 0.085, 0.085, 0.085, 0.085, 0.085, 0.085, 0.085, 0.085, 0.085, 0.085, 0.085, 0.085, 0.085, 0.085, 0.085, 0.085, 0.085, 0.085, 0.085, 0.085, 0.085, 0.085, 0.085, 0.085, 0.085, 0.085, 0.085], "val_loss_hist": [0.7105100836966854, 0.6939879790346382, 0.4505584413593546, 0.44586559501096323, 0.34951672015113644, 0.34808368916941174, 0.27477056211801537, 0.2780934051435208, 0.3159768716464522, 0.21859556364661148, 0.23956447329603306, 0.20971956904754235, 0.21494000509184383, 0.22305856857961284, 0.19735776969908, 0.19296699454283966, 0.16327227532215935, 0.2024334022164504, 0.19181649772295323, 0.17030747035561825, 0.17988260561421932, 0.1585959193176626, 0.20348092266843035, 0.1819459093596475, 0.18092303977623303, 0.17775392974802434, 0.21290917918720692, 0.1810998481076947, 0.18097866392385648, 0.17877874701954496, 0.1812003031753684, 0.16393326562221658, 0.16814984966856306, 0.14048206907585623, 0.1297092781556646, 0.1231768384795551, 0.12918300883988756, 0.1285709630743505, 0.13718069777913042, 0.1312826068141655, 0.12650854680565338, 0.12729810769637906, 0.1405520750904117, 0.13749656907203597, 0.1381695455082825, 0.13726732820907206, 0.12996291703093948, 0.12873336302043212, 0.1278832221678657, 0.1292272236981564, 0.12888901993681198, 0.1269933565071528, 0.12631242017881275, 0.12752909635973222, 0.12615422003238802, 0.12465189551990345, 0.12742316273454019, 0.1298808845822905, 0.1282525863622279, 0.1282525863622279, 0.1282525863622279, 0.1273722511350731, 0.1271712862397049, 0.12911648873276352, 0.12928866079575121, 0.13050309963885248, 0.1304154234993741, 0.13092551922908488, 0.13044883411912955, 0.12944859435157827, 0.12944859435157827, 0.12858832119481864, 0.12858832119481864, 0.12858832119481864, 0.12858832119481864, 0.12858832119481864, 0.12858832119481864, 0.12858832119481864, 0.12858832119481864, 0.12858832119481864, 0.12858832119481864, 0.12858832119481864, 0.12858832119481864, 0.12858832119481864, 0.12858832119481864, 0.12858832119481864, 0.12858832119481864, 0.12858832119481864, 0.12858832119481864, 0.12858832119481864, 0.12858832119481864, 0.12858832119481864, 0.12858832119481864, 0.12858832119481864, 0.12858832119481864, 0.12858832119481864, 0.12858832119481864, 0.12858832119481864, 0.12858832119481864, 0.12858832119481864, 0.12858832119481864]}
