{"best_test_loss": 0.2348127390218302, "epoch_time_hist": [7.396990776062012, 7.1567230224609375, 7.119929552078247, 6.988746404647827, 7.113924741744995, 7.060140609741211, 7.027044296264648, 7.034311056137085, 7.097308874130249, 7.118830919265747, 7.000808477401733, 7.226701736450195, 6.913248300552368, 6.9882612228393555, 7.070133209228516, 6.839920997619629, 6.9905712604522705, 6.99795126914978, 7.067602872848511, 6.875066041946411, 6.983665704727173, 7.001694917678833, 6.915209770202637, 6.9753663539886475, 7.1091837882995605, 6.944232702255249, 6.807419538497925, 6.911918640136719, 7.035823106765747, 6.992950677871704, 6.849174499511719, 7.048633575439453, 7.066744804382324, 7.001172780990601, 6.875735282897949, 6.910158634185791, 7.026770830154419, 6.915590286254883, 6.925788879394531, 7.012997150421143, 6.950669288635254, 6.940030813217163, 6.857205867767334, 6.97651219367981, 7.0143373012542725, 6.991615295410156, 6.90001106262207, 6.861772060394287, 6.831195592880249, 7.048542737960815, 6.881062746047974, 6.987788200378418, 6.985611438751221, 6.792885780334473, 6.850100755691528, 6.919593334197998, 6.991547107696533, 6.9607532024383545, 6.894490957260132, 6.976919889450073, 6.968512058258057, 6.922853708267212, 7.0584564208984375, 6.909420490264893, 7.05705189704895, 6.924525022506714, 7.046690940856934, 7.030893087387085, 6.924592733383179, 6.885378122329712, 6.906629800796509, 6.940802097320557, 7.095003604888916, 6.893472671508789, 6.8714330196380615, 6.948720693588257, 7.03583550453186, 6.9270689487457275, 6.875187397003174, 7.01210880279541, 6.857880592346191, 6.942543029785156, 6.775155544281006, 7.034980297088623, 6.976122140884399, 7.020566463470459, 6.953725337982178, 6.937392473220825, 6.973971128463745, 6.864346981048584, 6.925390243530273, 6.871259450912476, 6.875181198120117, 6.882017374038696, 6.908971309661865, 6.912750005722046, 6.846534967422485, 6.834179639816284, 6.929723739624023, 6.9383227825164795], "time_till_best_val_loss": 606.8027036190033, "val_acc_hist": [0.0, 0.0, 0.0, 0.0, 0.0, 0.005, 0.0, 0.0, 0.0, 0.0, 0.0, 0.0, 0.0, 0.005, 0.005, 0.005, 0.0, 0.005, 0.005, 0.0, 0.0, 0.0, 0.0, 0.005, 0.01, 0.01, 0.005, 0.005, 0.005, 0.005, 0.005, 0.005, 0.005, 0.0, 0.0, 0.0, 0.005, 0.005, 0.005, 0.005, 0.005, 0.005, 0.0, 0.0, 0.005, 0.005, 0.005, 0.005, 0.005, 0.005, 0.005, 0.005, 0.005, 0.01, 0.01, 0.01, 0.01, 0.005, 0.005, 0.01, 0.01, 0.01, 0.005, 0.01, 0.005, 0.005, 0.005, 0.005, 0.005, 0.005, 0.01, 0.01, 0.01, 0.01, 0.01, 0.01, 0.015, 0.02, 0.02, 0.02, 0.025, 0.02, 0.02, 0.025, 0.025, 0.025, 0.025, 0.03, 0.03, 0.03, 0.025, 0.03, 0.02, 0.015, 0.015, 0.015, 0.02, 0.025, 0.025, 0.03, 0.03], "val_loss_hist": [0.6972376533832606, 0.5975046228320562, 0.5674865661844763, 0.5578967579410649, 0.5276783349456704, 0.49203488498719783, 0.46488278748707756, 0.4544914831089786, 0.4475629327092588, 0.4336150271612834, 0.4287690921281872, 0.41724677719453457, 0.420275593477192, 0.4110969942796811, 0.40684867554894666, 0.3932572119980521, 0.39002537854877284, 0.3835823827510192, 0.37901153235347607, 0.3874316194704462, 0.3795990402746281, 0.38019522605112005, 0.37744377472757873, 0.37645847419503176, 0.37138904005180146, 0.3649269864796882, 0.3703106385689112, 0.35815861566298224, 0.35408914924296353, 0.3467328427433652, 0.33127945032942235, 0.3339254636284692, 0.3166728367100589, 0.3247358806019439, 0.32540711507166886, 0.31910690875118697, 0.30998065474805964, 0.3089828254264786, 0.3064131660729564, 0.30514064331720125, 0.29862974536027126, 0.2940001821005753, 0.28980140001729365, 0.28516912302348696, 0.29063757650228367, 0.29081431514418404, 0.2836859195803319, 0.29032380263783414, 0.288625283927135, 0.28454641242319273, 0.2889000899371569, 0.2856839830068005, 0.280881484854961, 0.28045869872072426, 0.2816953411963504, 0.2832633017577648, 0.27766989304163625, 0.2885769966951539, 0.28267699062964996, 0.2785563949803581, 0.2818571723489582, 0.2826420255061773, 0.28301167865096327, 0.27797406281848597, 0.2762396677702758, 0.2782469714879173, 0.2750950540804399, 0.27723070338547207, 0.2758902490055984, 0.27640962153080184, 0.2823590144667662, 0.27443828466430104, 0.2744884390261463, 0.26989145933831765, 0.2712094068489488, 0.2681173049233928, 0.26010064674441297, 0.24928638690396102, 0.24830459293294166, 0.25171238651348243, 0.24949928270930563, 0.2473730637303132, 0.25147301323701343, 0.2532231192609198, 0.2541632724727763, 0.2530985575334492, 0.2541276946232284, 0.2450767033644844, 0.2494118114369316, 0.25565479201266433, 0.24920327124256034, 0.24851772558111912, 0.2523847583555343, 0.2619431691672873, 0.2659760409629239, 0.2639563481842452, 0.26576432424640156, 0.25712226365974966, 0.25596029662745284, 0.25611757017242065, 0.2565669803382334]}
