{"best_test_loss": 0.24456183964435793, "epoch_time_hist": [8.665328979492188, 8.390052318572998, 8.55101728439331, 8.702431201934814, 10.101205348968506, 9.421179056167603, 9.167656421661377, 8.392235040664673, 8.033822536468506, 8.93823766708374, 7.366228103637695, 7.224353790283203, 7.723416090011597, 7.310354232788086, 7.2528908252716064, 6.757056474685669, 7.218878984451294, 6.596360683441162, 6.201099872589111, 6.1369287967681885, 5.811533451080322, 5.73914361000061, 5.536677837371826, 6.814782381057739, 7.3183276653289795], "time_till_best_val_loss": 189.3711986541748, "val_loss_hist": [0.31916243653809767, 0.2991751268940617, 0.3730964466704916, 0.3280456852687803, 0.3302664974514509, 0.3204314720710523, 0.33661167511622425, 0.37182741115571616, 0.40355329947958274, 0.3943527918656614, 0.44098984770174526, 0.40577411166225336, 0.3673857867903748, 0.3585025380596922, 0.33851522841565623, 0.33756345176594027, 0.35247461927815754, 0.3604060913591242, 0.3705583756227615, 0.3781725888204895, 0.3826142131858308, 0.38483502536850145, 0.3861040609014561, 0.28045685278298044, 0.2680837563366725, 0.2642766497378085]}
