{"best_test_loss": 0.042262274703472276, "epoch_time_hist": [5.971978425979614, 5.544999837875366, 5.54682993888855, 5.456810712814331, 5.564438104629517, 5.4877283573150635, 5.57614541053772, 5.599184274673462, 5.597895860671997, 5.61150336265564, 5.563368320465088, 5.588131666183472, 5.6293253898620605, 5.575477123260498, 5.560320138931274, 5.612828731536865, 5.570924520492554, 5.565922021865845, 5.6351213455200195, 5.581820249557495, 5.609099626541138, 5.564373731613159, 5.6260764598846436, 5.625427007675171, 5.603904724121094], "time_till_best_val_loss": 117.44985342025757, "val_loss_hist": [0.3803934010031601, 0.051395939115714634, 0.045685279186367854, 0.06408629452070157, 0.06440355339060151, 0.10945431471733966, 0.11960659898097695, 0.08788071065711038, 0.06154822334830114, 0.059010152282391815, 0.051713197967902504, 0.04980964466847051, 0.055203045683527824, 0.05964467004886914, 0.05012690355170917, 0.03585025380596922, 0.0345812183591783, 0.03711928933892388, 0.037753807105401216, 0.037436548222162545, 0.037119289425087625, 0.0314086294406279, 0.03362944162329856, 0.03204314716261356, 0.034898477242416966, 0.035215736039491886]}
