{"best_test_loss": 0.0612181479974415, "epoch_time_hist": [0.9279062747955322, 1.0930907726287842, 1.2265920639038086, 1.2592592239379883, 1.2699551582336426, 1.1950898170471191, 1.2425854206085205, 1.2412102222442627, 1.32723069190979, 1.3184053897857666, 1.391385793685913, 1.4212822914123535, 1.462794303894043, 1.459061622619629, 1.4035849571228027, 1.4152255058288574, 1.5159969329833984, 1.4762623310089111, 1.4976308345794678, 1.5232656002044678, 1.5071921348571777, 1.560866117477417, 1.582599401473999, 1.5640621185302734, 1.537590742111206], "time_till_best_val_loss": 9.455688953399658, "val_loss_hist": [0.43020304567163065, 0.33724619306519465, 0.16941624364944746, 0.15291878180936475, 0.12817258872873447, 0.10406091370228233, 0.07106598984546111, 0.06757614212983579, 0.0618654822315398, 0.08788071065711038, 0.07106598984546111, 0.07741116751023443, 0.07899746192642775, 0.08058375666424464, 0.0831218274085304, 0.08439086286765886, 0.06503807123568753, 0.07360406081845743, 0.07931472073202667, 0.08058375634262108, 0.07487309650642668, 0.06821065989631311, 0.06789340092460325, 0.06852791877955178, 0.07455583756108643, 0.06916243654602912]}
