{"best_test_loss": 0.21255438159687526, "epoch_time_hist": [9.44108510017395, 8.537349939346313, 9.897307395935059, 9.224105596542358, 8.666792631149292, 9.243215322494507, 9.779128789901733, 9.36972188949585, 10.190722227096558, 9.175736904144287, 9.38265061378479, 9.506695985794067, 9.984053611755371, 9.70140266418457, 9.174149751663208, 8.739248514175415, 8.529127836227417, 7.726572751998901, 7.142306566238403, 6.52339506149292, 6.970766544342041, 7.432137489318848, 7.669405937194824, 7.907204627990723, 7.891286849975586], "time_till_best_val_loss": 102.9078164100647, "val_loss_hist": [0.3899111675003201, 0.39244923856622943, 0.3540609136943509, 0.3537436548111122, 0.3572335025267375, 0.3724619289221935, 0.37087563450600014, 0.37436548222162547, 0.318845177654859, 0.25888324875169866, 0.21224619288666732, 0.20812182740456467, 0.2582487309562738, 0.2420685279111019, 0.25666243654008053, 0.2820431471991738, 0.318845177654859, 0.35025380709548687, 0.38197969541935345, 0.3832487309523081, 0.38324873077211347, 0.3937182740991841, 0.3870558375511721, 0.3861040609014561, 0.3870558375511721, 0.38769035531764945]}
