{"best_test_loss": 0.4277553856372833, "epoch_time_hist": [1.389469861984253, 1.2673039436340332, 1.3114569187164307, 1.2931299209594727, 1.2910048961639404, 1.2236640453338623, 1.2442271709442139, 1.2586650848388672, 1.2436020374298096, 1.1522109508514404, 1.001796007156372, 0.7596187591552734, 0.6779711246490479, 0.7317690849304199, 1.013740062713623, 1.0262582302093506, 0.9711709022521973, 0.7150149345397949, 0.6952650547027588, 0.7483499050140381, 0.8980920314788818, 1.0265753269195557, 0.9714827537536621, 0.9411509037017822, 0.9653329849243164], "time_till_best_val_loss": 21.0156888961792, "val_loss_hist": [0.49262943863868713, 0.4837161600589752, 0.4689749777317047, 0.470689058303833, 0.47685980796813965, 0.5029139518737793, 0.5330819487571716, 0.553993821144104, 0.563249945640564, 0.563249945640564, 0.5862187743186951, 0.5581076145172119, 0.5505656599998474, 0.5505656599998474, 0.5502228140830994, 0.41103875637054443, 0.41343846917152405, 0.4103530943393707, 0.4055536687374115, 0.4106959104537964, 0.390812486410141, 0.45389097929000854, 0.418923556804657, 0.4079533815383911, 0.4154953956604004, 0.4154953956604004]}
