{"best_test_loss": 0.1629704385995865, "epoch_time_hist": [4.557626247406006, 4.620328903198242, 4.340317010879517, 4.73992919921875, 4.796101808547974, 4.661638975143433, 4.575912952423096, 4.355901002883911, 5.078729867935181, 4.825262784957886, 5.062299013137817, 5.177732944488525, 5.0169901847839355, 5.209900140762329, 5.193964242935181, 5.153898000717163, 5.3729188442230225, 5.5928850173950195, 5.785295248031616, 5.542390823364258, 5.7345030307769775, 5.678844928741455, 5.385752201080322, 5.539874076843262, 5.742056846618652], "time_till_best_val_loss": 51.61404776573181, "val_loss_hist": [0.5323963165283203, 0.21220433712005615, 0.19232086837291718, 0.15186835825443268, 0.1607816368341446, 0.19609187543392181, 0.1326705515384674, 0.15358245372772217, 0.14741171896457672, 0.1450120061635971, 0.14741171896457672, 0.12101474404335022, 0.13952690362930298, 0.12787111103534698, 0.17586560547351837, 0.17243742942810059, 0.13644154369831085, 0.13712719082832336, 0.13164210319519043, 0.13369899988174438, 0.1261570155620575, 0.13232773542404175, 0.1789509803056717, 0.14809735119342804, 0.12512855231761932, 0.12341447174549103]}
