{"best_test_loss": 0.4721944721787481, "epoch_time_hist": [2.7843642234802246, 2.3736133575439453, 2.403651475906372, 2.3644158840179443, 2.5285708904266357, 2.5943763256073, 2.555387496948242, 2.5451786518096924, 2.5831711292266846, 2.672574758529663, 2.572066307067871, 2.56911563873291, 2.7976577281951904, 2.745821237564087, 2.422138214111328, 2.2326717376708984, 2.1162736415863037, 2.0873117446899414, 1.996046543121338, 1.9836068153381348, 1.8937973976135254, 1.8670320510864258, 1.813328504562378, 1.8581361770629883, 1.8528764247894287], "time_till_best_val_loss": 27.977370500564575, "val_loss_hist": [0.4917419756780386, 0.49766282329393385, 0.48987223432565064, 0.4767840448589348, 0.4668120909795322, 0.4615144904810996, 0.48613275162087466, 0.483639763151024, 0.5197880959638583, 0.5017139295574412, 0.45029604236677173, 0.4334683701952799, 0.4344032408714739, 0.5038952943842437, 0.4752259270652781, 0.47242131503669615, 0.4677469616557262, 0.4833281395922927, 0.457151760658861, 0.4490495481318464, 0.47584917418274075, 0.47460267994781546, 0.4693050794493828, 0.4693050794493828, 0.4693050794493828, 0.4693050794493828]}
