{"best_test_loss": 0.11355311354933223, "epoch_time_hist": [4.0799400806427, 3.7884528636932373, 3.7152483463287354, 3.716752052307129, 3.7713394165039062, 3.698549509048462, 3.69439697265625, 3.759326219558716, 3.7019927501678467, 3.690429925918579, 3.750216007232666, 3.713507890701294, 3.719172716140747, 3.7801425457000732, 3.717966318130493, 3.725816249847412, 3.782992362976074, 3.7174715995788574, 3.74031138420105, 3.769258975982666, 3.7004804611206055, 3.720557928085327, 3.774507522583008, 3.683401107788086, 3.6978871822357178], "time_till_best_val_loss": 33.92599821090698, "val_loss_hist": [0.45434714863027903, 0.13836086007671047, 0.12059831722902467, 0.1458398254862624, 0.12496104705126329, 0.13306325957827786, 0.12994702399096458, 0.13399813025447185, 0.11810532875917404, 0.11436584605439808, 0.13306325957827786, 0.13617949516559116, 0.11436584605439808, 0.120909940787756, 0.12402617637506931, 0.1280772826385766, 0.12340292925760664, 0.12277968214014398, 0.11966344655283069, 0.13493300093066585, 0.13306325957827786, 0.1302586475496959, 0.1271424119623826, 0.12589591777819376, 0.12277968214014398, 0.12371455281633797]}
