{"best_test_loss": 0.1428571428523857, "epoch_time_hist": [0.9331138134002686, 1.0000426769256592, 1.014430284500122, 1.0622832775115967, 1.1131062507629395, 1.1489777565002441, 1.172379970550537, 1.1934077739715576, 1.2292418479919434, 1.221146821975708, 1.1653578281402588, 1.1459770202636719, 1.1907753944396973, 1.2238938808441162, 1.2255244255065918, 1.2072944641113281, 1.1648943424224854, 1.2050833702087402, 1.3136637210845947, 1.3027677536010742, 1.24613356590271, 1.2222270965576172, 1.1870503425598145, 1.2108969688415527, 1.1406707763671875], "time_till_best_val_loss": 12.253488302230835, "val_loss_hist": [0.610158927995944, 0.34559052663304485, 0.270177625420063, 0.24213150510059672, 0.2383920224294674, 0.1885322530324546, 0.2062947958801404, 0.182299781857828, 0.1636023683339482, 0.18043004050544, 0.17263945153715676, 0.13804923651797915, 0.16734185103872418, 0.15768152071805294, 0.1698348395085748, 0.16516048612760487, 0.17544406356573874, 0.16453723907166204, 0.21720162043573696, 0.17731380491812673, 0.2200062324643189, 0.17357432221335076, 0.19975070114678248, 0.2031785602928271, 0.1885322530324546, 0.1847927702730901]}
