{"best_test_loss": 0.3070263070160831, "epoch_time_hist": [3.171210527420044, 2.8532819747924805, 2.7416186332702637, 2.764493227005005, 2.7421884536743164, 2.765857696533203, 2.727029800415039, 2.6768548488616943, 2.628952980041504, 2.6423373222351074, 2.6458652019500732, 2.697751522064209, 2.5869574546813965, 2.6134166717529297, 2.640526294708252, 2.5479202270507812, 2.475226402282715, 2.523465156555176, 2.505012273788452, 2.5479280948638916, 2.4972262382507324, 2.5115749835968018, 2.5405402183532715, 2.628446578979492, 2.559211492538452], "time_till_best_val_loss": 19.76568031311035, "val_loss_hist": [0.5010906824399785, 0.41695232158251944, 0.40916173261423616, 0.3166095356710312, 0.27267061388991365, 0.272047366772451, 0.2605172950993918, 0.2489872234263326, 0.26176378933431715, 0.29012153317886813, 0.29261452164871876, 0.29947023994080807, 0.29635400435349474, 0.29635400435349474, 0.2838890620042416, 0.2760984730359583, 0.26737301339148106, 0.27454035524230164, 0.27672172015342095, 0.27734496727088365, 0.27672172015342095, 0.27485197880103296, 0.27360548456610767, 0.27329386100737635, 0.2723589903311823, 0.26830788406767503]}
