{"best_test_loss": 0.2971218961541444, "epoch_time_hist": [36.3274405002594, 36.82731342315674, 34.83392596244812, 33.68395781517029, 35.94514322280884, 35.059574365615845, 34.46340036392212, 35.830286502838135, 37.11846947669983, 35.98273801803589, 34.19938325881958, 31.41386580467224, 33.54836392402649, 39.43106651306152, 36.29146361351013, 39.334110498428345, 32.53431510925293, 35.86972641944885, 30.383696794509888, 29.778353691101074, 27.503154754638672, 27.84004521369934, 37.65190410614014, 40.533512592315674, 38.42273569107056], "time_till_best_val_loss": 421.685498714447, "val_loss_hist": [0.35677821893486167, 0.34628474190736575, 0.34883720929243234, 0.3959160521725492, 0.4290981281784147, 0.4339194554613182, 0.4446965399760438, 0.4279636982045317, 0.42512762231549794, 0.35394214406256547, 0.3502552467285804, 0.32359614292899613, 0.3096993760547448, 0.3301191151352774, 0.33465683493095133, 0.3607487237368304, 0.35649461144763206, 0.3471355643690546, 0.35479296652425435, 0.3159387409672545, 0.33323879749480323, 0.34203062959892144, 0.33947816221385485, 0.33380601246926245, 0.33380601246926245, 0.33380601246926245]}
