{"best_test_loss": 0.11032731376663862, "epoch_time_hist": [87.39706683158875, 87.74890494346619, 87.79227495193481, 87.92445945739746, 87.86084794998169, 87.78971767425537, 87.87898588180542, 88.00801968574524, 88.03951168060303, 88.53448271751404, 87.99687695503235, 87.4039397239685, 87.47305488586426, 87.54798102378845, 88.14885783195496, 88.17426085472107, 88.27161359786987, 88.29181861877441, 88.16668939590454, 88.00704550743103, 88.10436010360718], "time_till_best_val_loss": 262.93824672698975, "val_loss_hist": [0.40584231422558587, 0.23312535450274743, 0.12847419171501775, 0.10635280771110742, 0.11514463981522563, 0.11401020986630715, 0.12110039704704764, 0.13301191151069167, 0.12989222915116586, 0.13868406125528407, 0.14463981848710608, 0.14378899602541723, 0.14010209869143217, 0.1537152580784539, 0.14237095858926913, 0.13783323879359521, 0.13414634145961016, 0.12875779920224736, 0.1262053318171808, 0.12989222915116586, 0.13272830402346206, 0.12563811684272155]}
