{"best_test_loss": 0.1012979683944329, "epoch_time_hist": [1.2199089527130127, 1.3092243671417236, 1.1066017150878906, 1.283867597579956, 1.5325582027435303, 1.6236228942871094, 1.722933292388916, 1.6603751182556152, 1.6159703731536865, 1.5237009525299072, 1.5086936950683594, 1.4964985847473145, 1.5054295063018799, 1.3589117527008057, 1.5413060188293457, 1.4917142391204834, 1.4803767204284668, 1.3650217056274414, 1.3436360359191895, 1.388113260269165, 1.5002827644348145, 1.4977734088897705, 1.350332498550415, 1.3319988250732422, 1.3447556495666504], "time_till_best_val_loss": 17.60395574569702, "val_loss_hist": [0.3703913783218834, 0.3794668175955194, 0.36216676119222446, 0.26176971071293903, 0.20561542824147433, 0.16591038002932756, 0.15144639818061695, 0.14577424843602457, 0.14378899602541723, 0.1366987975912884, 0.13471355643406938, 0.11117413490964494, 0.09557572261988653, 0.11514463981522563, 0.15853658536135745, 0.1837776517247936, 0.183494044237564, 0.19001701644384525, 0.1897334089566156, 0.1911514463927637, 0.2107203630116075, 0.2107203630116075, 0.2107203630116075, 0.21015314803714824, 0.21015314803714824, 0.21015314803714824]}
