{"best_test_loss": 0.30248306996889157, "epoch_time_hist": [40.508026361465454, 42.5088894367218, 43.18713998794556, 44.1760892868042, 44.169432640075684, 43.71388554573059, 40.94889307022095, 40.68145227432251, 40.873290061950684, 41.69099569320679, 39.86934781074524, 38.00144863128662, 39.528324365615845, 43.941351652145386, 42.833526849746704, 39.705050468444824, 38.18172597885132, 38.09066891670227, 39.95144748687744, 44.18670654296875, 43.53998899459839, 42.024574995040894, 42.33988833427429, 41.74399256706238, 42.63084006309509], "time_till_best_val_loss": 380.7670986652374, "val_loss_hist": [0.41208167894463754, 0.4849688031626498, 0.4750425411096131, 0.39109472488964564, 0.33777651743155096, 0.34486670447121764, 0.34089619965000295, 0.34826999431797306, 0.33210436754588474, 0.3204764605694703, 0.3584798638582394, 0.426545660791949, 0.4381735677697625, 0.4234259784338223, 0.36727169565439777, 0.34089619965000295, 0.34600113442013614, 0.34344866703506954, 0.32955190016081815, 0.37833238601543256, 0.4415768571293385, 0.4424276764546126, 0.44526375404234225, 0.45320476223730843, 0.44753260910387815, 0.4393079968938659]}
