{"best_test_loss": 0.5869938783425859, "epoch_time_hist": [2.121157169342041, 1.8131005764007568, 1.7328617572784424, 1.85809326171875, 1.6771166324615479, 1.7657771110534668, 1.8207502365112305, 1.6989350318908691, 1.745697021484375, 1.7599966526031494, 1.7984564304351807, 1.7013683319091797, 1.7849817276000977, 1.6332204341888428, 1.8668663501739502, 1.7803325653076172, 1.7354602813720703, 1.7939574718475342, 1.732184648513794, 1.7305402755737305, 1.7508292198181152, 1.7463655471801758, 1.7371466159820557, 1.6499111652374268, 1.7753477096557617, 1.8300092220306396, 1.7924377918243408, 1.758958339691162, 1.8547420501708984, 1.6935234069824219, 1.71720290184021, 1.8281054496765137, 1.631568193435669, 1.7503585815429688, 1.7549560070037842, 1.809772253036499, 1.7180562019348145, 1.731342077255249, 1.7638096809387207, 1.6950905323028564, 1.8360106945037842, 1.6583452224731445, 1.8116576671600342, 1.7043261528015137, 1.7754151821136475, 1.7927653789520264, 1.7364859580993652, 1.8030242919921875, 1.8025462627410889, 1.8255395889282227, 1.8358604907989502, 1.7167980670928955, 1.8625023365020752, 1.7788810729980469, 1.8363010883331299, 1.7861886024475098, 1.8101162910461426, 1.7417404651641846, 1.7846128940582275, 1.7799139022827148, 1.8159582614898682, 1.77728271484375, 1.7535085678100586, 1.781843900680542, 1.7546072006225586, 1.7997901439666748, 1.754075527191162, 1.735182285308838, 1.8956501483917236, 1.662261724472046, 1.8110425472259521, 1.8539576530456543, 1.7752635478973389, 1.7923693656921387, 1.7359285354614258, 1.8641395568847656, 1.7598886489868164, 1.812129259109497, 1.8044967651367188, 1.8300704956054688, 1.8294739723205566, 1.6916754245758057, 1.8459692001342773, 1.7185523509979248, 1.8472707271575928, 1.707216501235962, 1.800508975982666, 1.7143797874450684, 1.7732343673706055, 1.8171827793121338, 1.8373029232025146, 1.949375867843628, 1.767714023590088, 1.9271044731140137, 1.7005419731140137, 1.7461402416229248, 1.7803685665130615, 1.801727294921875, 1.855910062789917, 1.8232641220092773], "time_till_best_val_loss": 32.0881290435791, "val_acc_hist": [0.02, 0.0, 0.0, 0.0, 0.0, 0.0, 0.0, 0.0, 0.0, 0.0, 0.0, 0.005, 0.005, 0.01, 0.01, 0.01, 0.01, 0.01, 0.01, 0.01, 0.01, 0.005, 0.005, 0.005, 0.005, 0.005, 0.005, 0.005, 0.005, 0.005, 0.005, 0.005, 0.005, 0.005, 0.005, 0.005, 0.005, 0.005, 0.005, 0.005, 0.005, 0.005, 0.005, 0.005, 0.005, 0.005, 0.005, 0.005, 0.005, 0.005, 0.005, 0.005, 0.005, 0.005, 0.005, 0.005, 0.005, 0.005, 0.005, 0.005, 0.005, 0.005, 0.005, 0.005, 0.005, 0.005, 0.005, 0.005, 0.005, 0.005, 0.005, 0.005, 0.005, 0.005, 0.005, 0.005, 0.005, 0.005, 0.005, 0.005, 0.005, 0.005, 0.005, 0.005, 0.005, 0.005, 0.005, 0.005, 0.005, 0.005, 0.005, 0.005, 0.005, 0.005, 0.005, 0.005, 0.005, 0.005, 0.005, 0.005, 0.005], "val_loss_hist": [0.6824093180501966, 0.6330415980574501, 0.5957303731452138, 0.576575199357923, 0.5756910548306688, 0.5835447947058388, 0.5873967135605873, 0.5668123538794759, 0.5697130788711813, 0.5790450969162958, 0.5718865339274258, 0.5673714879720714, 0.5740723027357881, 0.5743167140454801, 0.5773426918185016, 0.5876979418232837, 0.592349273559434, 0.5820319672025454, 0.5520034400207733, 0.552983760797023, 0.5674595420238028, 0.5737519028380829, 0.5781670334058754, 0.5915693877519849, 0.5825983495635093, 0.5898225353220315, 0.5922368069664903, 0.5808789114612909, 0.5835926115474728, 0.5624073680399136, 0.5610613739228972, 0.5636901701552368, 0.5636901701552368, 0.5645205629704325, 0.5657037342900288, 0.5658761147092486, 0.5635035099330761, 0.5629972677554995, 0.5613876748772955, 0.5609546236278018, 0.5593403022807226, 0.5593403022807226, 0.5593403022807226, 0.5593403022807226, 0.5593403022807226, 0.5593403022807226, 0.5593403022807226, 0.5593403022807226, 0.5593403022807226, 0.5593403022807226, 0.5593403022807226, 0.5593403022807226, 0.5593403022807226, 0.5593403022807226, 0.5593403022807226, 0.5593403022807226, 0.5593403022807226, 0.5593403022807226, 0.5593403022807226, 0.5593403022807226, 0.5593403022807226, 0.5593403022807226, 0.5593403022807226, 0.5593403022807226, 0.5593403022807226, 0.5593403022807226, 0.5593403022807226, 0.5593403022807226, 0.5593403022807226, 0.5593403022807226, 0.5593403022807226, 0.5593403022807226, 0.5593403022807226, 0.5593403022807226, 0.5593403022807226, 0.5593403022807226, 0.5593403022807226, 0.5593403022807226, 0.5593403022807226, 0.5593403022807226, 0.5593403022807226, 0.5593403022807226, 0.5593403022807226, 0.5593403022807226, 0.5593403022807226, 0.5593403022807226, 0.5593403022807226, 0.5593403022807226, 0.5593403022807226, 0.5593403022807226, 0.5593403022807226, 0.5593403022807226, 0.5593403022807226, 0.5593403022807226, 0.5593403022807226, 0.5593403022807226, 0.5593403022807226, 0.5593403022807226, 0.5593403022807226, 0.5593403022807226, 0.5593403022807226]}
