{"best_test_loss": 0.08086297938394034, "epoch_time_hist": [4.705030202865601, 4.3394646644592285, 4.338378429412842, 4.39119291305542, 4.3489744663238525, 4.398009538650513, 4.340790510177612, 4.414952039718628, 4.331352949142456, 4.3840203285217285, 4.31959867477417, 4.346766233444214, 4.401589393615723, 4.371048212051392, 4.41363263130188, 4.34870719909668, 4.400088548660278, 4.353931188583374, 4.350129127502441, 4.395952463150024, 4.349730968475342, 4.401962757110596, 4.347384452819824, 4.415668964385986, 4.361770153045654, 4.352473020553589, 4.4068827629089355, 4.354348182678223, 4.408501863479614, 4.346509695053101, 4.4087233543396, 4.351989507675171, 4.4045538902282715, 4.341872930526733, 4.412824869155884, 4.34371280670166, 4.316442012786865, 4.43067193031311, 4.323932886123657, 4.4120543003082275, 4.363682270050049, 4.4143171310424805, 4.364911079406738, 4.412499189376831, 4.34156060218811, 4.333248138427734, 4.41187858581543, 4.343483924865723, 4.4042370319366455, 4.3345043659210205, 4.353343963623047, 4.413759708404541, 4.353797435760498, 4.409022808074951, 4.350672483444214, 4.409339427947998, 4.3457863330841064, 4.400543928146362, 4.341853857040405, 4.3328938484191895, 4.414743661880493, 4.349175214767456, 4.419981479644775, 4.322164297103882, 4.401808023452759, 4.326559066772461, 4.340919494628906, 4.341335296630859, 4.341002702713013, 4.397549152374268, 4.299611568450928, 4.420520544052124, 4.309900522232056, 4.422193765640259, 4.354068994522095, 4.411970376968384, 4.351478576660156, 4.356464147567749, 4.432743072509766, 4.345047235488892, 4.407660722732544, 4.352153539657593, 4.336984395980835, 4.407663106918335, 4.35162878036499, 4.401035308837891, 4.350825309753418, 4.407831192016602, 4.339470386505127, 4.350853204727173, 4.405643701553345, 4.358753681182861, 4.403913974761963, 4.348284006118774, 4.395592451095581, 4.330723762512207, 4.402985572814941, 4.355310678482056, 4.32595682144165, 4.390413999557495], "time_till_best_val_loss": 22.123040676116943, "val_acc_hist": [0.015, 0.205, 0.23, 0.325, 0.37, 0.375, 0.375, 0.345, 0.34, 0.39, 0.375, 0.375, 0.345, 0.38, 0.385, 0.345, 0.37, 0.37, 0.37, 0.365, 0.365, 0.37, 0.37, 0.36, 0.365, 0.36, 0.36, 0.365, 0.365, 0.365, 0.365, 0.36, 0.36, 0.355, 0.355, 0.355, 0.355, 0.355, 0.355, 0.355, 0.355, 0.355, 0.355, 0.355, 0.355, 0.355, 0.355, 0.355, 0.355, 0.355, 0.355, 0.355, 0.355, 0.355, 0.355, 0.355, 0.355, 0.355, 0.355, 0.355, 0.355, 0.355, 0.355, 0.355, 0.355, 0.355, 0.355, 0.355, 0.355, 0.355, 0.355, 0.355, 0.355, 0.355, 0.355, 0.355, 0.355, 0.355, 0.355, 0.355, 0.355, 0.355, 0.355, 0.355, 0.355, 0.355, 0.355, 0.355, 0.355, 0.355, 0.355, 0.355, 0.355, 0.355, 0.355, 0.355, 0.355, 0.355, 0.355, 0.355, 0.355], "val_loss_hist": [0.6748864810126487, 0.1479362340370171, 0.12187381333293604, 0.09245519123138889, 0.0789042157241947, 0.07330586894311385, 0.08187834021175686, 0.08379740082703271, 0.08610116472580989, 0.07527483195729281, 0.07670954716790704, 0.07784568028205192, 0.08363295290827615, 0.0807262559557728, 0.07942842053023876, 0.0846549207433427, 0.08348143832368063, 0.08348143832368063, 0.08328014272426883, 0.08109675436321445, 0.08109782846458084, 0.08109681681048632, 0.08109574270911993, 0.08290530457600168, 0.08260620034116647, 0.08267206926444591, 0.08267206926444591, 0.08227118059836278, 0.08227118059836278, 0.08227118059836278, 0.08227118059836278, 0.08257028483319798, 0.08257028483319798, 0.08297117349928111, 0.08297117349928111, 0.08297117349928111, 0.08297117349928111, 0.08297117349928111, 0.08297117349928111, 0.08297117349928111, 0.08297117349928111, 0.08297117349928111, 0.08297117349928111, 0.08297117349928111, 0.08297117349928111, 0.08297117349928111, 0.08297117349928111, 0.08297117349928111, 0.08297117349928111, 0.08297117349928111, 0.08297117349928111, 0.08297117349928111, 0.08297117349928111, 0.08297117349928111, 0.08297117349928111, 0.08297117349928111, 0.08297117349928111, 0.08297117349928111, 0.08297117349928111, 0.08297117349928111, 0.08297117349928111, 0.08297117349928111, 0.08297117349928111, 0.08297117349928111, 0.08297117349928111, 0.08297117349928111, 0.08297117349928111, 0.08297117349928111, 0.08297117349928111, 0.08297117349928111, 0.08297117349928111, 0.08297117349928111, 0.08297117349928111, 0.08297117349928111, 0.08297117349928111, 0.08297117349928111, 0.08297117349928111, 0.08297117349928111, 0.08297117349928111, 0.08297117349928111, 0.08297117349928111, 0.08297117349928111, 0.08297117349928111, 0.08297117349928111, 0.08297117349928111, 0.08297117349928111, 0.08297117349928111, 0.08297117349928111, 0.08297117349928111, 0.08297117349928111, 0.08297117349928111, 0.08297117349928111, 0.08297117349928111, 0.08297117349928111, 0.08297117349928111, 0.08297117349928111, 0.08297117349928111, 0.08297117349928111, 0.08297117349928111, 0.08297117349928111, 0.08297117349928111]}
