{"best_test_loss": 0.07880910422788277, "epoch_time_hist": [0.7891039848327637, 0.9191398620605469, 0.9718921184539795, 0.9730720520019531, 1.0275280475616455, 1.0619943141937256, 1.048600673675537, 1.1143956184387207, 1.1132500171661377, 1.1024391651153564, 1.180177927017212, 1.1890122890472412, 1.2048907279968262, 1.155229091644287, 1.2371883392333984, 1.1997411251068115, 1.2185087203979492, 1.1967239379882812, 1.1741001605987549, 1.203796148300171, 1.1853759288787842, 1.2294223308563232, 1.2515268325805664, 1.2330777645111084, 1.2228052616119385, 1.2357029914855957, 1.3096065521240234, 1.2702758312225342, 1.2587025165557861, 1.2686665058135986, 1.2058379650115967, 1.2261943817138672, 1.2863759994506836, 1.3431789875030518, 1.2904703617095947, 1.251725673675537, 1.2898056507110596, 1.2392914295196533, 1.2571732997894287, 1.2726707458496094, 1.3064568042755127, 1.2444140911102295, 1.2611889839172363, 1.3435108661651611, 1.3267154693603516, 1.2475042343139648, 1.2622113227844238, 1.247913122177124, 1.388207197189331, 1.279836654663086, 1.2644081115722656, 1.2491285800933838, 1.2684800624847412, 1.3105692863464355, 1.316589593887329, 1.2314302921295166, 1.2385954856872559, 1.3102974891662598, 1.2962994575500488, 1.3018286228179932, 1.3381881713867188, 1.375838041305542, 1.3557803630828857, 1.3403680324554443, 1.3959639072418213, 1.3715031147003174, 1.3548243045806885, 1.330693006515503, 1.3641059398651123, 1.32688307762146, 1.3099865913391113, 1.3077003955841064, 1.3412411212921143, 1.3746044635772705, 1.2662217617034912, 1.3052265644073486, 1.3254785537719727, 1.371544361114502, 1.3825342655181885, 1.3629047870635986, 1.359206199645996, 1.4200594425201416, 1.3808655738830566, 1.3175368309020996, 1.3287556171417236, 1.3519563674926758, 1.3291785717010498, 1.376082181930542, 1.442610263824463, 1.382354497909546, 1.3293259143829346, 1.3372764587402344, 1.323526382446289, 1.322566270828247, 1.3439130783081055, 1.3414652347564697, 1.3499741554260254, 1.348999261856079, 1.370917797088623, 1.3420042991638184], "time_till_best_val_loss": 109.29340648651123, "val_acc_hist": [0.02, 0.05, 0.16, 0.15, 0.22, 0.195, 0.24, 0.22, 0.245, 0.245, 0.265, 0.235, 0.27, 0.285, 0.27, 0.28, 0.31, 0.25, 0.255, 0.315, 0.285, 0.255, 0.26, 0.28, 0.305, 0.29, 0.32, 0.295, 0.265, 0.265, 0.31, 0.31, 0.24, 0.35, 0.31, 0.29, 0.24, 0.295, 0.295, 0.355, 0.25, 0.265, 0.34, 0.26, 0.25, 0.34, 0.33, 0.27, 0.275, 0.265, 0.245, 0.25, 0.25, 0.27, 0.29, 0.355, 0.36, 0.325, 0.325, 0.32, 0.35, 0.355, 0.355, 0.375, 0.355, 0.345, 0.355, 0.355, 0.36, 0.365, 0.365, 0.355, 0.345, 0.35, 0.355, 0.355, 0.355, 0.355, 0.36, 0.355, 0.36, 0.36, 0.365, 0.365, 0.365, 0.365, 0.365, 0.37, 0.365, 0.365, 0.35, 0.35, 0.35, 0.35, 0.35, 0.35, 0.35, 0.35, 0.35, 0.35, 0.35], "val_loss_hist": [0.568055827705469, 0.4031501655703796, 0.26738509948558964, 0.1657736798988868, 0.17821868475042224, 0.2065631885612269, 0.17504885389732935, 0.18247917554061094, 0.22208843457673047, 0.20098403751683808, 0.1381616838985768, 0.17175773811164036, 0.1362831406518242, 0.1497350039367949, 0.16138818843971825, 0.13515591115358416, 0.14587398792338221, 0.19377171291020348, 0.14330549777136944, 0.11030628248247588, 0.11826856862646092, 0.12864660682056955, 0.11361511899473839, 0.10447041186994804, 0.11130970791056113, 0.10439280247159494, 0.1180522366448646, 0.10899085672862192, 0.11984028436503319, 0.13928748199570554, 0.13021119340342605, 0.12310730634507218, 0.13153199505933447, 0.09721139829780513, 0.11232710008137183, 0.11279336478833507, 0.12493797968011357, 0.12750956486985648, 0.10122868567438603, 0.09525100524744151, 0.11614327938883308, 0.11178176062066501, 0.09522564060716575, 0.11642575460353209, 0.1115972518921285, 0.10730957726193227, 0.1031784538476224, 0.104689817616359, 0.10524983161955195, 0.12578685033060938, 0.11948472852378667, 0.10759527501648809, 0.11398457429452112, 0.11941519895821874, 0.09694410086092489, 0.09225466828742922, 0.09834720376196461, 0.09302752751963586, 0.09499558055731966, 0.09122527773630694, 0.082045873557882, 0.0834877840911433, 0.0909402550387289, 0.08620694072791713, 0.08415702823416117, 0.08712389668889763, 0.08608867911480506, 0.08213097988088872, 0.08485312580773588, 0.08230429137432005, 0.08871704531358243, 0.08616970543841336, 0.08680691705850618, 0.08591389343284464, 0.08283846116154221, 0.08442408630321813, 0.08423016581884357, 0.08307746472635623, 0.0828032741808985, 0.08350344023154166, 0.08320992450938941, 0.08313322696387716, 0.08315619037293229, 0.08315619037293229, 0.08236873837860795, 0.08236873837860795, 0.08145444797491895, 0.08142968743472954, 0.0816338602460771, 0.0816338602460771, 0.08402247932770103, 0.0834356832679523, 0.08339937903970648, 0.0841778759543095, 0.0841778759543095, 0.08483465447261025, 0.08483465447261025, 0.08483465447261025, 0.08483465447261025, 0.08483465447261025, 0.08483465447261025]}
