{"best_test_loss": 0.082151782004846, "epoch_time_hist": [2.0934598445892334, 1.7980983257293701, 1.8000001907348633, 1.7544758319854736, 1.7335197925567627, 1.7944042682647705, 1.7868142127990723, 1.8897716999053955, 1.8675174713134766, 1.7985014915466309, 1.7760460376739502, 1.7748403549194336, 1.7782881259918213, 1.8171653747558594, 1.7464580535888672, 1.768430471420288, 1.8419451713562012, 1.8130991458892822, 1.740685224533081, 1.7634165287017822, 1.7620534896850586, 1.8312733173370361, 1.7461445331573486, 1.7631618976593018, 1.8039507865905762, 1.8102703094482422, 1.8052072525024414, 1.8378393650054932, 1.851994276046753, 1.7526218891143799, 1.8642988204956055, 1.75587797164917, 1.9200413227081299, 1.723698377609253, 1.7637689113616943, 1.7935843467712402, 1.7649970054626465, 1.8363354206085205, 1.7160303592681885, 1.8538751602172852, 1.6903715133666992, 1.7796580791473389, 1.826176643371582, 1.788567066192627, 1.8292813301086426, 1.7453196048736572, 1.8173744678497314, 1.7362799644470215, 1.766892910003662, 1.8294909000396729, 1.7789554595947266, 1.8629097938537598, 1.8139915466308594, 1.7540409564971924, 1.739363193511963, 1.7764263153076172, 1.7242839336395264, 1.8465213775634766, 1.8194396495819092, 1.7813456058502197, 1.8015494346618652, 1.792250394821167, 1.7367782592773438, 1.7114031314849854, 1.7602763175964355, 1.760864019393921, 1.7205257415771484, 1.7832677364349365, 1.868833065032959, 1.7300045490264893, 1.793076992034912, 1.7438859939575195, 1.843752145767212, 1.7673146724700928, 1.7942745685577393, 1.7731776237487793, 1.737170696258545, 1.9021849632263184, 1.7489006519317627, 1.7455978393554688, 1.7719457149505615, 1.7520873546600342, 1.7712669372558594, 1.7535970211029053, 1.723679780960083, 1.7415187358856201, 1.8359601497650146, 1.7313015460968018, 1.7903921604156494, 1.791452407836914, 1.7167117595672607, 1.767087697982788, 1.780031442642212, 1.8405492305755615, 1.7613611221313477, 1.8091893196105957, 1.7173967361450195, 1.8455796241760254, 1.7573564052581787, 1.8576629161834717], "time_till_best_val_loss": 54.101454734802246, "val_acc_hist": [0.01, 0.06, 0.065, 0.09, 0.14, 0.17, 0.18, 0.2, 0.195, 0.22, 0.245, 0.25, 0.26, 0.255, 0.265, 0.295, 0.31, 0.315, 0.3, 0.29, 0.29, 0.305, 0.305, 0.31, 0.325, 0.31, 0.31, 0.31, 0.325, 0.355, 0.35, 0.345, 0.325, 0.34, 0.315, 0.33, 0.33, 0.32, 0.32, 0.35, 0.34, 0.345, 0.34, 0.34, 0.345, 0.345, 0.34, 0.33, 0.335, 0.34, 0.34, 0.345, 0.35, 0.35, 0.35, 0.35, 0.35, 0.35, 0.355, 0.355, 0.355, 0.355, 0.355, 0.355, 0.355, 0.355, 0.355, 0.355, 0.355, 0.355, 0.355, 0.355, 0.355, 0.355, 0.355, 0.355, 0.355, 0.355, 0.355, 0.355, 0.355, 0.355, 0.355, 0.355, 0.355, 0.355, 0.355, 0.355, 0.355, 0.355, 0.355, 0.355, 0.355, 0.355, 0.355, 0.355, 0.355, 0.355, 0.355, 0.355, 0.355], "val_loss_hist": [0.6079719656533505, 0.3912342039973633, 0.3130031924635313, 0.26503501654250183, 0.21210975475245236, 0.17277107883207016, 0.15526141134540367, 0.14633277603590067, 0.14277008252131648, 0.13761809749463486, 0.130622314213298, 0.12675257907468326, 0.11456262640391966, 0.11449699336909552, 0.10864503294196529, 0.10332838218757258, 0.10069533187214677, 0.10321547697599161, 0.10614185335562974, 0.10640279065937679, 0.11077759202690875, 0.10771171947720312, 0.10392257038613152, 0.09995085165289247, 0.09163360263564796, 0.09812277048586719, 0.09542920880157374, 0.09511940545057218, 0.08680978958378768, 0.08347590302356574, 0.07968439812574393, 0.08102627931113097, 0.08177661121204845, 0.0842720619588273, 0.08745693776719748, 0.08870245409166151, 0.08847880016679179, 0.09466339219750154, 0.08990264308690275, 0.08828252337824437, 0.08896040082291737, 0.08842018627112971, 0.08787756428814933, 0.08787756428814933, 0.08679633228478688, 0.08679633228478688, 0.0872294433493574, 0.08913632814432625, 0.08886995610404413, 0.08899674499005893, 0.08899674499005893, 0.08848902185045535, 0.08864800021049873, 0.08864800021049873, 0.08864800021049873, 0.08864800021049873, 0.08864800021049873, 0.08864800021049873, 0.08705745426836095, 0.08705745426836095, 0.08705745426836095, 0.08705745426836095, 0.08705745426836095, 0.08705745426836095, 0.08705745426836095, 0.08705745426836095, 0.08705745426836095, 0.08705745426836095, 0.08705745426836095, 0.08705745426836095, 0.08705745426836095, 0.08705745426836095, 0.08705745426836095, 0.08705745426836095, 0.08705745426836095, 0.08705745426836095, 0.08705745426836095, 0.08705745426836095, 0.08705745426836095, 0.08705745426836095, 0.08705745426836095, 0.08705745426836095, 0.08705745426836095, 0.08705745426836095, 0.08705745426836095, 0.08705745426836095, 0.08705745426836095, 0.08705745426836095, 0.08705745426836095, 0.08705745426836095, 0.08705745426836095, 0.08705745426836095, 0.08705745426836095, 0.08705745426836095, 0.08705745426836095, 0.08705745426836095, 0.08705745426836095, 0.08705745426836095, 0.08705745426836095, 0.08705745426836095, 0.08705745426836095]}
