{"best_test_loss": 0.5988494726634929, "epoch_time_hist": [32.97301411628723, 34.37117385864258, 34.313876152038574, 34.82827591896057, 32.94944715499878, 33.464611291885376, 33.13424897193909, 34.008599519729614, 36.91241431236267, 37.710702657699585, 36.38569974899292, 34.79854941368103, 33.510236501693726, 30.90193796157837, 34.67243814468384, 66.76768970489502, 49.713860750198364, 38.34675049781799, 30.864835739135742, 29.957740545272827, 29.745836973190308, 30.394102096557617, 29.29295301437378, 30.18301773071289, 30.116017818450928], "time_till_best_val_loss": 880.3180305957794, "val_loss_hist": [0.6185473645966574, 0.6283282014014069, 0.6408259373185867, 0.6417315704563206, 0.6391957979271088, 0.6294149610463791, 0.6272414417568, 0.6245245425752735, 0.6292338344388837, 0.6593008512831136, 0.6958884259971765, 0.7123709472792543, 0.7118275674567682, 0.7078427820918702, 0.7051258829794399, 0.7237819235514621, 0.6995109581470836, 0.6484332548333919, 0.631407353728828, 0.6357543923087167, 0.6348487592712398, 0.6285093280089022, 0.6223510233540599, 0.6181851113816667, 0.616373845306713, 0.6100344140443754]}
