{"best_test_loss": 0.23125599248078513, "epoch_time_hist": [73.73086881637573, 70.92381453514099, 72.28216052055359, 72.38003587722778, 72.60749411582947, 72.46068406105042, 72.63306474685669, 72.45276379585266, 71.63702011108398, 72.37402939796448, 71.22888660430908, 72.62860608100891, 72.30461621284485, 72.59628796577454, 72.38442277908325, 71.68110871315002, 72.55303692817688, 72.44310021400452, 72.15095376968384, 72.6524932384491, 72.7232825756073, 72.79972887039185, 72.63019609451294, 72.65290999412537, 72.61898398399353], "time_till_best_val_loss": 867.3394286632538, "val_loss_hist": [0.655497192525711, 0.5497192537589171, 0.4214816156417047, 0.36931715268304083, 0.30936424560207637, 0.30284368773224335, 0.2648071000981768, 0.24053613475383923, 0.2514037312035609, 0.27422568365794586, 0.2698786451680877, 0.25122260459606555, 0.22984966491161293, 0.24886795869862582, 0.28400652055272585, 0.2778482158432314, 0.27150878463554595, 0.26009780836333823, 0.24959246512860728, 0.2620902010457872, 0.27096540481305986, 0.2727766708424979, 0.23546458974396914, 0.24307190719645055, 0.2399927547610045, 0.23890599528638098]}
