{"best_test_loss": 0.510834132300847, "epoch_time_hist": [1.153726577758789, 1.1958880424499512, 1.3085248470306396, 1.3471128940582275, 1.376535415649414, 1.3128838539123535, 1.141533613204956, 0.925194263458252, 0.8100917339324951, 0.7785465717315674, 0.8286793231964111, 0.7953188419342041, 0.8287372589111328, 0.8366758823394775, 0.8769938945770264, 0.8791561126708984, 0.9280509948730469, 0.9007549285888672, 0.9554007053375244, 0.9514062404632568, 0.9403088092803955, 0.8781797885894775, 0.8305222988128662, 0.9599065780639648, 1.0137510299682617], "time_till_best_val_loss": 15.516443014144897, "val_loss_hist": [0.6806737909675662, 0.6924470204547646, 0.6728853468452657, 0.6839340695982181, 0.6899112481077726, 0.6705307009730777, 0.6542293062732435, 0.6306828472988466, 0.6103966672593114, 0.5468212280284944, 0.548089114280962, 0.5368592646162497, 0.5100525267069362, 0.5209201231566578, 0.5214635029791439, 0.5098714000994409, 0.5151240717168063, 0.5468212280284944, 0.5468212280284944, 0.5403006701586615, 0.52200688280163, 0.5098714000994409, 0.5098714000994409, 0.5232747690540975, 0.5364970114012589, 0.5296142003164351]}
