{"best_test_loss": 0.6255033556927037, "epoch_time_hist": [37.36579132080078, 38.07322311401367, 37.89161705970764, 37.69375729560852, 37.871371030807495, 37.058215856552124, 37.622756481170654, 36.58534216880798, 36.7231650352478, 36.725913286209106, 36.61215877532959, 37.42759656906128, 36.756882667541504, 36.83326315879822, 36.80754327774048, 36.35322403907776, 36.21148109436035, 36.6642587184906, 36.72335481643677, 36.6631646156311, 36.63654136657715, 36.735371351242065, 36.65339112281799, 36.85874843597412, 36.34399676322937], "time_till_best_val_loss": 75.43901443481445, "val_loss_hist": [0.6746966129202192, 0.6419126955904487, 0.620358630671611, 0.6458974823284569, 0.666545915582928, 0.6553160659182157, 0.6576707117817034, 0.6303205940838559, 0.6402825574961006, 0.626879188541444, 0.6348487592712398, 0.6305017206913512, 0.6330374931231832, 0.648976634655878, 0.6448107222566334, 0.6437239630385125, 0.6511501539458223, 0.6500633943008501, 0.6511501539458223, 0.6493388875916143, 0.6520557869832991, 0.6504256475158409, 0.6506067741233362, 0.653504799843262, 0.6504256475158409, 0.6498822676933548]}
