{"best_test_loss": 0.47198617297767725, "epoch_time_hist": [1.9870295524597168, 1.6984875202178955, 1.8424789905548096, 1.8560354709625244, 1.7793643474578857, 1.935131549835205, 1.8063781261444092, 1.8318548202514648, 1.904764175415039, 1.7525084018707275, 1.8758578300476074, 1.802826166152954, 1.8644013404846191, 1.7787508964538574, 1.8170950412750244, 1.7704224586486816, 1.7592217922210693, 1.8288459777832031, 1.746816873550415, 1.7935874462127686, 1.917351245880127, 1.7412443161010742, 1.7413945198059082, 1.8190386295318604, 1.6517212390899658, 1.8930644989013672, 1.758868932723999, 1.7909159660339355, 1.6108355522155762, 1.9196603298187256, 1.7747528553009033, 1.7975716590881348, 1.7411153316497803, 1.8140316009521484, 1.8147997856140137, 1.658249855041504, 1.765106439590454, 1.680816888809204, 1.7594568729400635, 1.70634126663208, 1.7435758113861084, 1.859551191329956, 1.7241458892822266, 1.8186142444610596, 1.762453556060791, 1.8308610916137695, 1.8274736404418945, 1.8131237030029297, 1.7956650257110596, 1.7584338188171387, 1.8265845775604248, 1.7198967933654785, 1.794175148010254, 1.7731859683990479, 1.6790611743927002, 1.794590950012207, 1.7240347862243652, 1.8195078372955322, 1.704601526260376, 1.8769145011901855, 1.7400438785552979, 1.7647888660430908, 1.8026385307312012, 1.7632739543914795, 1.7964446544647217, 1.7128634452819824, 1.7710387706756592, 1.8190851211547852, 1.7279794216156006, 1.75998854637146, 1.7716221809387207, 1.7529304027557373, 1.777143955230713, 1.7531239986419678, 1.9063823223114014, 1.7784178256988525, 1.772937536239624, 1.7668869495391846, 1.8156192302703857, 1.711747407913208, 1.7316207885742188, 1.7963244915008545, 1.6747610569000244, 1.792935848236084, 1.7600927352905273, 1.8051121234893799, 1.818159818649292, 1.7679054737091064, 1.907214879989624, 1.7266900539398193, 1.8280866146087646, 1.776280164718628, 1.7610714435577393, 1.7908730506896973, 1.7142972946166992, 1.7667350769042969, 1.8666999340057373, 1.7956392765045166, 1.8475868701934814, 1.9232804775238037], "time_till_best_val_loss": 41.83184885978699, "val_acc_hist": [0.0, 0.0, 0.005, 0.005, 0.005, 0.005, 0.0, 0.0, 0.005, 0.005, 0.0, 0.0, 0.0, 0.005, 0.01, 0.01, 0.015, 0.02, 0.03, 0.045, 0.04, 0.04, 0.045, 0.065, 0.06, 0.065, 0.06, 0.06, 0.06, 0.065, 0.06, 0.06, 0.055, 0.06, 0.055, 0.055, 0.055, 0.055, 0.055, 0.055, 0.055, 0.055, 0.06, 0.06, 0.06, 0.06, 0.06, 0.06, 0.06, 0.06, 0.06, 0.06, 0.06, 0.06, 0.06, 0.06, 0.06, 0.06, 0.06, 0.06, 0.06, 0.06, 0.06, 0.06, 0.06, 0.06, 0.06, 0.06, 0.06, 0.06, 0.06, 0.06, 0.06, 0.06, 0.06, 0.06, 0.06, 0.06, 0.06, 0.06, 0.06, 0.06, 0.06, 0.06, 0.06, 0.06, 0.06, 0.06, 0.06, 0.06, 0.06, 0.06, 0.06, 0.06, 0.06, 0.06, 0.06, 0.06, 0.06, 0.06, 0.06], "val_loss_hist": [0.5867708437565047, 0.5970542292476156, 0.6241515129830837, 0.6386153897912276, 0.6411156385026912, 0.6245113795492411, 0.6198061515147852, 0.60898692479326, 0.6088907205863062, 0.6043319628222008, 0.5911624618159704, 0.5810346809767605, 0.5627674806266244, 0.5411669131039569, 0.5266838675814185, 0.5183259351367221, 0.5133744122072852, 0.5014569798151449, 0.49458040679478227, 0.48769861933587944, 0.48340698574119684, 0.47777150453361555, 0.47951511040722855, 0.476156983345376, 0.48563099959525136, 0.498514826715151, 0.5137694232479707, 0.5145263178496225, 0.5148754880303258, 0.5051291239806632, 0.5164501686524747, 0.5206593116384033, 0.5225311975697937, 0.5348206837995871, 0.530300298393338, 0.5298388217976476, 0.5277313008813876, 0.5261371025528854, 0.5261371025528854, 0.5260934823574777, 0.5185633636214628, 0.5185633636214628, 0.5219051054088625, 0.5199565252049447, 0.5147802038708412, 0.524200912990165, 0.524200912990165, 0.524200912990165, 0.524200912990165, 0.524200912990165, 0.524200912990165, 0.524200912990165, 0.524200912990165, 0.524200912990165, 0.524200912990165, 0.524200912990165, 0.524200912990165, 0.524200912990165, 0.524200912990165, 0.524200912990165, 0.524200912990165, 0.524200912990165, 0.524200912990165, 0.524200912990165, 0.524200912990165, 0.524200912990165, 0.524200912990165, 0.524200912990165, 0.524200912990165, 0.524200912990165, 0.524200912990165, 0.524200912990165, 0.524200912990165, 0.524200912990165, 0.524200912990165, 0.524200912990165, 0.524200912990165, 0.524200912990165, 0.524200912990165, 0.524200912990165, 0.524200912990165, 0.524200912990165, 0.524200912990165, 0.524200912990165, 0.524200912990165, 0.524200912990165, 0.524200912990165, 0.524200912990165, 0.524200912990165, 0.524200912990165, 0.524200912990165, 0.524200912990165, 0.524200912990165, 0.524200912990165, 0.524200912990165, 0.524200912990165, 0.524200912990165, 0.524200912990165, 0.524200912990165, 0.524200912990165, 0.524200912990165]}
