{"best_test_loss": 0.08351752388981558, "epoch_time_hist": [4.735475063323975, 4.355671167373657, 4.374114751815796, 4.422513246536255, 4.363508939743042, 4.427158355712891, 4.388195276260376, 4.433084964752197, 4.379028558731079, 4.413412570953369, 4.357233762741089, 4.385733604431152, 4.426473140716553, 4.379930734634399, 4.430057525634766, 4.379318714141846, 4.42685866355896, 4.3798558712005615, 4.365211725234985, 4.433713912963867, 4.380505084991455, 4.439193964004517, 4.372227430343628, 4.42922568321228, 4.3872926235198975, 4.367235422134399, 4.402840614318848, 4.354189872741699, 4.429269075393677, 4.346299409866333, 4.419886589050293, 4.360074281692505, 4.409697771072388, 4.349610805511475, 4.346060037612915, 4.44439435005188, 4.380740404129028, 4.435973882675171, 4.398855924606323, 4.44534969329834, 4.391608238220215, 4.379153490066528, 4.424539804458618, 4.381319284439087, 4.42220664024353, 4.360414266586304, 4.421327352523804, 4.383174180984497, 4.365066289901733, 4.429904460906982, 4.375151872634888, 4.453438758850098, 4.377191543579102, 4.442254304885864, 4.383210897445679, 4.362274885177612, 4.4026572704315186, 4.342512607574463, 4.3997862339019775, 4.371663331985474, 4.421176433563232, 4.3509275913238525, 4.424657821655273, 4.380743503570557, 4.35645866394043, 4.428986310958862, 4.3714118003845215, 4.435342788696289, 4.365616798400879, 4.413727045059204, 4.369879484176636, 4.354739189147949, 4.406366348266602, 4.355084419250488, 4.441293478012085, 4.367933034896851, 4.442438364028931, 4.369312286376953, 4.432849168777466, 4.379723787307739, 4.405318975448608, 4.432016134262085, 4.3863866329193115, 4.430141448974609, 4.379460334777832, 4.379833459854126, 4.446392774581909, 4.369905948638916, 4.425154685974121, 4.3611040115356445, 4.417468786239624, 4.359696388244629, 4.430734157562256, 4.361883163452148, 4.428500175476074, 4.372796297073364, 4.380278587341309, 4.42167067527771, 4.361526727676392, 4.419301986694336], "time_till_best_val_loss": 66.2715916633606, "val_acc_hist": [0.03, 0.235, 0.325, 0.35, 0.385, 0.39, 0.385, 0.4, 0.39, 0.4, 0.415, 0.395, 0.41, 0.405, 0.385, 0.41, 0.395, 0.42, 0.405, 0.405, 0.39, 0.375, 0.405, 0.41, 0.41, 0.38, 0.4, 0.4, 0.39, 0.39, 0.39, 0.395, 0.4, 0.39, 0.395, 0.395, 0.395, 0.395, 0.395, 0.395, 0.395, 0.395, 0.395, 0.395, 0.395, 0.395, 0.395, 0.395, 0.395, 0.395, 0.395, 0.395, 0.395, 0.395, 0.395, 0.395, 0.395, 0.395, 0.395, 0.395, 0.395, 0.395, 0.395, 0.395, 0.395, 0.395, 0.395, 0.395, 0.395, 0.395, 0.395, 0.395, 0.395, 0.395, 0.395, 0.395, 0.395, 0.395, 0.395, 0.395, 0.395, 0.395, 0.395, 0.395, 0.395, 0.395, 0.395, 0.395, 0.395, 0.395, 0.395, 0.395, 0.395, 0.395, 0.395, 0.395, 0.395, 0.395, 0.395, 0.395, 0.395], "val_loss_hist": [0.6099066281567701, 0.16929224145209615, 0.09824896335063048, 0.08711142237837556, 0.07737282147269922, 0.07890253858607184, 0.07791920609582054, 0.07123682572645157, 0.07361296453526703, 0.07059933053078764, 0.07149562042914331, 0.06996819962687556, 0.07356612955864848, 0.07167570325761276, 0.07118208261548112, 0.06681580415742193, 0.07764216544164726, 0.07108664441234971, 0.0740848358385922, 0.07256001301849045, 0.07794835181124365, 0.08110828984928713, 0.07494600993812695, 0.07565557865513955, 0.07679861690459475, 0.0819778298456156, 0.08039396622141719, 0.08015095742690355, 0.08112376001718885, 0.07967168077883388, 0.07980939436098124, 0.07988177035085836, 0.07797074898544046, 0.0783524945315523, 0.07832665845134298, 0.07890152157333877, 0.07890152157333877, 0.07890152157333877, 0.07890152157333877, 0.07890152157333877, 0.07890152157333877, 0.07890152157333877, 0.07890152157333877, 0.07890152157333877, 0.07890152157333877, 0.07890152157333877, 0.07890152157333877, 0.07890152157333877, 0.07890152157333877, 0.07890152157333877, 0.07890152157333877, 0.07890152157333877, 0.07890152157333877, 0.07890152157333877, 0.07890152157333877, 0.07890152157333877, 0.07890152157333877, 0.07890152157333877, 0.07890152157333877, 0.07890152157333877, 0.07890152157333877, 0.07890152157333877, 0.07890152157333877, 0.07890152157333877, 0.07890152157333877, 0.07890152157333877, 0.07890152157333877, 0.07890152157333877, 0.07890152157333877, 0.07890152157333877, 0.07890152157333877, 0.07890152157333877, 0.07890152157333877, 0.07890152157333877, 0.07890152157333877, 0.07890152157333877, 0.07890152157333877, 0.07890152157333877, 0.07890152157333877, 0.07890152157333877, 0.07890152157333877, 0.07890152157333877, 0.07890152157333877, 0.07890152157333877, 0.07890152157333877, 0.07890152157333877, 0.07890152157333877, 0.07890152157333877, 0.07890152157333877, 0.07890152157333877, 0.07890152157333877, 0.07890152157333877, 0.07890152157333877, 0.07890152157333877, 0.07890152157333877, 0.07890152157333877, 0.07890152157333877, 0.07890152157333877, 0.07890152157333877, 0.07890152157333877, 0.07890152157333877]}
