{"best_test_loss": 0.09822022445604177, "epoch_time_hist": [0.8468058109283447, 0.9016697406768799, 0.9564206600189209, 1.0241293907165527, 1.0123615264892578, 1.0295164585113525, 1.0803742408752441, 1.1129839420318604, 1.2010881900787354, 1.1489412784576416, 1.1505393981933594, 1.1524319648742676, 1.1410276889801025, 1.1410133838653564, 1.1970422267913818, 1.2464282512664795, 1.2363660335540771, 1.2305443286895752, 1.2020370960235596, 1.168607234954834, 1.2417292594909668, 1.1622660160064697, 1.217195987701416, 1.1692585945129395, 1.1938459873199463, 1.2397711277008057, 1.2537145614624023, 1.2712225914001465, 1.2340843677520752, 1.2224013805389404, 1.2613120079040527, 1.25565767288208, 1.2307274341583252, 1.2456302642822266, 1.285585880279541, 1.2616419792175293, 1.2453827857971191, 1.291815996170044, 1.2182583808898926, 1.1600613594055176, 1.2659542560577393, 1.311037302017212, 1.2400774955749512, 1.2283501625061035, 1.2759320735931396, 1.252131700515747, 1.2023444175720215, 1.233672857284546, 1.3069446086883545, 1.2207098007202148, 1.2567861080169678, 1.3062069416046143, 1.2196438312530518, 1.2493574619293213, 1.2466456890106201, 1.2787539958953857, 1.2465651035308838, 1.2652003765106201, 1.2677640914916992, 1.2708959579467773, 1.2910196781158447, 1.3245251178741455, 1.273024559020996, 1.2459900379180908, 1.290590524673462, 1.2410707473754883, 1.242288589477539, 1.2808868885040283, 1.2612521648406982, 1.2372322082519531, 1.2996277809143066, 1.198451280593872, 1.2592127323150635, 1.2521507740020752, 1.2666239738464355, 1.3280632495880127, 1.2352628707885742, 1.2962117195129395, 1.245624303817749, 1.2300655841827393, 1.2867507934570312, 1.248631477355957, 1.2604236602783203, 1.2510056495666504, 1.2830078601837158, 1.2409615516662598, 1.275102138519287, 1.2647995948791504, 1.2385928630828857, 1.2510182857513428, 1.2264611721038818, 1.338061809539795, 1.2632710933685303, 1.2358648777008057, 1.2668888568878174, 1.2695362567901611, 1.2683069705963135, 1.3194503784179688, 1.2382562160491943, 1.2784786224365234], "time_till_best_val_loss": 41.92637395858765, "val_acc_hist": [0.005, 0.095, 0.205, 0.18, 0.245, 0.205, 0.22, 0.26, 0.26, 0.24, 0.265, 0.29, 0.275, 0.26, 0.315, 0.26, 0.265, 0.29, 0.3, 0.325, 0.275, 0.285, 0.3, 0.28, 0.275, 0.295, 0.34, 0.375, 0.37, 0.35, 0.32, 0.305, 0.335, 0.36, 0.35, 0.34, 0.335, 0.34, 0.325, 0.355, 0.355, 0.305, 0.35, 0.36, 0.33, 0.315, 0.35, 0.335, 0.325, 0.32, 0.32, 0.34, 0.345, 0.355, 0.355, 0.355, 0.35, 0.345, 0.345, 0.35, 0.35, 0.355, 0.355, 0.36, 0.36, 0.36, 0.36, 0.36, 0.36, 0.36, 0.36, 0.36, 0.36, 0.36, 0.36, 0.36, 0.36, 0.36, 0.36, 0.36, 0.36, 0.36, 0.36, 0.36, 0.36, 0.36, 0.36, 0.36, 0.36, 0.36, 0.36, 0.36, 0.36, 0.36, 0.36, 0.36, 0.36, 0.36, 0.36, 0.36, 0.36], "val_loss_hist": [0.651981668592746, 0.39193424146873906, 0.2129986452832997, 0.18894031798654473, 0.21693403147518003, 0.19535629048174452, 0.18924594318111526, 0.166720231189162, 0.189547310038246, 0.14456985811619308, 0.12086972759925738, 0.1470892048722574, 0.13950628888870228, 0.146593799047568, 0.099447159303485, 0.16468466693285394, 0.1781285779041198, 0.11952352132818005, 0.12749050401884346, 0.11340865061739169, 0.11392831113857994, 0.11260405020957578, 0.13643888277077146, 0.12680816168515488, 0.13302351329289758, 0.11032860701375397, 0.09376942964019427, 0.08459919195747731, 0.09082869794859418, 0.09415272098067355, 0.10607860243801148, 0.11009593785973158, 0.11252476679730782, 0.11060781686815326, 0.08453717100596825, 0.09323093241322052, 0.08368467912470859, 0.10511675258241852, 0.1090165090179494, 0.08996971490394401, 0.09359989770535505, 0.10484491528199026, 0.08974943202126869, 0.08507459802373439, 0.1092665522497663, 0.11933414497139853, 0.09371254679608981, 0.09439467855381083, 0.09399381309965402, 0.0953170298033677, 0.09275861861827624, 0.09362159640904379, 0.0962120871187149, 0.09363924857179073, 0.09271367047493743, 0.09209326469368626, 0.09309387413562319, 0.09129127325956851, 0.09295432887114129, 0.09271059714414849, 0.09271059714414849, 0.0924869026720943, 0.0926505193865817, 0.09144482302817891, 0.09144482302817891, 0.09196758406027417, 0.09014740692413849, 0.09115123229482822, 0.09115123229482822, 0.09115123229482822, 0.09115123229482822, 0.09115123229482822, 0.09115123229482822, 0.09115123229482822, 0.09115123229482822, 0.09115123229482822, 0.09115123229482822, 0.09115123229482822, 0.09115123229482822, 0.09115123229482822, 0.08942882761074537, 0.08942882761074537, 0.08942882761074537, 0.09115123229482822, 0.09115123229482822, 0.09115123229482822, 0.09115123229482822, 0.09115123229482822, 0.09115123229482822, 0.09115123229482822, 0.09115123229482822, 0.09115123229482822, 0.09115123229482822, 0.09115123229482822, 0.09115123229482822, 0.09115123229482822, 0.09115123229482822, 0.09115123229482822, 0.09115123229482822, 0.09115123229482822, 0.09115123229482822]}
