{"best_test_loss": 0.08836096236068429, "epoch_time_hist": [2.0735902786254883, 1.872438907623291, 1.8197979927062988, 1.81386137008667, 1.7493534088134766, 1.8691473007202148, 1.8253405094146729, 1.7496109008789062, 1.749009370803833, 1.8261423110961914, 1.8416039943695068, 1.8930139541625977, 1.8350801467895508, 1.7797842025756836, 1.783715009689331, 1.88381028175354, 1.809056043624878, 1.8085389137268066, 1.882472276687622, 1.8333685398101807, 1.750253677368164, 1.7885751724243164, 1.7445857524871826, 1.8275914192199707, 1.9244253635406494, 1.8653719425201416, 1.7466914653778076, 1.8427512645721436, 1.7476701736450195, 1.7276382446289062, 1.9020745754241943, 1.8956406116485596, 1.7170031070709229, 1.7875196933746338, 1.785749912261963, 1.8525118827819824, 1.7601029872894287, 1.7205417156219482, 1.7786433696746826, 1.8071119785308838, 1.8196656703948975, 1.8202311992645264, 1.8031389713287354, 1.792862892150879, 1.7975473403930664, 1.7462027072906494, 1.7871663570404053, 1.8123478889465332, 1.7418155670166016, 1.8492047786712646, 1.7463648319244385, 1.82279372215271, 1.7554991245269775, 1.7487986087799072, 1.88871431350708, 1.832261323928833, 1.8161017894744873, 1.7751727104187012, 1.795172929763794, 1.7226619720458984, 1.781317949295044, 1.875969409942627, 1.737727165222168, 1.8320562839508057, 1.7991657257080078, 1.8239717483520508, 1.7887592315673828, 1.9103996753692627, 1.8275160789489746, 1.765105962753296, 1.8147330284118652, 1.7499563694000244, 1.8628134727478027, 1.6912684440612793, 1.8107454776763916, 1.717034101486206, 1.7026195526123047, 1.7664306163787842, 1.8053257465362549, 1.7960689067840576, 1.7074401378631592, 1.8434982299804688, 1.7643096446990967, 1.8941574096679688, 1.8000142574310303, 1.8595545291900635, 1.7875399589538574, 1.6707234382629395, 1.8695862293243408, 1.7325191497802734, 1.7340385913848877, 1.8183972835540771, 1.8191723823547363, 1.7786164283752441, 1.7203421592712402, 1.837728500366211, 1.8402884006500244, 1.8156235218048096, 1.7478885650634766, 1.8016324043273926], "time_till_best_val_loss": 69.08543467521667, "val_acc_hist": [0.02, 0.045, 0.115, 0.165, 0.185, 0.225, 0.21, 0.225, 0.245, 0.255, 0.25, 0.28, 0.31, 0.325, 0.325, 0.315, 0.32, 0.325, 0.335, 0.305, 0.32, 0.35, 0.375, 0.335, 0.365, 0.35, 0.345, 0.36, 0.345, 0.355, 0.375, 0.375, 0.385, 0.37, 0.365, 0.39, 0.4, 0.395, 0.41, 0.41, 0.405, 0.41, 0.395, 0.38, 0.37, 0.36, 0.365, 0.375, 0.36, 0.36, 0.36, 0.36, 0.36, 0.36, 0.365, 0.365, 0.37, 0.36, 0.36, 0.365, 0.365, 0.365, 0.365, 0.365, 0.365, 0.365, 0.365, 0.365, 0.365, 0.365, 0.365, 0.365, 0.365, 0.365, 0.365, 0.365, 0.365, 0.365, 0.365, 0.365, 0.365, 0.365, 0.365, 0.365, 0.365, 0.365, 0.365, 0.365, 0.365, 0.365, 0.365, 0.365, 0.365, 0.365, 0.365, 0.365, 0.365, 0.365, 0.365, 0.365, 0.365], "val_loss_hist": [0.5655786489321621, 0.428143667468806, 0.2524782793780013, 0.19123026795910034, 0.15705840778929558, 0.13083832784796548, 0.12974129467592968, 0.12095137062598883, 0.11245409705897426, 0.11233199258177698, 0.1108756563799237, 0.11317967061731943, 0.11514087979972527, 0.11794673090224991, 0.11521703808773152, 0.10962019322806242, 0.10622865845648634, 0.10537113041455311, 0.10425753527229163, 0.10999623771298625, 0.10629110172234053, 0.10250939184834322, 0.09427755608520348, 0.09411348514821803, 0.09070655896606873, 0.09038564714407143, 0.08852073558853288, 0.08347616758230121, 0.08554130040362672, 0.08300033006056126, 0.08255851281898564, 0.08316385357274915, 0.08064242131335375, 0.08341389856845555, 0.07853594119327492, 0.0755712872564469, 0.0746955069326287, 0.07363348879671898, 0.07098013262984772, 0.07310193067051027, 0.07162405852195894, 0.07516064140398027, 0.07730181908237627, 0.07955996674011813, 0.08042507879393473, 0.07800934368123084, 0.08109790957716183, 0.07668720963126932, 0.07985161319280842, 0.07993065619301917, 0.0800091568857394, 0.07937059698609542, 0.07937059698609542, 0.07937059698609542, 0.08019191516153604, 0.08019191516153604, 0.08019853953575429, 0.08040196321119607, 0.08040196321119607, 0.08047487124962016, 0.08033093405976328, 0.08033093405976328, 0.08033093405976328, 0.08033093405976328, 0.08033093405976328, 0.08033093405976328, 0.08033093405976328, 0.08033093405976328, 0.08033093405976328, 0.08033093405976328, 0.08086394979667728, 0.08086394979667728, 0.08086394979667728, 0.08086394979667728, 0.08086394979667728, 0.08086394979667728, 0.08086394979667728, 0.08086394979667728, 0.08086394979667728, 0.08086394979667728, 0.08086394979667728, 0.08086394979667728, 0.08086394979667728, 0.08086394979667728, 0.08086394979667728, 0.08086394979667728, 0.08086394979667728, 0.08086394979667728, 0.08086394979667728, 0.08086394979667728, 0.08086394979667728, 0.08086394979667728, 0.08086394979667728, 0.08086394979667728, 0.08086394979667728, 0.08086394979667728, 0.08086394979667728, 0.08086394979667728, 0.08086394979667728, 0.08086394979667728, 0.08086394979667728]}
