{"best_test_loss": 0.7127263892476041, "epoch_time_hist": [15.859040260314941, 15.672554969787598, 15.754603624343872, 15.796257019042969, 15.347557783126831, 15.43720293045044, 15.379979610443115, 15.261134147644043, 15.402431011199951, 15.305331468582153, 15.109309673309326, 15.180187225341797, 15.261163473129272, 15.28423523902893, 15.312438488006592, 15.250706672668457, 15.400329113006592, 15.396247386932373, 15.254292726516724, 15.289177894592285, 15.413036346435547, 15.32263445854187, 15.376288652420044, 15.359344005584717, 15.211896657943726, 15.185289144515991, 15.067293882369995, 15.486309289932251, 15.561635494232178, 15.31927752494812, 15.522413492202759, 15.265563726425171, 15.379939079284668, 15.339563131332397, 15.394289016723633, 15.263962268829346, 15.274585962295532, 15.152329444885254, 15.154128551483154, 15.191801071166992, 15.348804712295532, 15.235711097717285, 15.235063076019287, 15.167498588562012, 15.297549962997437, 15.377351760864258, 15.184285640716553, 15.250047206878662, 15.135440349578857, 15.575819253921509, 15.174530982971191, 15.292309761047363, 15.281261682510376, 15.349825143814087, 15.436341762542725, 15.368134498596191, 15.418329000473022, 15.569291114807129, 15.333155632019043, 15.461954593658447, 15.62695860862732, 15.326169490814209, 15.562016725540161, 15.534012794494629, 15.370081901550293, 15.39910364151001, 15.248799085617065, 15.41804575920105, 15.54506540298462, 15.727832078933716, 15.319915771484375, 15.523725032806396, 15.369637489318848, 15.304825782775879, 15.240818977355957, 15.453917026519775, 15.399096965789795, 15.562180995941162, 15.35287880897522, 15.384094715118408, 15.585111379623413, 15.43958830833435, 15.539461851119995, 15.504071235656738, 15.536262035369873, 15.324919939041138, 15.363001108169556, 15.405661582946777, 15.519645929336548, 15.30382752418518, 15.686236381530762, 15.470939636230469, 15.522369384765625, 15.434775352478027, 15.57910442352295, 15.430878400802612, 15.396109819412231, 15.516150951385498, 15.47295069694519, 15.502614736557007], "time_till_best_val_loss": 1538.8913254737854, "val_acc_hist": [0.0, 0.0, 0.0, 0.0, 0.0, 0.0, 0.0, 0.0, 0.0, 0.0, 0.0, 0.0, 0.0, 0.0, 0.0, 0.0, 0.0, 0.0, 0.0, 0.0, 0.0, 0.0, 0.0, 0.0, 0.0, 0.0, 0.0, 0.0, 0.0, 0.0, 0.0, 0.0, 0.0, 0.0, 0.0, 0.0, 0.0, 0.0, 0.0, 0.0, 0.0, 0.0, 0.0, 0.0, 0.0, 0.0, 0.0, 0.0, 0.0, 0.0, 0.0, 0.0, 0.0, 0.0, 0.0, 0.0, 0.0, 0.0, 0.0, 0.0, 0.0, 0.0, 0.0, 0.0, 0.0, 0.0, 0.0, 0.0, 0.0, 0.0, 0.0, 0.0, 0.0, 0.0, 0.0, 0.0, 0.0, 0.0, 0.0, 0.0, 0.0, 0.0, 0.0, 0.0, 0.0, 0.0, 0.0, 0.0, 0.0, 0.0, 0.0, 0.0, 0.0, 0.0, 0.0, 0.0, 0.0, 0.0, 0.0, 0.0, 0.0], "val_loss_hist": [0.746328009728366, 0.7665857632907317, 0.7775871207082891, 0.7673029305072184, 0.7632984094439873, 0.7779748476662662, 0.7846674269323225, 0.7984461589075599, 0.7988847447155065, 0.7899739356591292, 0.788787805201391, 0.7949854562012116, 0.7989117985978272, 0.8040023221778864, 0.8144607255433557, 0.8207937356530562, 0.8225453946769781, 0.8226948034384833, 0.8225326760942825, 0.8215295388356826, 0.8162668850142062, 0.8208470011015764, 0.8212616782536107, 0.8157563680962332, 0.8138580679561288, 0.8130794799127672, 0.8139234695144404, 0.8139234695144404, 0.8139234695144404, 0.8139234695144404, 0.8134626917491871, 0.8134626917491871, 0.8134626917491871, 0.8134626917491871, 0.8137447446455544, 0.8137918766958113, 0.8137171690419857, 0.8137171690419857, 0.8137171690419857, 0.8137171690419857, 0.8137171690419857, 0.8137171690419857, 0.8137171690419857, 0.8137171690419857, 0.8137171690419857, 0.8137171690419857, 0.8137171690419857, 0.8137171690419857, 0.8137171690419857, 0.8137171690419857, 0.8137171690419857, 0.8137171690419857, 0.8137171690419857, 0.8137171690419857, 0.8137171690419857, 0.8137171690419857, 0.8137171690419857, 0.8137171690419857, 0.8137171690419857, 0.8137171690419857, 0.8137171690419857, 0.8137171690419857, 0.8137171690419857, 0.8137171690419857, 0.8137171690419857, 0.8137171690419857, 0.8137171690419857, 0.8137171690419857, 0.8137171690419857, 0.8137171690419857, 0.8137171690419857, 0.8137171690419857, 0.8137171690419857, 0.8137171690419857, 0.8137171690419857, 0.8137171690419857, 0.8137171690419857, 0.8137171690419857, 0.8137171690419857, 0.8137171690419857, 0.8137171690419857, 0.8137171690419857, 0.8137171690419857, 0.8137171690419857, 0.8137171690419857, 0.8137171690419857, 0.8137171690419857, 0.8137171690419857, 0.8137171690419857, 0.8137171690419857, 0.8137171690419857, 0.8137171690419857, 0.8137171690419857, 0.8137171690419857, 0.8137171690419857, 0.8137171690419857, 0.8137171690419857, 0.8137171690419857, 0.8137171690419857, 0.8137171690419857, 0.8137171690419857]}
