{"best_test_loss": 0.11125151614789001, "epoch_time_hist": [18.92765974998474, 18.145719528198242, 18.485005140304565, 18.479324340820312, 18.52856683731079, 18.33776330947876, 18.31776237487793, 18.657962322235107, 18.650519847869873, 18.631097316741943, 18.225753784179688, 18.336390495300293, 18.265771627426147, 18.26950716972351, 18.157060623168945, 18.237822771072388, 18.10654616355896, 17.95639944076538, 17.916208267211914, 18.057910442352295, 17.98162841796875, 18.166189908981323, 18.204473972320557, 18.181857109069824, 18.222344160079956, 18.170673608779907, 18.230309009552002, 18.155583143234253, 18.183557271957397, 18.213179349899292, 18.209259510040283, 18.117351293563843, 18.160409212112427, 18.105571508407593, 18.08736538887024, 18.192606925964355, 18.080209732055664, 18.228069067001343, 18.14141082763672, 18.112836360931396, 18.08418321609497, 18.152410984039307, 18.163853406906128, 18.21523952484131, 18.083032369613647, 18.140949964523315, 18.16962194442749, 18.0476713180542, 18.13842248916626, 18.084762573242188, 18.21025586128235, 18.09300971031189, 18.208314657211304, 18.118768215179443, 18.156144618988037, 18.15123963356018, 18.014745235443115, 18.16493010520935, 18.242467403411865, 18.14331555366516, 18.0935537815094, 18.19880962371826, 18.08527398109436, 18.156303882598877, 18.13225531578064, 18.12264108657837, 17.93908190727234, 18.147718906402588, 18.05336022377014, 18.093117475509644, 18.049084663391113, 18.15289330482483, 18.086831092834473, 18.134113788604736, 18.152348518371582, 18.14687943458557, 18.049346446990967, 18.12659239768982, 18.123206615447998, 18.036199808120728, 18.091129064559937, 18.116719961166382, 18.129365921020508, 17.973949193954468, 18.054107904434204, 18.101279973983765, 18.117152452468872, 17.992480516433716, 18.01600456237793, 18.026512622833252, 17.93297243118286, 18.128922939300537, 18.192742824554443, 18.128268003463745, 18.09453058242798, 18.092835664749146, 18.091007232666016, 18.0584454536438, 18.130859851837158, 18.04485273361206], "time_till_best_val_loss": 239.9892966747284, "val_acc_hist": [0.0, 0.0, 0.005, 0.015, 0.015, 0.02, 0.015, 0.005, 0.015, 0.015, 0.03, 0.035, 0.03, 0.02, 0.02, 0.03, 0.025, 0.02, 0.02, 0.03, 0.015, 0.03, 0.02, 0.02, 0.02, 0.02, 0.025, 0.025, 0.025, 0.025, 0.025, 0.025, 0.025, 0.025, 0.025, 0.02, 0.02, 0.02, 0.02, 0.02, 0.02, 0.02, 0.02, 0.02, 0.02, 0.02, 0.02, 0.02, 0.02, 0.02, 0.02, 0.02, 0.02, 0.02, 0.02, 0.02, 0.02, 0.02, 0.02, 0.02, 0.02, 0.02, 0.02, 0.02, 0.02, 0.02, 0.02, 0.02, 0.02, 0.02, 0.02, 0.02, 0.02, 0.02, 0.02, 0.02, 0.02, 0.02, 0.02, 0.02, 0.02, 0.02, 0.02, 0.02, 0.02, 0.02, 0.02, 0.02, 0.02, 0.02, 0.02, 0.02, 0.02, 0.02, 0.02, 0.02, 0.02, 0.02, 0.02, 0.02, 0.02], "val_loss_hist": [0.8346189969127461, 0.29460453498979317, 0.19056032206976384, 0.14799420083684478, 0.13733296023549543, 0.1390064867857209, 0.13214977187565197, 0.12432319048788051, 0.12111911848533184, 0.11622694008177001, 0.11223527833575508, 0.11407046231849441, 0.10763325938433793, 0.10628960939702597, 0.10811862453730597, 0.10887699122645342, 0.10975791802297755, 0.10897061144051659, 0.1076230828715881, 0.1101745584026427, 0.1119261079247107, 0.11055476891358361, 0.10832326479604495, 0.11458970220366273, 0.10972568878842616, 0.10820741793322497, 0.10842240169486468, 0.10886320592366334, 0.10980853837955998, 0.10989854217326954, 0.10992568048026491, 0.10990921879496668, 0.11125523317201579, 0.1085570862886618, 0.1069586275560051, 0.10673785214366675, 0.10673785214366675, 0.10652560475658837, 0.10652560475658837, 0.1070375312681013, 0.1071955234502559, 0.1071955234502559, 0.1071955234502559, 0.10661670208277274, 0.10661670208277274, 0.10657887314828388, 0.10657887314828388, 0.10657887314828388, 0.10657887314828388, 0.10657887314828388, 0.10657887314828388, 0.10657887314828388, 0.10657887314828388, 0.10657887314828388, 0.10661670208277274, 0.10661670208277274, 0.10661670208277274, 0.10661670208277274, 0.10661670208277274, 0.10661670208277274, 0.10661670208277274, 0.10661670208277274, 0.10661670208277274, 0.10661670208277274, 0.10661670208277274, 0.10661670208277274, 0.10661670208277274, 0.10661670208277274, 0.10661670208277274, 0.10661670208277274, 0.10661670208277274, 0.10661670208277274, 0.10661670208277274, 0.10661670208277274, 0.10661670208277274, 0.10661670208277274, 0.10661670208277274, 0.10661670208277274, 0.10661670208277274, 0.10661670208277274, 0.10661670208277274, 0.10661670208277274, 0.10661670208277274, 0.10661670208277274, 0.10661670208277274, 0.10661670208277274, 0.10661670208277274, 0.10661670208277274, 0.10661670208277274, 0.10661670208277274, 0.10661670208277274, 0.10661670208277274, 0.10661670208277274, 0.10661670208277274, 0.10661670208277274, 0.10661670208277274, 0.10661670208277274, 0.10661670208277274, 0.10661670208277274, 0.10661670208277274, 0.10661670208277274]}
