{"best_test_loss": 0.10718729644495072, "epoch_time_hist": [1.7139437198638916, 2.027561664581299, 2.1691999435424805, 2.2498586177825928, 2.3304574489593506, 2.360229969024658, 2.377256155014038, 2.42199444770813, 2.4178476333618164, 2.4926230907440186, 2.4823403358459473, 2.53363037109375, 2.491619110107422, 2.4882662296295166, 2.521575927734375, 2.5221688747406006, 2.5703115463256836, 2.522757053375244, 2.5463309288024902, 2.5239813327789307, 2.5495035648345947, 2.4618079662323, 2.46199893951416, 2.4639058113098145, 2.5028998851776123, 2.531954765319824, 2.5781383514404297, 2.5824103355407715, 2.513636827468872, 2.560645341873169, 2.4992523193359375, 2.5052127838134766, 2.551626443862915, 2.5572545528411865, 2.545872211456299, 2.4498398303985596, 2.599155902862549, 2.5488393306732178, 2.5435357093811035, 2.5947980880737305, 2.502068519592285, 2.526909112930298, 2.565732002258301, 2.5549163818359375, 2.568124294281006, 2.5768308639526367, 2.5609261989593506, 2.5560805797576904, 2.574190855026245, 2.59755277633667, 2.595712900161743, 2.545703887939453, 2.562887191772461, 2.5468759536743164, 2.5639543533325195, 2.5882046222686768, 2.642655611038208, 2.56140398979187, 2.5412726402282715, 2.528419017791748, 2.5884976387023926, 2.5903356075286865, 2.58327054977417, 2.56612491607666, 2.525076389312744, 2.5789730548858643, 2.505354404449463, 2.5656166076660156, 2.5659866333007812, 2.5631213188171387, 2.546416759490967, 2.5640594959259033, 2.538911819458008, 2.571614980697632, 2.6246092319488525, 2.538217306137085, 2.5894224643707275, 2.568622350692749, 2.5521113872528076, 2.6002209186553955, 2.6145055294036865, 2.5559897422790527, 2.5547778606414795, 2.56968355178833, 2.5704855918884277, 2.534979820251465, 2.586615562438965, 2.5296099185943604, 2.6075806617736816, 2.583470344543457, 2.5421195030212402, 2.5627684593200684, 2.5382163524627686, 2.576519012451172, 2.58695650100708, 2.5517380237579346, 2.5443973541259766, 2.559230327606201, 2.5777533054351807, 2.6063413619995117], "time_till_best_val_loss": 123.94957494735718, "val_acc_hist": [0.0, 0.0, 0.0, 0.005, 0.0, 0.0, 0.01, 0.01, 0.005, 0.005, 0.015, 0.005, 0.005, 0.0, 0.03, 0.025, 0.01, 0.015, 0.015, 0.005, 0.015, 0.02, 0.01, 0.005, 0.005, 0.005, 0.035, 0.02, 0.01, 0.015, 0.04, 0.01, 0.005, 0.015, 0.02, 0.015, 0.02, 0.025, 0.035, 0.03, 0.035, 0.04, 0.05, 0.04, 0.05, 0.045, 0.05, 0.045, 0.055, 0.045, 0.04, 0.035, 0.035, 0.035, 0.04, 0.04, 0.04, 0.045, 0.035, 0.045, 0.045, 0.04, 0.035, 0.035, 0.03, 0.035, 0.04, 0.04, 0.04, 0.04, 0.035, 0.04, 0.04, 0.04, 0.035, 0.035, 0.035, 0.035, 0.035, 0.035, 0.035, 0.035, 0.035, 0.035, 0.035, 0.035, 0.035, 0.035, 0.035, 0.035, 0.035, 0.035, 0.035, 0.035, 0.035, 0.035, 0.035, 0.035, 0.035, 0.035, 0.035], "val_loss_hist": [0.7654993601228341, 0.7743644737266803, 0.5859706879996488, 0.5293956944961327, 0.47587616274081107, 0.4184863469831292, 0.33794774865160754, 0.34567334860353854, 0.28768355876460494, 0.2436835493572851, 0.226220611950035, 0.1976097540594747, 0.18312923296702852, 0.17751336295420292, 0.17255764489602712, 0.1746105548295101, 0.18946045311740084, 0.17288076905921945, 0.16464637797877485, 0.15899323060388096, 0.1504446701297311, 0.14953706862279517, 0.16562684843515318, 0.16596948518444585, 0.1593022301506666, 0.15512465130704894, 0.12712000997577125, 0.15256239445348377, 0.15058555144710686, 0.14865167210450683, 0.14115918579344025, 0.14386840226172504, 0.14528210344317843, 0.1387192806216041, 0.1913170588569296, 0.1335245097752031, 0.16253045092000395, 0.1381264907337167, 0.12081920528874927, 0.1272258140083221, 0.11837366464154855, 0.10931146216468283, 0.10691333614418538, 0.10537828704282194, 0.0985901404446327, 0.09936070831208786, 0.10223724683143873, 0.10271745947035542, 0.10337293962031513, 0.10429062395666665, 0.09838638521691295, 0.0988595983550956, 0.10919715599241488, 0.10352524713939289, 0.10481921489696101, 0.10141845510788162, 0.10464051594656948, 0.10482407229464313, 0.10176280718952346, 0.10703562640665358, 0.10450449504509712, 0.10048109491919942, 0.10092906739427415, 0.10036323593741095, 0.10102456746022347, 0.10162714853346408, 0.10212731796938311, 0.10054263517609724, 0.10106504376888713, 0.10030116635733209, 0.09923921605506736, 0.10232162094242202, 0.10400391724074935, 0.10386254645172309, 0.10387473780147864, 0.10407173474065048, 0.10351718629978277, 0.10303301103151921, 0.1027442458654316, 0.10305229659179733, 0.1032021469895929, 0.10324890072258935, 0.10326492147634417, 0.10227377734392012, 0.10227377734392012, 0.10227377734392012, 0.10227377734392012, 0.10227377734392012, 0.10208240926139693, 0.10208240926139693, 0.10208240926139693, 0.10208240926139693, 0.10208240926139693, 0.10208240926139693, 0.10208240926139693, 0.10208240926139693, 0.10208240926139693, 0.10208240926139693, 0.10208240926139693, 0.10208240926139693, 0.10224248896014923]}
