{"best_test_loss": 0.3937032206736363, "epoch_time_hist": [17.107322216033936, 16.862228393554688, 16.868134260177612, 16.995238304138184, 16.939077138900757, 16.85898208618164, 16.961556434631348, 16.980010271072388, 16.754959106445312, 17.01560139656067, 16.828737258911133, 16.95424246788025, 16.769594192504883, 16.707350492477417, 16.889373302459717, 16.946422338485718, 16.787235021591187, 16.778313875198364, 16.809900760650635, 16.936512231826782, 16.65358877182007, 16.803423643112183, 16.689671516418457, 16.67169189453125, 16.639145851135254, 16.607704162597656, 16.706110954284668, 16.686325311660767, 16.65556025505066, 16.829575538635254, 16.602148056030273, 16.708872318267822, 16.932315826416016, 16.56249499320984, 16.60743260383606, 16.70073413848877, 16.735010147094727, 16.72794818878174, 16.762012243270874, 16.63699698448181, 16.638152599334717, 16.56444215774536, 16.630805015563965, 16.631749868392944, 16.630082607269287, 16.645289182662964, 16.858715772628784, 16.723528146743774, 16.723767042160034, 16.70443344116211, 16.656108379364014, 16.658327102661133, 16.64575958251953, 16.55972933769226, 16.64183783531189, 16.692128658294678, 16.614198207855225, 16.578815460205078, 16.573028326034546, 16.61248540878296, 16.811623573303223, 16.600524425506592, 16.67153525352478, 16.639804363250732, 16.578513145446777, 16.580285787582397, 16.69029927253723, 16.660578727722168, 16.655391454696655, 16.701117992401123, 16.681360960006714, 16.768720388412476, 16.7281174659729, 16.6473491191864, 16.58011221885681, 16.646536350250244, 16.71011972427368, 16.781670093536377, 16.891690015792847, 16.70322322845459, 16.684731483459473, 16.458832025527954, 16.59879183769226, 16.754215478897095, 16.603932857513428, 16.654004335403442, 16.816848516464233, 16.55875825881958, 16.710533618927002, 16.819297552108765, 16.847386360168457, 16.788043975830078, 16.81203007698059, 16.62276005744934, 16.762649059295654, 16.637310028076172, 16.730023622512817, 16.72616720199585, 16.586740970611572, 16.62404704093933], "time_till_best_val_loss": 638.2705457210541, "val_acc_hist": [0.0, 0.0, 0.0, 0.0, 0.0, 0.0, 0.0, 0.0, 0.0, 0.0, 0.0, 0.0, 0.0, 0.0, 0.0, 0.0, 0.0, 0.0, 0.0, 0.0, 0.0, 0.0, 0.0, 0.0, 0.0, 0.0, 0.0, 0.0, 0.0, 0.0, 0.0, 0.0, 0.0, 0.0, 0.0, 0.0, 0.0, 0.0, 0.0, 0.0, 0.0, 0.0, 0.0, 0.0, 0.0, 0.0, 0.0, 0.0, 0.0, 0.0, 0.0, 0.0, 0.0, 0.0, 0.0, 0.0, 0.0, 0.0, 0.0, 0.0, 0.0, 0.0, 0.0, 0.0, 0.0, 0.0, 0.0, 0.0, 0.0, 0.0, 0.0, 0.0, 0.0, 0.0, 0.0, 0.0, 0.0, 0.0, 0.0, 0.0, 0.0, 0.0, 0.0, 0.0, 0.0, 0.0, 0.0, 0.0, 0.0, 0.0, 0.0, 0.0, 0.0, 0.0, 0.0, 0.0, 0.0, 0.0, 0.0, 0.0, 0.0], "val_loss_hist": [0.8242698068215546, 0.76356157041701, 0.7724957603839898, 0.7537181614136105, 0.7422974826158831, 0.7387817884561313, 0.7287623070664829, 0.7162267040391785, 0.7065466110327105, 0.6752426905209707, 0.6370451002387832, 0.6240946672720381, 0.5956990284238112, 0.5888843356800858, 0.5675372361543325, 0.5715993962140907, 0.5626354172719158, 0.5681289171630249, 0.5639982218192536, 0.5617982521621396, 0.5610954769347352, 0.5498478398107858, 0.536589589441077, 0.5210560014390906, 0.5093130189749482, 0.4976055327571668, 0.48175339110417287, 0.46397801297766295, 0.4579166130465937, 0.4593123578715958, 0.4515046322679401, 0.4534850597943989, 0.45393625455195197, 0.4483013090802697, 0.43079077521257747, 0.43426747789217157, 0.42644221469227156, 0.42212368936019257, 0.42025133496395994, 0.42947885252157525, 0.42800649068177676, 0.433027975595993, 0.4285568091757638, 0.4340676194826316, 0.43438194752857046, 0.441351601287513, 0.44205589554574126, 0.44237145248336174, 0.44020993833136635, 0.43691621488663696, 0.4370810388344382, 0.4372514372261445, 0.4376972721773077, 0.4360617561927429, 0.43458144087199574, 0.4340016446293153, 0.434401731133459, 0.4326938043710083, 0.4291077810464751, 0.4300660185736592, 0.4317492296783704, 0.4317492296783704, 0.4317492296783704, 0.4317125698739813, 0.4317125698739813, 0.4317125698739813, 0.43214186229052387, 0.4320530257587635, 0.4312263914697957, 0.4312263914697957, 0.43071172870276647, 0.43071172870276647, 0.43071172870276647, 0.43071172870276647, 0.43071172870276647, 0.43071172870276647, 0.43071172870276647, 0.43071172870276647, 0.43071172870276647, 0.42753334043749014, 0.42753334043749014, 0.42753334043749014, 0.42753334043749014, 0.42753334043749014, 0.42753334043749014, 0.42753334043749014, 0.42753334043749014, 0.42753334043749014, 0.42753334043749014, 0.42753334043749014, 0.42753334043749014, 0.42753334043749014, 0.42753334043749014, 0.42753334043749014, 0.42753334043749014, 0.42753334043749014, 0.42753334043749014, 0.42753334043749014, 0.42753334043749014, 0.42753334043749014, 0.42753334043749014]}
