{"best_test_loss": 0.0599221605349717, "epoch_time_hist": [9.132634162902832, 10.96089506149292, 11.39489483833313, 11.043078899383545, 11.229060173034668, 11.037317991256714, 11.035066843032837, 11.111601829528809, 11.115690231323242, 11.126541137695312], "time_till_best_val_loss": 109.18678116798401, "val_loss_hist": [0.11236952917068464, 0.11534582676323954, 0.1082205762899965, 0.09212306803464015, 0.08322870156520512, 0.07894824390025601, 0.08430226886700039, 0.07043578485072305, 0.06342238119029865, 0.05924103870117838, 0.058311133846905575]}
