{"best_test_loss": 0.523994811921228, "epoch_time_hist": [17.944645404815674, 18.025201559066772, 18.004950523376465, 17.442206621170044, 16.769300937652588, 16.805931329727173, 16.179189443588257, 16.411623001098633, 16.021426677703857, 16.75010395050049, 16.43041443824768, 16.505311489105225, 16.434995651245117, 15.027252674102783, 16.314982175827026, 16.0047025680542, 18.59875988960266, 16.075304746627808, 18.11003041267395, 26.29710817337036, 30.35969614982605, 29.12403106689453, 28.31194496154785, 28.87839126586914, 28.03807044029236], "time_till_best_val_loss": 170.35457944869995, "val_loss_hist": [0.5882216014760656, 0.5821694599492047, 0.6005586592038976, 0.5744878957035734, 0.5505121042702394, 0.5398044692611778, 0.5391061452388476, 0.5395716945870677, 0.5379422718682975, 0.5344506517566469, 0.516992551198394, 0.5218808193547049, 0.5207169459841546, 0.522346368702925, 0.5267690875110156, 0.5551675977524403, 0.5712290502660329, 0.6357076349945133, 0.6692271880663588, 0.6298882681417624, 0.6296554934676524, 0.6298882681417624, 0.6371042830391735, 0.6405959031508242, 0.6366387336909535, 0.6375698323873936]}
