{"best_test_loss": 0.1893644617339091, "epoch_time_hist": [19.43416166305542, 18.812333822250366, 18.7526433467865, 18.860161066055298, 18.753829956054688, 18.78373146057129, 18.81598949432373, 18.650405168533325, 18.496049165725708, 18.53309941291809, 18.695622205734253, 18.715109825134277, 18.70215654373169, 18.72937321662903, 18.614057302474976, 18.6753671169281, 18.64305853843689, 18.730666875839233, 18.67359495162964, 18.738555192947388, 18.699260711669922, 18.692909240722656, 18.749434232711792, 18.678463459014893, 18.46346402168274], "time_till_best_val_loss": 225.30313658714294, "val_loss_hist": [0.5621508379942494, 0.3088919925440202, 0.23952513965922895, 0.21042830539547422, 0.19785847299353215, 0.1869180633103604, 0.18109869645760945, 0.1808659217834994, 0.18528864059159011, 0.18505586591748008, 0.1864525139621403, 0.18249534450226967, 0.17388268156019826, 0.18179702047993956, 0.17597765362718862, 0.19180633146667117, 0.1808659217834994, 0.17458100558252837, 0.17621042830129865, 0.19669459962298197, 0.18365921787281986, 0.1894785847255708, 0.1752793296048585, 0.17760707634595888, 0.18179702047993956, 0.18249534450226967]}
