{"best_test_loss": 0.380674448759605, "epoch_time_hist": [1.0469896793365479, 1.1308283805847168, 1.2714338302612305, 1.2729265689849854, 1.3513283729553223, 1.321260690689087, 1.180767297744751, 1.1836631298065186, 1.0046069622039795, 1.1538491249084473, 0.8264288902282715, 1.0433094501495361, 1.0877082347869873, 0.9555647373199463, 0.9948596954345703, 0.9833009243011475, 0.9750616550445557, 0.9894280433654785, 1.0068461894989014, 1.0300047397613525, 1.0082738399505615, 0.9920270442962646, 1.028773546218872, 1.0207734107971191, 1.030754804611206], "time_till_best_val_loss": 11.917654037475586, "val_loss_hist": [0.6613128491466175, 0.6685288640440287, 0.6277932960747721, 0.6527001862573721, 0.6473463686831106, 0.6233705772261762, 0.5698324022213727, 0.4590316573743738, 0.3857076350070124, 0.3698789571608501, 0.35521415269191775, 0.36103351954466867, 0.43761638732687114, 0.4601955307155448, 0.5072160148857725, 0.5216480446805948, 0.5479515828550291, 0.5516759776407897, 0.541201117305838, 0.5465549348103689, 0.55353817503367, 0.5407355679576179, 0.5493482308996893, 0.5493482308996893, 0.5493482308996893, 0.5493482308996893]}
