{"best_test_loss": 0.6044098573150798, "epoch_time_hist": [20.292075872421265, 20.345632553100586, 19.98207139968872, 20.019236087799072, 20.015406370162964, 19.931565284729004, 19.800780773162842, 19.71391463279724, 19.688295364379883, 19.672590494155884, 19.497316598892212, 19.665008544921875, 19.682841539382935, 19.706632375717163, 19.785021781921387, 19.841177701950073, 19.29120373725891, 20.282745838165283, 20.024548530578613, 19.83755874633789, 19.625513315200806, 19.69249701499939, 19.718279361724854, 19.630447387695312, 19.622468948364258], "time_till_best_val_loss": 20.292075872421265, "val_loss_hist": [0.6438547476230925, 0.5949720670252567, 0.6124301675835095, 0.6175512104139304, 0.6217411545479111, 0.5968342643690413, 0.5972998137663571, 0.6135940409540598, 0.6182495341171589, 0.6378026070615037, 0.6343109863427779, 0.6345437616239632, 0.6317504655346426, 0.6308193668382025, 0.6326815642310829, 0.6354748603204033, 0.6343109869498531, 0.6364059590168435, 0.633147113579303, 0.633147113579303, 0.6319832400166221, 0.6305865921640925, 0.6268621973783319, 0.6329143389051929, 0.6329143389051929, 0.6343109869498531]}
