{"best_test_loss": 0.5648665425084861, "epoch_time_hist": [26.813669443130493, 26.539548873901367, 27.027504444122314, 26.521222352981567, 27.445005655288696, 27.384183883666992, 26.472845792770386, 24.561163187026978, 22.778353452682495, 21.656511545181274, 21.284180402755737, 20.655242443084717, 20.82394003868103, 19.952190160751343, 27.246466398239136, 43.367945194244385, 43.64843153953552, 44.24287533760071, 40.97053050994873, 40.5269193649292, 36.66741180419922, 34.12417507171631, 30.544971466064453, 25.760518074035645, 20.678332567214966], "time_till_best_val_loss": 454.17840480804443, "val_loss_hist": [0.6447313619191019, 0.6389004581391047, 0.6416076634601915, 0.6295293627524047, 0.6251561849099301, 0.6405664306405546, 0.6447313618673488, 0.6501457725812132, 0.6591003748300895, 0.6572261557547433, 0.6509787588369226, 0.67326114117715, 0.6634735526725641, 0.668679716770748, 0.6768013327639151, 0.5812161599212575, 0.5668471470102697, 0.5599750104006669, 0.5766347355148556, 0.5822573927408943, 0.6014160766222113, 0.6014160766222113, 0.6014160766222113, 0.6166180757889085, 0.7059558517137452, 0.690753852547048]}
