{"best_test_loss": 0.22801572521771124, "epoch_time_hist": [44.633331298828125, 44.60859489440918, 44.736127614974976, 44.822988986968994, 44.2297739982605, 44.084388971328735, 44.598599433898926, 44.908146381378174, 44.22901701927185, 44.37532305717468, 43.949378967285156, 44.1631977558136, 44.27785015106201, 44.40333437919617, 44.017372369766235, 44.78887391090393, 44.738911151885986, 44.145163774490356, 44.81927537918091, 44.80575633049011, 44.90449047088623, 44.85626482963562, 44.75780391693115, 44.8101863861084, 44.832154989242554], "time_till_best_val_loss": 356.6219515800476, "val_loss_hist": [0.6370262386633638, 0.5035401915763528, 0.33673469457587146, 0.28592253234923165, 0.27780091654309, 0.2636401499320358, 0.25385256133974277, 0.24989587671283017, 0.24198250728359055, 0.25301957517174056, 0.2559350271370344, 0.2557267805027962, 0.25551853393886886, 0.2700957934137839, 0.2632236568041811, 0.25052061640461226, 0.25197834235210376, 0.2517700957881764, 0.2578092461420698, 0.2478134110735566, 0.24947938358497546, 0.2540608079913773, 0.2557267805027962, 0.2563515201911237, 0.2482299042014113, 0.24885464389319337]}
