{"best_test_loss": 0.5176908752220631, "epoch_time_hist": [1.135904312133789, 1.1791810989379883, 1.3153090476989746, 1.3460819721221924, 1.4334185123443604, 1.349637508392334, 1.1470715999603271, 0.9404881000518799, 0.9571533203125, 0.8839015960693359, 0.7712488174438477, 0.8184535503387451, 1.0923054218292236, 0.9519689083099365, 0.9555163383483887, 0.9211571216583252, 0.9440808296203613, 1.0068695545196533, 1.0807092189788818, 1.0090961456298828, 0.9653446674346924, 0.9217872619628906, 0.9405002593994141, 0.9398336410522461, 0.9523775577545166], "time_till_best_val_loss": 10.804245471954346, "val_loss_hist": [0.6426488962798282, 0.6603498542136537, 0.6453561016966995, 0.6351520199784433, 0.6513952520260144, 0.6368179924652132, 0.643690129099465, 0.6330695543391698, 0.5518533944074999, 0.5283215326837084, 0.5526863806632094, 0.5676801332659792, 0.5749687630034367, 0.6172428154806905, 0.6005830903665018, 0.6005830903665018, 0.5283215326837084, 0.5283215326837084, 0.546647230309316, 0.5354019158572386, 0.5320699708344009, 0.5320699708344009, 0.5320699708344009, 0.5320699708344009, 0.5320699708344009, 0.5320699708344009]}
