{"best_test_loss": 0.6492861572494447, "epoch_time_hist": [30.31088900566101, 30.39657425880432, 30.120725393295288, 30.803356170654297, 30.276782989501953, 30.190240383148193, 30.31867289543152, 30.268444538116455, 29.86540961265564, 29.9094717502594, 30.12639808654785, 29.893288373947144, 30.450973987579346, 29.89633870124817, 30.263984203338623, 29.978098154067993, 29.578049659729004, 30.289762496948242, 29.860313892364502, 29.91010284423828, 30.04984951019287, 30.061906576156616, 29.697563409805298, 30.128197193145752, 30.187962770462036], "time_till_best_val_loss": 30.31088900566101, "val_loss_hist": [0.6576426488748647, 0.6339025403473665, 0.6711786756614729, 0.698250728848433, 0.6803415243506801, 0.6924198250584669, 0.698250728848433, 0.6999167013598518, 0.7032486463826896, 0.6903373594191933, 0.6803415243506801, 0.6786755518392612, 0.6659725114657835, 0.6599333615473114, 0.6684714702068207, 0.6788837984031886, 0.6838817157799266, 0.6872136610136038, 0.6892961266217761, 0.6895043732001847, 0.6897126197143963, 0.6849229487928739, 0.6838817159932055, 0.6855476886245403, 0.6865889217690826, 0.6865889214441772]}
