{"best_test_loss": 0.31527361885703054, "epoch_time_hist": [44.3786187171936, 45.59456706047058, 44.16158843040466, 45.41337704658508, 45.26908302307129, 46.98239779472351, 45.426228284835815, 44.64014005661011, 44.655301094055176, 45.38342237472534, 41.12122654914856, 42.11829686164856, 47.57711434364319, 46.012736797332764, 36.24696731567383, 40.412649393081665, 43.622639179229736, 40.06187629699707, 38.63426423072815, 38.130879402160645, 60.43957185745239, 48.92708683013916, 39.29826593399048, 33.689271688461304, 33.86408019065857], "time_till_best_val_loss": 664.9810657501221, "val_loss_hist": [0.40037194472900184, 0.3982465460917838, 0.41339001061154357, 0.4402231668320876, 0.4086078638970358, 0.37486716282085186, 0.41817215726838014, 0.45270988202326257, 0.4511158342069311, 0.39851222176510337, 0.44766206154423654, 0.4527098830910545, 0.3897449521593154, 0.4311902232442502, 0.3732731136989035, 0.3182784230522678, 0.35759829967168977, 0.37486716389455277, 0.35361317746138116, 0.42959617427126473, 0.3451115835517383, 0.4516471838349722, 0.3448459085987023, 0.3347502656659206, 0.3318278427116943, 0.47396386821270026]}
