{"best_test_loss": 0.08194936030249399, "epoch_time_hist": [154.9403223991394, 155.56546473503113, 155.48181343078613, 155.7048146724701, 154.77926516532898, 155.0133888721466, 155.673725605011, 154.4198079109192, 155.81274795532227, 153.0866277217865, 156.2675154209137, 155.69041776657104], "time_till_best_val_loss": 931.4850692749023, "val_loss_hist": [0.4341126461096145, 0.277364505837477, 0.12061636556533964, 0.12858660998595678, 0.10281615302596132, 0.09617428267544702, 0.08103081845751296, 0.08342189160245957, 0.08448459145381633, 0.09378320942455186, 0.09325185972540956, 0.08368756380850127, 0.09750265667488094]}
