{"best_test_loss": 0.11952082765805824, "epoch_time_hist": [1.4014003276824951, 1.5101654529571533, 1.4727537631988525, 1.6559598445892334, 1.7941598892211914, 1.8553850650787354, 1.870469093322754, 1.9924731254577637, 1.7609620094299316, 1.90181303024292, 1.7646641731262207, 1.9398729801177979, 1.9240989685058594, 1.9436373710632324, 1.8271853923797607, 1.84684157371521, 1.8230321407318115, 1.8358383178710938, 1.76456618309021, 1.7835099697113037, 1.9504790306091309, 1.9413824081420898, 1.8757266998291016, 1.7823154926300049, 1.7843017578125], "time_till_best_val_loss": 20.92007875442505, "val_loss_hist": [0.44739638640337076, 0.4893730074258934, 0.3108395324040691, 0.24123273113067928, 0.17640807650965973, 0.17879914983584488, 0.17640807650965973, 0.14505844845523225, 0.14319872475708825, 0.1596705632263637, 0.13310308166842244, 0.15940488872276903, 0.12752391009687067, 0.15356004250389055, 0.17348565355543344, 0.2021785334696552, 0.21652497342676608, 0.2136025504725398, 0.20589798086594321, 0.21652497342676608, 0.21652497342676608, 0.21652497342676608, 0.21652497342676608, 0.21652497342676608, 0.21652497342676608, 0.21652497342676608]}
