{"best_test_loss": 0.31554587499620823, "epoch_time_hist": [50.960364818573, 50.42532920837402, 50.98207330703735, 54.17715358734131, 53.833953619003296, 54.560346364974976, 50.56910991668701, 47.47689151763916, 46.80882215499878, 48.89528298377991, 51.7530722618103, 50.090707302093506, 43.61372137069702, 40.98001050949097, 42.446789503097534, 41.784767389297485, 41.59389090538025, 42.030375719070435, 41.25952982902527, 41.11844205856323, 41.61740255355835, 41.27896428108215, 42.659470319747925, 41.465416431427, 43.04291582107544], "time_till_best_val_loss": 101.38569402694702, "val_loss_hist": [0.39266737512240524, 0.3560042507875663, 0.3129649309162337, 0.3684909670465332, 0.4476620616246636, 0.3857598296183511, 0.34245483527251713, 0.39426142394851177, 0.3894792773499845, 0.3876195534870521, 0.4022316684271458, 0.47635494153888536, 0.4782146652370294, 0.48485653558754366, 0.48405951114548196, 0.4827311370753791, 0.48246546226135856, 0.48113708819125567, 0.4782146652370294, 0.4787460148650705, 0.48113708819125567, 0.47848034005104995, 0.4742295430267208, 0.47396386821270026, 0.47555791709682366, 0.4752922422828031]}
