{"best_test_loss": 0.286382231675276, "epoch_time_hist": [19.169034004211426, 18.548129320144653, 16.468445777893066, 16.693243265151978, 16.657217502593994, 16.331313848495483, 17.36550521850586, 18.348339080810547, 17.95053720474243, 16.721315622329712, 17.063002824783325, 17.464927196502686, 14.56266713142395, 13.521893978118896, 14.938056945800781, 15.210630655288696, 16.377708196640015, 14.633801937103271, 14.240798473358154, 15.942115783691406, 15.673052787780762, 14.456875562667847, 13.270249128341675, 13.908395051956177, 16.406434535980225], "time_till_best_val_loss": 312.2665681838989, "val_loss_hist": [0.4451091832680556, 0.4469039784490905, 0.44660484603383555, 0.4262638348661004, 0.40472629373602376, 0.4232725097091453, 0.4220759796463633, 0.43045168977742115, 0.4253664373190139, 0.42267424467775433, 0.41609332933245313, 0.36583906682978723, 0.4211785820992768, 0.43493867782127016, 0.44810050851187255, 0.4534848937943917, 0.45318576127869625, 0.4193837870051037, 0.4298534250544465, 0.2877654800990797, 0.29554292550716293, 0.3173795991529351, 0.4483996410275681, 0.44451091832352646, 0.4561770864356513, 0.31199521387041595]}
