{"best_test_loss": 0.04734073641007187, "epoch_time_hist": [19.554949522018433, 19.079571962356567, 18.74250078201294, 19.115437507629395, 18.914479970932007, 18.928333282470703, 19.05248498916626, 19.022870540618896, 18.933258533477783, 19.07255458831787, 19.01973009109497, 18.961227416992188, 19.00398349761963, 18.8571195602417, 18.9468092918396, 19.07805824279785, 18.971136808395386, 19.002881288528442, 18.856740951538086, 18.990987300872803, 19.089783906936646, 18.93429207801819, 19.043240547180176, 19.035611152648926, 19.026482582092285], "time_till_best_val_loss": 285.20531153678894, "val_loss_hist": [0.42058031706788573, 0.07986838169070092, 0.08764582709878416, 0.09153454980282577, 0.07029614132887374, 0.06431349087453445, 0.04696380496419492, 0.045767274901412885, 0.05055339515254103, 0.04457074483863085, 0.04516900987002187, 0.045767274901412885, 0.055040382887973666, 0.058330840560624264, 0.0661082859687075, 0.04337421477584882, 0.049356865089759, 0.07837271911222338, 0.07956924702668931, 0.05384385282519163, 0.049057732574063484, 0.05533951540366917, 0.052946455278105105, 0.0723900687983132, 0.07837271911222338, 0.055937780435060196]}
