{"best_test_loss": 0.10169491525126549, "epoch_time_hist": [1.109027624130249, 1.2436175346374512, 1.2196910381317139, 1.3685462474822998, 1.534874439239502, 1.5243606567382812, 1.5546748638153076, 1.5771658420562744, 1.6610891819000244, 1.5844783782958984, 1.6134984493255615, 1.5682172775268555, 1.5468666553497314, 1.6485984325408936, 1.5734689235687256, 1.4273619651794434, 1.4135725498199463, 1.3244373798370361, 1.3895049095153809, 1.4592280387878418, 1.4867689609527588, 1.5379796028137207, 1.2877171039581299, 1.3535096645355225, 1.3268482685089111], "time_till_best_val_loss": 17.55924153327942, "val_loss_hist": [0.37750523480773246, 0.3305414298435375, 0.29973078072690007, 0.18606042476260665, 0.15046365539484105, 0.15345498059599458, 0.11187556087012039, 0.12114866885668117, 0.1286269817490689, 0.11845647621542159, 0.13819922199660487, 0.10858510319746979, 0.10020939275799554, 0.11965300627820362, 0.12055040382529016, 0.1414896799239758, 0.19294047262360334, 0.1950344002334719, 0.2111875560810294, 0.2010170505473821, 0.2046066407357282, 0.18546215973121563, 0.21298235117520245, 0.21956326652050365, 0.22016153155189466, 0.2186658689734171]}
