{"best_test_loss": 0.30829924020139393, "epoch_time_hist": [20.669724464416504, 18.786823987960815, 17.55199360847473, 17.7884259223938, 17.112878561019897, 18.16490864753723, 19.060731172561646, 20.56290102005005, 19.363781213760376, 18.627436876296997, 21.150198459625244, 20.09693694114685, 19.963284730911255, 19.794239282608032, 19.478100299835205, 20.041642665863037, 19.727579355239868, 19.45936107635498, 19.113394498825073, 18.90884017944336, 19.34019112586975, 19.105257272720337, 19.559367418289185, 19.132396459579468, 19.043177127838135], "time_till_best_val_loss": 57.00854206085205, "val_loss_hist": [0.4403230631037893, 0.3924618603866084, 0.3873766078256842, 0.33024229728846904, 0.37840263235481897, 0.43104995511722854, 0.41070894404993397, 0.3733173795879953, 0.37092431946243126, 0.36195034399156595, 0.35088244091083215, 0.38797487285707527, 0.40083757103198214, 0.41040981153423844, 0.42147771461497224, 0.42147771461497224, 0.4229733771170888, 0.41788812442662615, 0.42267424467775433, 0.4244690396895835, 0.42267424467775433, 0.42387077474053636, 0.42357164222484084, 0.42746036492888245, 0.42716123241318693, 0.42476817228762287]}
