{"best_test_loss": 0.8389005985607696, "epoch_time_hist": [45.488260984420776, 44.83045744895935, 44.9246551990509, 44.40991830825806, 44.24855661392212, 44.662907123565674, 44.41415524482727, 44.409228563308716, 44.36437010765076, 44.34872126579285, 44.32965421676636, 44.18952441215515, 44.38626575469971, 44.2337372303009, 43.948474168777466, 44.06483197212219, 44.07766103744507, 44.12446141242981, 44.00951790809631, 43.92747497558594, 43.80932259559631, 43.95760917663574, 43.92022919654846, 43.87868022918701, 43.99594259262085, 43.845538854599, 43.89786243438721, 44.080108880996704, 43.9534797668457, 43.51525640487671, 44.07152247428894, 44.060760259628296, 43.92483115196228, 44.03029251098633, 43.84758949279785, 43.895655155181885, 43.924001693725586, 43.84701371192932, 44.11971640586853, 44.50677037239075, 44.06234574317932], "time_till_best_val_loss": 312.97891092300415, "val_acc_hist": [0.0, 0.0, 0.0, 0.0, 0.0, 0.0, 0.0, 0.0, 0.0, 0.0, 0.0, 0.0, 0.0, 0.0, 0.0, 0.0, 0.0, 0.0, 0.0, 0.0, 0.0, 0.0, 0.0, 0.0, 0.0, 0.0, 0.0, 0.0, 0.0, 0.0, 0.0, 0.0, 0.0, 0.0, 0.0, 0.0, 0.0, 0.0, 0.0, 0.0, 0.0, 0.0], "val_loss_hist": [0.8158583925866459, 0.8059372109651268, 0.8098998414903275, 0.8120888624500896, 0.8217036822567664, 0.8185662339600246, 0.8145436837075358, 0.801386357160655, 0.804894276338714, 0.816673364328432, 0.8179637020800842, 0.837201689620378, 0.8472540980270752, 0.8457460324704374, 0.8464985341052543, 0.84135477873437, 0.8571594208747824, 0.858588518442244, 0.8786753847562615, 0.8804271479682741, 0.8837867706951633, 0.8841832140591198, 0.8813321667828276, 0.881153761512297, 0.8803022166581302, 0.8808646497288685, 0.8807530315145952, 0.8794806018151158, 0.8792544422045799, 0.8781837362231499, 0.8781837362231499, 0.8783348736933204, 0.8782508477375808, 0.8782508477375808, 0.8779963912771577, 0.8779963912771577, 0.8781908623376288, 0.8781908623376288, 0.8781908623376288, 0.8781908623376288, 0.8781908623376288, 0.8781908623376288]}
