{"best_test_loss": 0.13079578033257036, "epoch_time_hist": [150.4448003768921, 152.90508937835693, 151.7422435283661, 152.97975969314575, 153.3736572265625, 153.82271075248718, 153.10308933258057, 152.5343747138977, 152.51818704605103, 151.54057621955872, 151.77470922470093, 151.67865991592407], "time_till_best_val_loss": 1828.4178574085236, "val_acc_hist": [0.0, 0.0, 0.0, 0.0, 0.0, 0.0, 0.0, 0.0, 0.0, 0.0, 0.005, 0.0, 0.005], "val_loss_hist": [0.9059438628982398, 0.35159681685260696, 0.24189843336155778, 0.20359688089591857, 0.1754200510090973, 0.16515392875771653, 0.15698083075380279, 0.15175200811228545, 0.14341590102744903, 0.13599242080110527, 0.13200857985457048, 0.1338213939556544, 0.12716640995189246]}
