{"best_test_loss": 0.12208805417927951, "epoch_time_hist": [2.308422803878784, 2.6230976581573486, 2.8348498344421387, 3.1358776092529297, 3.112928867340088, 3.201115369796753, 3.1573569774627686, 3.2565062046051025, 3.1123292446136475, 3.239556074142456, 3.263270139694214, 3.236973762512207, 3.2604148387908936, 3.1217851638793945, 3.0546653270721436, 2.959463596343994, 2.869136095046997, 2.908459424972534, 2.971090316772461, 3.2271907329559326, 3.0949506759643555, 3.159979820251465, 3.134746551513672, 3.227813482284546, 3.156921625137329, 3.2324130535125732, 3.2380614280700684, 3.115267276763916, 3.2152099609375, 3.2190306186676025, 3.243375778198242, 3.375871419906616, 3.231890916824341, 3.2239999771118164, 3.275364637374878, 3.2624926567077637, 3.251927137374878, 3.2495357990264893, 3.3717288970947266, 3.2380881309509277, 3.3038790225982666, 3.334747314453125, 3.3525989055633545, 3.263887643814087, 3.34256911277771, 3.199350357055664, 3.3781111240386963, 3.2852470874786377, 3.264251708984375, 3.2228386402130127, 3.24920392036438, 3.275905132293701, 3.3033881187438965, 3.3060054779052734, 3.286527633666992, 3.2658095359802246, 3.2594895362854004, 3.263500213623047, 3.258153200149536, 3.2743234634399414, 3.2971138954162598, 3.286029577255249, 3.2547311782836914, 3.2497355937957764, 3.2724950313568115, 3.2234973907470703, 3.2810349464416504, 3.3307948112487793, 3.2656309604644775, 3.2470126152038574, 3.246335506439209, 3.2543723583221436, 3.257499933242798, 3.2608895301818848, 3.3149490356445312, 3.2275302410125732, 3.267258882522583, 3.225409746170044, 3.334667205810547, 3.2399096488952637, 3.2627174854278564, 3.305979013442993, 3.233022689819336, 3.26188063621521, 3.254211902618408, 3.275679111480713, 3.276231050491333, 3.3009326457977295, 3.2775356769561768, 3.2994847297668457, 3.288442850112915, 3.252782106399536, 3.2905149459838867, 3.308180809020996, 3.2572920322418213, 3.2401957511901855, 3.246034860610962, 3.2819952964782715, 3.2670202255249023, 3.2920100688934326], "time_till_best_val_loss": 302.28744077682495, "val_acc_hist": [0.0, 0.0, 0.0, 0.0, 0.0, 0.0, 0.0, 0.0, 0.0, 0.0, 0.0, 0.0, 0.0, 0.0, 0.0, 0.0, 0.0, 0.0, 0.0, 0.0, 0.0, 0.0, 0.0, 0.0, 0.005, 0.005, 0.0, 0.01, 0.0, 0.005, 0.005, 0.0, 0.0, 0.0, 0.005, 0.0, 0.005, 0.005, 0.0, 0.005, 0.0, 0.0, 0.01, 0.0, 0.0, 0.005, 0.0, 0.005, 0.01, 0.0, 0.005, 0.01, 0.01, 0.01, 0.01, 0.015, 0.015, 0.02, 0.015, 0.015, 0.02, 0.02, 0.015, 0.005, 0.02, 0.015, 0.02, 0.015, 0.01, 0.015, 0.02, 0.02, 0.015, 0.015, 0.015, 0.02, 0.02, 0.02, 0.02, 0.02, 0.02, 0.02, 0.02, 0.02, 0.02, 0.02, 0.02, 0.02, 0.02, 0.02, 0.02, 0.02, 0.02, 0.02, 0.02, 0.02, 0.02, 0.02, 0.02, 0.02, 0.02], "val_loss_hist": [0.8973053503684573, 0.7391399123643331, 0.7516590485616584, 0.7028274805744554, 0.6557448416903552, 0.6258778019600935, 0.49757058124871933, 0.4247451546885461, 0.4315783820530251, 0.35266216543977746, 0.33126151464076786, 0.30420961957561027, 0.27297731812854403, 0.29479195875436864, 0.30001377521708067, 0.33467653483777504, 0.3455704216252141, 0.3354885125317575, 0.37481964696786374, 0.28962136228593965, 0.31744093126519585, 0.2726987770989819, 0.24928226712625573, 0.2490489758325173, 0.23699086214660142, 0.21648591198326572, 0.20982303589899404, 0.21306736132971846, 0.18530361773933185, 0.21492914787130635, 0.1796364094556007, 0.19408558239879972, 0.18110266045650264, 0.18942584916874317, 0.1792749525317524, 0.1711008182771874, 0.17197684125321952, 0.17752990032056987, 0.19262046769035585, 0.17336655348989885, 0.18151350680337588, 0.1766079194014493, 0.18393284439054358, 0.17488070819399315, 0.17594417887959068, 0.19088856752585892, 0.1759229951408602, 0.13807469079968715, 0.13940115164982564, 0.12859951191926822, 0.13767031805518018, 0.1266969287409192, 0.12644665975182987, 0.1278370245037995, 0.12929382338331935, 0.12412660721476705, 0.12452974011624193, 0.12339187945860462, 0.1252563827686251, 0.12549835758156752, 0.12589815447214134, 0.12512633181205718, 0.1221145190339251, 0.12519197676334584, 0.1253311125199938, 0.12777904203417564, 0.12429142733630309, 0.12370734194449169, 0.1264684984411405, 0.12234683699655202, 0.12271687330636417, 0.1259538230776153, 0.12352491928181708, 0.12631812478333093, 0.12529671028066885, 0.12475528187580072, 0.12305074818788085, 0.12378524273336432, 0.12247603983980934, 0.12199072514547693, 0.12196283634361804, 0.12143084192931275, 0.12193409071447923, 0.1221928364244693, 0.12205002031159526, 0.12395160597441422, 0.12360972790376328, 0.12403329007884703, 0.12319604938346515, 0.12251969349100741, 0.12240507975373849, 0.12215703859310184, 0.12156432243668774, 0.1215751614057447, 0.12109101040356465, 0.121471878451331, 0.12152971231005326, 0.12123636121677885, 0.12109152457332045, 0.12114936396011537, 0.1214688423374126]}
