{"best_test_loss": 0.6797061732089141, "epoch_time_hist": [59.785178422927856, 59.43026947975159, 59.263752937316895, 59.327986001968384, 58.939133405685425, 59.02920460700989, 58.80255103111267, 58.6731059551239, 58.61094903945923, 58.681615352630615, 58.6305992603302, 58.79165816307068, 58.62322640419006, 58.807250022888184, 58.95140886306763, 58.6975679397583, 58.68535304069519, 58.79303765296936, 58.452802658081055, 58.671257734298706, 58.46866416931152, 58.518423080444336, 58.593266010284424, 58.37933421134949, 58.47200870513916, 58.58870029449463, 58.5095272064209, 58.502573013305664, 58.48620581626892, 58.530662536621094, 58.44095015525818], "time_till_best_val_loss": 1704.1666104793549, "val_acc_hist": [0.0, 0.0, 0.0, 0.0, 0.0, 0.0, 0.0, 0.0, 0.0, 0.0, 0.0, 0.0, 0.0, 0.0, 0.0, 0.0, 0.0, 0.0, 0.0, 0.0, 0.0, 0.0, 0.0, 0.0, 0.0, 0.0, 0.0, 0.0, 0.0, 0.0, 0.0, 0.0], "val_loss_hist": [0.8388583044920623, 0.8053918606737243, 0.8183774968243926, 0.8264021169879417, 0.8026498736745733, 0.78423803755523, 0.780572923797663, 0.7743368053738504, 0.7800947059494826, 0.7668880363675412, 0.762087312235257, 0.7557765902518248, 0.768788589885592, 0.7571476550076273, 0.7586245221738936, 0.7570000639406878, 0.7469599490026401, 0.7361789610438411, 0.7287096219715867, 0.711413545820744, 0.7116425478856607, 0.7079016924495934, 0.706575488264631, 0.7051319237597881, 0.6926957906013582, 0.692573073938931, 0.6914241936939144, 0.6879734170505983, 0.6813010568892669, 0.6715323968502765, 0.6856306895132894, 0.6882871053893416]}
