{"best_test_loss": 0.33993227402084053, "epoch_time_hist": [38.69797468185425, 39.616374254226685, 39.692655086517334, 40.45399212837219, 39.888975620269775, 40.54801344871521, 41.43416404724121, 41.31798458099365, 39.839446783065796, 40.713504791259766, 44.67761206626892, 43.65716600418091, 42.22929263114929, 41.14746689796448, 38.481009006500244, 38.943562507629395, 35.15688109397888, 35.613014221191406, 38.87094068527222, 36.49255394935608, 36.39825773239136, 35.6011016368866, 37.653180837631226, 33.3553409576416, 31.770031452178955], "time_till_best_val_loss": 651.3391945362091, "val_loss_hist": [0.35885805762116174, 0.37566702227517873, 0.42475987192036396, 0.41568836711804463, 0.45224119529209605, 0.4823906083115691, 0.43836712912384296, 0.457577374587578, 0.4455709709659972, 0.47598719315699073, 0.40955176092824036, 0.3708644617217637, 0.3500533617836165, 0.3543223052200021, 0.3500533617836165, 0.3521878335018093, 0.3348452507914929, 0.3743329775945268, 0.3564567769381949, 0.3543223052200021, 0.3417822838756195, 0.3545891141847762, 0.3559231590086467, 0.3516542155722611, 0.3359124866505893, 0.3500533617836165]}
