{"best_test_loss": 0.06902839280882969, "epoch_time_hist": [133.20335698127747, 131.4083514213562, 132.97321248054504, 130.41082334518433, 133.01543641090393, 133.22994112968445, 133.16562414169312, 133.09024691581726, 132.44118452072144, 133.10130739212036, 133.1068320274353, 133.03638172149658, 133.34116315841675, 133.429354429245], "time_till_best_val_loss": 1725.5238616466522, "val_loss_hist": [0.43596584844087605, 0.16942369259296164, 0.11045891141647655, 0.0736392741955502, 0.06830309498216908, 0.07443970117197334, 0.06830309498216908, 0.06723585912307269, 0.06350053361623531, 0.07097118462991006, 0.08004268943222939, 0.0648345784401058, 0.06696905023881518, 0.05949839914462384, 0.07577374599584381]}
