{"best_test_loss": 0.09924459494401551, "epoch_time_hist": [1.230417251586914, 1.3876523971557617, 1.3602333068847656, 1.6795721054077148, 1.7674689292907715, 1.7739081382751465, 1.7532672882080078, 1.7308061122894287, 1.6741163730621338, 1.9358012676239014, 1.7578449249267578, 1.8361082077026367, 1.8945379257202148, 1.7581422328948975, 1.7925028800964355, 1.7723462581634521, 1.7108008861541748, 1.7937791347503662, 1.750678300857544, 1.6732008457183838, 1.66951584815979, 1.7594399452209473, 1.8177776336669922, 1.8226032257080078, 1.8773818016052246], "time_till_best_val_loss": 18.051088094711304, "val_loss_hist": [0.45517609396433706, 0.4917289221623852, 0.22732123798753145, 0.19236926360212464, 0.1462113126962057, 0.10512273205770403, 0.09898612589754051, 0.12353255069040735, 0.12833511205634113, 0.12166488793698867, 0.12139807897221457, 0.09791889007209395, 0.11472785485286212, 0.12219850586653687, 0.15501600853375092, 0.17902881536341972, 0.196104589108962, 0.20437566701695903, 0.20410885805218493, 0.20090715047489577, 0.21584845250224524, 0.21584845250224524, 0.20197438633399215, 0.19717182496805838, 0.1958377801441879, 0.1969050160032843]}
