{"best_test_loss": 0.3412346965266675, "epoch_time_hist": [47.435089349746704, 48.49069666862488, 50.717658281326294, 45.80182361602783, 48.812031507492065, 51.01076364517212, 50.62369132041931, 48.048815965652466, 44.18867111206055, 43.85721564292908, 42.2338707447052, 40.042542457580566, 40.39424657821655, 39.431283473968506, 39.57996988296509, 39.23372149467468, 39.19602370262146, 39.424198389053345, 38.91198754310608, 39.25979495048523, 39.39953565597534, 39.3029420375824, 39.15125346183777, 39.09840106964111, 38.51661467552185], "time_till_best_val_loss": 47.435089349746704, "val_loss_hist": [0.41008537885778856, 0.34631803627677915, 0.3834044823803788, 0.3988794022157787, 0.41542155513194784, 0.4223585910965222, 0.4250266707254685, 0.4140875133294, 0.4818569903820209, 0.49359658483208124, 0.49359658483208124, 0.4887940234661475, 0.4978655282684668, 0.4967982924093704, 0.4959978655150481, 0.4959978655150481, 0.495731056550274, 0.4951974386207258, 0.4943970117264035, 0.4941302027616294, 0.49386339379685534, 0.4943970117264035, 0.4941302027616294, 0.4959978655150481, 0.4959978655150481, 0.4959978655150481]}
