{"best_test_loss": 0.5661179951809484, "epoch_time_hist": [33.2540500164032, 33.48767018318176, 32.97641062736511, 31.843058586120605, 31.315682411193848, 31.495792388916016, 31.334593772888184, 31.468897342681885, 30.008150815963745, 28.602408409118652, 28.521223306655884, 27.829041004180908, 26.628072023391724, 28.416490077972412, 40.80978345870972, 43.960739850997925, 33.76511740684509, 37.72616267204285, 34.41489768028259, 33.873449087142944, 31.87558627128601, 31.807703018188477, 32.873414516448975, 34.80885410308838, 30.83741044998169], "time_till_best_val_loss": 467.99132442474365, "val_loss_hist": [0.6734383898954196, 0.6671729637238053, 0.6664135181191112, 0.6618568444909464, 0.6707803303461025, 0.6559711410545668, 0.6506550218217078, 0.6415416745283966, 0.6198974747510931, 0.6200873362136797, 0.6257831783879856, 0.6354661097278248, 0.6398329219548162, 0.641541674565378, 0.6339472185184366, 0.5426238845539658, 0.5747104613522933, 0.5633187772818812, 0.5885703436379615, 0.6151509398022565, 0.6569204480604344, 0.607556483755315, 0.5954053540802088, 0.5954053540802088, 0.5954053540802088, 0.6658439339155906]}
