{"best_test_loss": 0.2476419456214603, "epoch_time_hist": [72.82047367095947, 71.58489465713501, 72.17897510528564, 73.07068538665771, 73.05225586891174, 72.90964078903198, 73.12200284004211, 72.99097800254822, 73.03225231170654, 72.97292256355286, 72.78918313980103, 73.07856249809265, 73.1951904296875, 72.52747869491577, 71.90127801895142, 72.7707097530365, 73.0366792678833, 73.16327238082886, 73.22267246246338, 73.21793842315674, 73.07913112640381, 73.12441849708557, 73.32487487792969, 73.2439353466034, 72.83843636512756], "time_till_best_val_loss": 1602.8415958881378, "val_loss_hist": [0.666033794251401, 0.559711410659584, 0.45870514523526285, 0.39092462501631053, 0.2921966964060718, 0.2544142775725382, 0.25574330738075296, 0.27074235807346225, 0.27169166507932996, 0.25574330738075296, 0.25042718814789394, 0.27055249667228876, 0.26694513004999154, 0.2775773685157096, 0.2610594266136119, 0.26428707043356203, 0.2785266756134146, 0.2677045756546857, 0.27169166507932996, 0.25270552496197635, 0.24530093031620845, 0.24321245490329957, 0.23580786025753167, 0.24416176188114322, 0.25897095120070307, 0.26808429853488014]}
