{"best_test_loss": 0.4902903643334513, "epoch_time_hist": [1.1360650062561035, 1.218217372894287, 1.2785873413085938, 1.3446354866027832, 1.377302646636963, 1.3777000904083252, 1.1872327327728271, 0.9738373756408691, 0.848724365234375, 0.7570371627807617, 0.7068126201629639, 0.8991358280181885, 0.9850718975067139, 0.9254412651062012, 0.9430496692657471, 0.8772482872009277, 0.8539555072784424, 0.9359686374664307, 0.961724042892456, 1.0202293395996094, 1.05106782913208, 0.9162776470184326, 0.9171972274780273, 0.9161438941955566, 0.9254262447357178], "time_till_best_val_loss": 13.105288028717041, "val_loss_hist": [0.6800835378267931, 0.6658439340009955, 0.6591987848745169, 0.6654642111132435, 0.6586292006709963, 0.6402126446164482, 0.647237516600584, 0.6282513764832305, 0.601860641720109, 0.5813556103933671, 0.5654072526947901, 0.5452819441703952, 0.48091892917256657, 0.49496867285940827, 0.5211695462213563, 0.5211695462213563, 0.5363584583152391, 0.5031327131098703, 0.5183216252037531, 0.5183216252037531, 0.522498576029571, 0.5211695462213563, 0.5211695462213563, 0.5063603569298204, 0.5063603569298204, 0.5063603569298204]}
