{"best_test_loss": 0.6001479563417764, "epoch_time_hist": [37.99249792098999, 37.84942317008972, 38.247575998306274, 38.21564817428589, 37.362884283065796, 36.876479625701904, 36.53623175621033, 36.35976839065552, 36.69506359100342, 36.72147750854492, 36.52190613746643, 37.29772615432739, 37.1475670337677, 37.24705147743225, 37.63417196273804, 37.24870443344116, 37.00235939025879, 37.204206466674805, 36.60203790664673, 37.39274525642395, 37.47128510475159, 36.97722554206848, 37.11980223655701, 37.00965213775635, 36.96166372299194], "time_till_best_val_loss": 929.6951553821564, "val_loss_hist": [0.5783178279745905, 0.6421112587764966, 0.6574900322292546, 0.6872982722197827, 0.6772356180067945, 0.683690905552576, 0.6891968852547765, 0.6721093601461832, 0.6650844881582422, 0.6795139548000851, 0.6814125687914071, 0.671539775902097, 0.6810328460094734, 0.6806531232071265, 0.6800835389769633, 0.678944370438878, 0.679134231901565, 0.6783747862517227, 0.6774254793871763, 0.6760964495789615, 0.6762863099581582, 0.6762863108506174, 0.677805201897292, 0.6783747863930439, 0.6783747863930439, 0.6783747863930439]}
