{"best_test_loss": 0.3211488250559574, "epoch_time_hist": [20.778907775878906, 19.599928379058838, 20.057685613632202, 19.097800970077515, 20.29276704788208, 22.014248609542847, 21.162249326705933, 22.24560856819153, 20.88225769996643, 19.68175959587097, 17.20395278930664, 17.741118907928467, 18.88344931602478, 20.337132453918457, 23.092142820358276, 30.07384967803955, 25.616791248321533, 20.29095983505249, 16.608808517456055, 16.252357244491577, 15.09910798072815, 17.24040412902832, 20.52346706390381, 20.155537128448486, 17.705719470977783], "time_till_best_val_loss": 427.0128843784332, "val_loss_hist": [0.3628451380443324, 0.33013205281122054, 0.34213685457822024, 0.4144657863494671, 0.3346338523935566, 0.39105642255729123, 0.4291716686545867, 0.46398559422376995, 0.4126650660140257, 0.3553421368440774, 0.3040216088750548, 0.3421368524964142, 0.3490396158358632, 0.40756302519785226, 0.4225690275983623, 0.35264105641198557, 0.3568427370841284, 0.39315726289336267, 0.4102641056299441, 0.39105642255729123, 0.3145258103146901, 0.3013205282022413, 0.3121248499306085, 0.44387755100708653, 0.3103241296425473, 0.4660864345598414]}
