{"best_test_loss": 0.06092254145599314, "epoch_time_hist": [27.137377977371216, 27.187283039093018, 26.896519422531128, 26.781728267669678, 26.689276933670044, 26.922290563583374, 27.094560146331787, 27.135518550872803, 27.055094718933105, 27.02563762664795, 27.090428829193115, 27.146396160125732, 27.011662244796753, 27.07553219795227, 27.13456630706787, 27.213228225708008, 27.114030122756958, 27.21552276611328, 27.15624189376831, 27.102015256881714, 27.154448986053467, 27.212552309036255, 27.054720163345337, 27.092607259750366, 27.292944192886353], "time_till_best_val_loss": 351.1737744808197, "val_loss_hist": [0.44717887153519875, 0.09333733493117236, 0.07833133253066232, 0.09993997598739676, 0.08433373349086634, 0.07412965185851952, 0.07442977190652972, 0.06512605041821351, 0.06932773109035631, 0.06962785113836652, 0.0630252100821421, 0.0648259303702033, 0.06632653061025431, 0.05642256902591769, 0.07082833133040732, 0.0588235294099993, 0.07563025209857052, 0.0624249699861217, 0.057623049217958494, 0.06752701080229512, 0.05942376982462322, 0.0600240096020401, 0.06122448963882212, 0.0660264105622441, 0.06932773126628465, 0.05972388972236917]}
