{"best_test_loss": 0.1029881055960839, "epoch_time_hist": [1.158933162689209, 1.3944461345672607, 1.2420451641082764, 1.4346556663513184, 1.5966756343841553, 1.6434097290039062, 1.6139686107635498, 1.6084742546081543, 1.6868112087249756, 1.6528198719024658, 1.6300783157348633, 1.6017889976501465, 1.6598892211914062, 1.5699632167816162, 1.515568733215332, 1.4844107627868652, 1.3590941429138184, 1.4162836074829102, 1.358701467514038, 1.3626806735992432, 1.3649556636810303, 1.3804161548614502, 1.358285665512085, 1.369333028793335, 1.4031641483306885], "time_till_best_val_loss": 10.084134101867676, "val_loss_hist": [0.4309723889836579, 0.3904561825997739, 0.2337935173999462, 0.20768307322305873, 0.17587034813397748, 0.13655462184464123, 0.124249699876223, 0.11644657862795779, 0.1269507803083148, 0.1203481392520904, 0.17286914765387548, 0.11794717886800879, 0.1323529411724984, 0.1266506602603046, 0.13835534213270242, 0.17166866746183468, 0.18907563024642632, 0.23229291715989517, 0.23559423768800739, 0.23229291715989517, 0.23169267706387478, 0.22629051619969118, 0.22058823528749735, 0.22599039615168098, 0.22569027610367076, 0.23019207682382378]}
