{"best_test_loss": 0.36843632151612027, "epoch_time_hist": [23.13790488243103, 22.218323945999146, 22.009220838546753, 21.586333751678467, 21.217243909835815, 20.25344181060791, 20.045771598815918, 20.235185623168945, 20.077720165252686, 20.274821043014526, 20.017908334732056, 20.37744975090027, 20.365830659866333, 20.37079381942749, 22.1811261177063, 23.032891511917114, 22.882269382476807, 23.292674779891968, 23.238928079605103, 22.957619428634644, 22.997438192367554, 23.29545497894287, 23.173591136932373, 23.83943748474121, 22.806281328201294], "time_till_best_val_loss": 88.9517834186554, "val_loss_hist": [0.3760504201567812, 0.4117647057480234, 0.39405762283102447, 0.34213685467924465, 0.3364345737709992, 0.3694477791005568, 0.35654261703611817, 0.3721488595326486, 0.3769507803008118, 0.39315726289336267, 0.42106842730769567, 0.4273709483665255, 0.4156662664941277, 0.4318727490866785, 0.4621848739357088, 0.44807923167922936, 0.4405762304789743, 0.44387755100708653, 0.4441776710550967, 0.4474789915832089, 0.4474789915832089, 0.4498799519672905, 0.4528811524473925, 0.45408163263943335, 0.4528811524473925, 0.4528811524602626]}
