{"best_test_loss": 0.5865858279429108, "epoch_time_hist": [1.9333975315093994, 1.4805397987365723, 1.6213955879211426, 1.6259791851043701, 1.7649056911468506, 1.7023897171020508, 1.75095534324646, 1.7175700664520264, 1.9609804153442383, 1.5372092723846436, 1.3570470809936523, 1.4022982120513916, 1.4363934993743896, 1.4073991775512695, 1.4654531478881836, 1.4561290740966797, 1.4673144817352295, 1.3791625499725342, 1.3842918872833252, 1.3747854232788086, 1.336414098739624, 1.4613182544708252, 1.3429343700408936, 1.3441367149353027, 1.4345784187316895], "time_till_best_val_loss": 1.9333975315093994, "val_loss_hist": [0.5695860827663591, 0.5656868626105073, 0.5695860820375418, 0.5857828434137438, 0.5671865626704503, 0.5851829633897666, 0.6004799040011853, 0.6112777444327752, 0.5938812237374361, 0.5827834432938578, 0.5770845830660742, 0.5761847630301085, 0.5725854828862452, 0.5725854828862452, 0.5725854828862452, 0.5725854828862452, 0.5725854828862452, 0.5725854828862452, 0.5725854828862452, 0.5725854828862452, 0.5725854828862452, 0.5725854828862452, 0.5725854828862452, 0.5725854828862452, 0.5725854828862452, 0.5725854828862452]}
