{"best_test_loss": 0.08791208790875665, "epoch_time_hist": [3.874537229537964, 3.5854032039642334, 3.503918170928955, 3.52256441116333, 3.5512027740478516, 3.4906272888183594, 3.495955467224121, 3.5748438835144043, 3.5187206268310547, 3.5199177265167236, 3.579725503921509, 3.524747371673584, 3.512150287628174, 3.5725514888763428, 3.5194859504699707, 3.507152795791626, 3.5610244274139404, 3.5133111476898193, 3.5173652172088623, 3.573173761367798, 3.507962703704834, 3.513781785964966, 3.575502872467041, 3.509917736053467, 3.5167651176452637], "time_till_best_val_loss": 71.01837873458862, "val_loss_hist": [0.5527894427126974, 0.12807438511913394, 0.09628074384834191, 0.10287942411209121, 0.09628074384834191, 0.10167966388852717, 0.10107978394611952, 0.0875824835006724, 0.09058188362055844, 0.08878224354862681, 0.08308338332084333, 0.0884823035366382, 0.09718056388430772, 0.09898020395623935, 0.09208158368050146, 0.08668266346470659, 0.08488302339277495, 0.09118176364453565, 0.09388122375243307, 0.08818236336154152, 0.0812837432489117, 0.0944811037764103, 0.09298140371646726, 0.102279544088114, 0.08728254348868379, 0.08458308338078635]}
