{"best_test_loss": 0.11140583553954507, "epoch_time_hist": [0.8829991817474365, 0.9134159088134766, 0.9490327835083008, 0.9263424873352051, 0.9243273735046387, 0.9248867034912109, 0.9617958068847656, 0.9753425121307373, 0.9394488334655762, 0.9850518703460693, 0.9582235813140869, 1.0171172618865967, 1.052156686782837, 1.081831455230713, 1.0850846767425537, 1.0853371620178223, 1.1140928268432617, 1.0830914974212646, 1.1023170948028564, 1.1235158443450928, 1.1840081214904785, 1.0781118869781494, 1.1442716121673584, 1.1373929977416992, 1.1545019149780273], "time_till_best_val_loss": 16.776487112045288, "val_loss_hist": [0.5248950211495439, 0.18566286742094593, 0.15416916629232064, 0.1682663467256069, 0.16766646670162969, 0.14547090581447297, 0.1304739052150428, 0.15326934612617668, 0.17756448709725361, 0.14277144570657554, 0.1178764247115214, 0.16346730653378924, 0.14277144570657554, 0.13707258547879206, 0.1250749849992479, 0.15056988601827925, 0.13677264546680346, 0.11127774444777212, 0.1379724055147579, 0.14787042591038183, 0.1616676664618576, 0.15176964606623367, 0.15026994600629065, 0.12957408517907698, 0.14967006598231344, 0.14037192561066672]}
