{"best_test_loss": 0.13717317165073237, "epoch_time_hist": [2.55153226852417, 1.9512548446655273, 1.980520248413086, 1.9867258071899414, 1.9381163120269775, 2.0053348541259766, 1.951395034790039, 1.8867580890655518, 1.9192249774932861, 1.9084994792938232, 1.906693935394287, 1.8918719291687012, 1.8969993591308594, 1.8448331356048584, 1.767519235610962, 1.8433139324188232, 1.802842378616333, 1.7643349170684814, 1.762610912322998, 1.7679100036621094, 1.7588965892791748, 1.8111181259155273, 1.7881600856781006, 1.8401007652282715, 1.8196394443511963], "time_till_best_val_loss": 38.32829165458679, "val_loss_hist": [0.47300539890602866, 0.32423515295968103, 0.2804439112093448, 0.23155368925520237, 0.2054589082121938, 0.1832633473250371, 0.16346730653378924, 0.17216556688145876, 0.16496700659373226, 0.16076784642589179, 0.15776844630600576, 0.16556688661770946, 0.16346730653378924, 0.1751649670013448, 0.16316736652180064, 0.15686862627003995, 0.16886622636833076, 0.16136772606829927, 0.15716856628202855, 0.14907018595833624, 0.14427114576651856, 0.14787042591038183, 0.14817036592237043, 0.15506898619810833, 0.15296940611418808, 0.1538692261501539]}
