{"best_test_loss": 0.2672852439309403, "epoch_time_hist": [12.858697175979614, 12.380748510360718, 11.178113460540771, 11.08214020729065, 11.414177179336548, 11.915009021759033, 11.77573013305664, 10.488094329833984, 10.916464567184448, 10.67401123046875, 9.53459119796753, 9.561354875564575, 9.643365621566772, 9.97276782989502, 9.528242349624634, 9.881152868270874, 10.269059419631958, 9.173410654067993, 7.81644082069397, 6.888194799423218, 7.015242576599121, 8.660086631774902, 10.051079034805298, 9.880367279052734, 8.652330875396729], "time_till_best_val_loss": 183.07371997833252, "val_loss_hist": [0.4291767554349523, 0.4079903147576274, 0.3983050847337075, 0.3983050847337075, 0.42342615010824985, 0.4285714285584573, 0.4409806295266047, 0.4073849878811324, 0.38650121064205506, 0.41434624704544704, 0.2972154964213635, 0.40556900730773293, 0.4125302663313399, 0.43704600482938727, 0.43250605325567476, 0.4113196125783499, 0.42554479417598234, 0.2633171912753233, 0.37348668279741265, 0.36924939466194767, 0.39679176754247, 0.43734866826763474, 0.43644067795289226, 0.43250605325567476, 0.42282082323175485, 0.4125302663313399]}
