{"best_test_loss": 0.025740796168041282, "epoch_time_hist": [8.893922090530396, 8.48523759841919, 8.475566625595093, 8.491389274597168, 8.39772629737854, 8.378275394439697, 8.355608940124512, 8.298015594482422, 8.338742017745972, 8.431068897247314, 8.331151962280273, 8.402545690536499, 8.354410409927368, 8.424453735351562, 8.404178619384766, 8.49154281616211, 8.383135557174683, 8.303094148635864, 8.42383885383606, 8.356527328491211, 8.380493640899658, 8.41450572013855, 8.419295310974121, 8.410544395446777, 8.46300482749939], "time_till_best_val_loss": 210.5082757472992, "val_loss_hist": [0.39679176754312767, 0.06023002421125212, 0.04903147699609469, 0.049939467310837184, 0.06476997578496459, 0.05115012106382718, 0.0811138014503295, 0.047215496366609704, 0.040254237286917245, 0.0314769975777398, 0.033898305083719785, 0.040254237286917245, 0.03964891041042225, 0.036016949151452274, 0.03631961258969977, 0.032687651330729796, 0.03359564164547229, 0.035411622274957276, 0.029661016948254813, 0.030569007262997307, 0.031174334139492305, 0.03571428571320478, 0.0314769975777398, 0.030871670701244806, 0.030871670701244806, 0.025121065374542343]}
