{"best_test_loss": 0.07752170015530976, "epoch_time_hist": [1.0138788223266602, 1.1832404136657715, 1.2798030376434326, 1.3325507640838623, 1.4435734748840332, 1.3692283630371094, 1.3843374252319336, 1.4622466564178467, 1.4452202320098877, 1.4784784317016602, 1.4998998641967773, 1.4707286357879639, 1.5502092838287354, 1.5391242504119873, 1.5874648094177246, 1.5647914409637451, 1.5783569812774658, 1.5677223205566406, 1.5508873462677002, 1.6830849647521973, 1.5706381797790527, 1.5369062423706055, 1.5485343933105469, 1.6506094932556152, 1.5570275783538818], "time_till_best_val_loss": 17.913395404815674, "val_loss_hist": [0.3299031474916169, 0.3765133171798876, 0.3120460048331705, 0.22881355931510855, 0.13347457626714665, 0.1116828087133268, 0.0732445519790409, 0.08989104115950694, 0.09685230023919938, 0.09927360774517938, 0.12015738498425674, 0.09594430992445689, 0.11773607747827676, 0.07233656166232737, 0.10744552057786182, 0.11924939466951424, 0.1107748183985843, 0.10956416454658051, 0.10199757868940686, 0.12227602905198923, 0.11228813558982179, 0.158595641641689, 0.10320823244239685, 0.11713075060178177, 0.11016949152208931, 0.1104721549603368]}
