{"best_test_loss": 0.3534869799355437, "epoch_time_hist": [12.924425601959229, 10.810057401657104, 11.131847143173218, 12.859426498413086, 13.177511930465698, 13.016507625579834, 12.35231614112854, 11.731140375137329, 12.090122938156128, 11.27611494064331, 11.33242154121399, 11.246134996414185, 10.976104974746704, 10.854993104934692, 11.00888705253601, 11.131503582000732, 11.047318458557129, 11.275780439376831, 11.081444501876831, 10.896488904953003, 10.962810277938843, 11.014139890670776, 10.98710298538208, 11.139707565307617, 11.07808804512024], "time_till_best_val_loss": 34.86633014678955, "val_loss_hist": [0.4128329297695874, 0.3753026634268976, 0.38377723969782757, 0.3601694916136167, 0.36319612589699773, 0.3922518159687575, 0.41949152541103235, 0.4219128329170123, 0.40133171918690835, 0.3858958830204633, 0.3768159805593937, 0.38589588376556005, 0.3868038740803026, 0.3976997578572125, 0.4088983050723699, 0.41041162214652543, 0.4116222760165974, 0.40980629538711244, 0.4107142857018549, 0.4107142857018549, 0.4104116222636074, 0.4113196125783499, 0.4122276028930924, 0.41192493945484493, 0.4110169491401024, 0.41041162216255067]}
