{"best_test_loss": 0.5341391009216679, "epoch_time_hist": [23.758783102035522, 22.926948308944702, 23.047537803649902, 22.96458601951599, 23.334501028060913, 23.831803560256958, 24.29221510887146, 25.071232557296753, 25.469852924346924, 26.388315200805664, 24.68934655189514, 21.149194955825806, 17.80207586288452, 17.422237873077393, 18.170581817626953, 28.983043432235718, 26.627100229263306, 33.56947565078735, 30.776127338409424, 25.0932674407959, 20.36143469810486, 17.430338144302368, 17.047147274017334, 18.21697998046875, 17.34525442123413], "time_till_best_val_loss": 395.9293563365936, "val_loss_hist": [0.6594615094053917, 0.6714069017695979, 0.6587030714331576, 0.669700417127992, 0.6463784603237069, 0.6386044747950779, 0.6473265073824929, 0.6429654910761667, 0.64713689797787, 0.681835419023856, 0.6954872959585899, 0.6765263556944155, 0.6505498672610818, 0.6393629123883322, 0.6359499431051204, 0.5750853242211778, 0.5754645430304235, 0.5447478194815178, 0.5692074326778687, 0.5692074326778687, 0.5684489950593772, 0.6685627607002548, 0.6759575274805469, 0.6744406522435639, 0.6744406522435639, 0.7153962836421047]}
