{"best_test_loss": 0.18447837149736052, "epoch_time_hist": [26.88641929626465, 26.408263206481934, 26.676873922348022, 26.351492643356323, 26.626235008239746, 26.75858211517334, 26.759495973587036, 26.73141837120056, 26.721346378326416, 26.809855461120605, 26.670844554901123, 26.695343255996704, 26.763863801956177, 26.724628686904907, 26.70482563972473, 26.839516639709473, 26.813422679901123, 26.696771383285522, 26.848702907562256, 26.72969150543213, 26.729007482528687, 26.79102873802185, 26.769837379455566, 26.755836009979248, 26.72093653678894], "time_till_best_val_loss": 293.40082693099976, "val_loss_hist": [0.6059916567427722, 0.33560864615168423, 0.25995449373796065, 0.23416761470924977, 0.21634433067469958, 0.2258248009058433, 0.21065604861449427, 0.20458854758808137, 0.20269245354185264, 0.202123625441457, 0.18923018589210946, 0.18790291998126843, 0.19757299961703503, 0.20553659461119575, 0.20648464163431013, 0.1954872961661834, 0.1932119833107089, 0.19643534318929778, 0.19453924914306903, 0.20629503222968723, 0.20686386044355587, 0.2038301099695899, 0.2220326122117035, 0.2117937049637506, 0.20762229806204738, 0.2104664391313905]}
