{"best_test_loss": 0.4518659881159486, "epoch_time_hist": [1.0541224479675293, 1.2048492431640625, 1.2677819728851318, 1.360346794128418, 1.372098445892334, 1.2643070220947266, 1.1571834087371826, 1.028104543685913, 1.0283174514770508, 0.9423360824584961, 0.9592671394348145, 0.9252045154571533, 0.9798145294189453, 0.9310836791992188, 0.9988460540771484, 1.107600450515747, 1.0592012405395508, 1.020735263824463, 1.0413222312927246, 1.0329029560089111, 0.9839169979095459, 0.98002028465271, 0.9445207118988037, 1.0029528141021729, 0.9476172924041748], "time_till_best_val_loss": 12.63871455192566, "val_loss_hist": [0.6477057261917386, 0.6818354190515937, 0.6761471368851698, 0.6634433067754372, 0.6702692450342246, 0.6458096321455099, 0.6429654910761667, 0.6020098596776259, 0.5056882809815698, 0.46985210465548255, 0.47061054227397403, 0.4552521804995212, 0.46814562001387666, 0.5096700796262862, 0.5841865756430757, 0.601820250273003, 0.5764125900535378, 0.58380735683383, 0.5974592339666769, 0.5870307167124188, 0.5870307167124188, 0.5748957148165549, 0.592908608255728, 0.592908608255728, 0.592908608255728, 0.592908608255728]}
