{"best_test_loss": 0.6058100084689184, "epoch_time_hist": [23.244815587997437, 23.377891302108765, 22.861225605010986, 22.657262325286865, 23.04996109008789, 22.761042833328247, 23.27607750892639, 22.985679864883423, 22.738385915756226, 22.870680809020996, 22.836557149887085, 22.750635385513306, 22.80672287940979, 22.675223112106323, 22.452667236328125, 22.50807762145996, 22.68772053718567, 22.671387195587158, 22.53657555580139, 22.75005316734314, 22.722465753555298, 22.4525363445282, 22.94722557067871, 22.50384783744812, 22.58306384086609], "time_till_best_val_loss": 479.2211084365845, "val_loss_hist": [0.6602199468968484, 0.6778536215267756, 0.6751990898620555, 0.6533940083304248, 0.6488433826194758, 0.6598407280876026, 0.6685627607107872, 0.6552901023766536, 0.6370875997443344, 0.6259006448616472, 0.6277967387763967, 0.6355707242958747, 0.6458096321455099, 0.6549108835674079, 0.642775881511289, 0.6513083048795733, 0.6446719757177727, 0.6465680697640014, 0.6255214258508623, 0.5993553280129057, 0.5953735305158253, 0.5938566552788423, 0.5974592339666769, 0.6111111110995239, 0.6241941600185023, 0.6522563519026876]}
