{"best_test_loss": 0.5895360315137175, "epoch_time_hist": [24.933844089508057, 25.30639672279358, 24.89910101890564, 25.467325448989868, 26.21593999862671, 26.267063856124878, 25.16970181465149, 24.045335292816162, 23.034027814865112, 21.063351154327393, 19.835083723068237, 19.59189534187317, 19.33439588546753, 21.9792218208313, 23.08024573326111, 23.927815437316895, 23.28505253791809, 23.515111446380615, 23.26779317855835, 23.860724210739136, 23.804823398590088, 23.207524061203003, 23.56605100631714, 23.755123615264893, 21.825236082077026], "time_till_best_val_loss": 75.13934183120728, "val_loss_hist": [0.5877760852896463, 0.58720487406272, 0.5843488194862082, 0.5774942878793318, 0.5792079207810509, 0.6273800457269599, 0.6429931454561502, 0.6549885757681838, 0.6686976393010516, 0.6448971820136158, 0.6306169078326235, 0.6138613861269258, 0.6123381568809532, 0.6018659558148921, 0.6037699923723577, 0.610243716667741, 0.6151942117171517, 0.6169078444953525, 0.616336633651631, 0.6169078446188708, 0.6205255139946357, 0.619002284832083, 0.6191926884878296, 0.6085300837660219, 0.6142421934384189, 0.6138613861269258]}
