{"best_test_loss": 0.18124383020372667, "epoch_time_hist": [36.40048050880432, 36.43193602561951, 36.344430923461914, 36.405823707580566, 36.377325773239136, 36.40581178665161, 36.47021269798279, 36.44382119178772, 36.49638628959656, 36.32340741157532, 36.43738389015198, 36.45782518386841, 36.3495614528656, 36.59729886054993, 35.94432091712952, 36.34129548072815, 36.44870328903198, 36.4128520488739, 36.43185305595398, 36.49994206428528, 36.542070627212524, 35.969000577926636, 36.35152578353882, 36.408252477645874, 36.49646711349487], "time_till_best_val_loss": 909.7879891395569, "val_loss_hist": [0.6167174409631242, 0.40727341964190267, 0.2800837776031972, 0.2309596344205834, 0.23343488194528875, 0.2195354150757895, 0.18678598628738033, 0.20468392992755743, 0.20468392992755743, 0.1972581873534414, 0.20887281035398186, 0.19935262756665362, 0.1911652703695513, 0.19383092155000323, 0.1905940594023116, 0.19763899466493454, 0.2020182787471055, 0.20677837012445788, 0.20182787509135897, 0.204874333583304, 0.19497334370811475, 0.1905940594023116, 0.18773800456611314, 0.18221629851399368, 0.18392993141571418, 0.18202589290579704]}
