{"best_test_loss": 0.47798617965492624, "epoch_time_hist": [1.1063199043273926, 1.203695297241211, 1.3105788230895996, 1.3235883712768555, 1.342637538909912, 1.3972585201263428, 1.146899938583374, 1.0468955039978027, 0.9260015487670898, 0.7977635860443115, 0.8651721477508545, 0.909491777420044, 0.8400030136108398, 1.0085680484771729, 1.1739428043365479, 0.9792027473449707, 0.8921902179718018, 0.9673521518707275, 0.9994564056396484, 1.0368361473083496, 1.0292730331420898, 0.9720468521118164, 0.9802799224853516, 0.9409236907958984, 0.9171352386474609], "time_till_best_val_loss": 11.601639032363892, "val_loss_hist": [0.6317593297671028, 0.6395658795853586, 0.6437547600791365, 0.6273800456849319, 0.6167174409631242, 0.6250952018159731, 0.6186214775560959, 0.570830159888914, 0.5283701446967181, 0.4958111195640554, 0.4733434881859607, 0.4883853764377674, 0.5112338156795272, 0.5097105864335546, 0.5097105864335546, 0.5097105864335546, 0.5097105864335546, 0.5097105864335546, 0.5097105864335546, 0.5097105864335546, 0.5097105864335546, 0.5097105864335546, 0.5097105864335546, 0.5097105864335546, 0.5097105864335546, 0.5097105864335546]}
