{"best_test_loss": 0.5877591312815842, "epoch_time_hist": [26.287533044815063, 25.58556365966797, 25.9645938873291, 25.486196279525757, 25.578596830368042, 25.225565195083618, 25.51815366744995, 25.418697834014893, 25.751118898391724, 25.696980476379395, 26.073190927505493, 25.60516381263733, 25.218275547027588, 25.257608890533447, 25.485583543777466, 25.28836178779602, 24.947277545928955, 25.00074338912964, 25.3587703704834, 24.561042547225952, 25.330002784729004, 25.204997062683105, 25.201863765716553, 25.564043521881104, 25.504929065704346], "time_till_best_val_loss": 333.4096300601959, "val_loss_hist": [0.6254760089708157, 0.6711728865066419, 0.6597486671618479, 0.6075780654872891, 0.6254760091274661, 0.6403274942756982, 0.636519421160767, 0.6306169078326235, 0.637852246750993, 0.6306169078326235, 0.6176694577677918, 0.5986290936672005, 0.6011043411919059, 0.5845392231419547, 0.5879664889453929, 0.5910129474373379, 0.604341203118528, 0.6068164505374168, 0.5923457730275639, 0.5965346534539883, 0.5974866686212195, 0.600152322913173, 0.6104341203234875, 0.6079588727987822, 0.6079588727987822, 0.6051028179625837]}
