{"best_test_loss": 0.6368677904372914, "epoch_time_hist": [13.595438241958618, 12.396783590316772, 12.655016660690308, 13.50528359413147, 13.044440031051636, 12.77478289604187, 12.15496015548706, 11.632291555404663, 11.707031011581421, 11.385270118713379, 11.05723762512207, 10.653857469558716, 10.899117946624756, 10.542878866195679, 10.261099338531494, 10.101548910140991, 9.957235336303711, 9.94596004486084, 10.155506372451782, 9.81981873512268, 9.771174430847168, 9.86944580078125, 9.996930599212646, 9.983280897140503, 9.495463132858276], "time_till_best_val_loss": 13.595438241958618, "val_loss_hist": [0.6040667123462631, 0.5981265706968671, 0.607036783170961, 0.6248572081191488, 0.6134338587933874, 0.6042951793327783, 0.6138907927664179, 0.6134338587933874, 0.6262280100382401, 0.6429061000538518, 0.6383367603235472, 0.6431345670403671, 0.623029472227027, 0.6161754626315702, 0.6152615946855092, 0.617089330577631, 0.6186885994832376, 0.6166323966046006, 0.6189170664697529, 0.6186885994832376, 0.6193740004427833, 0.6189170664697529, 0.6184601324967224, 0.6196024674292986, 0.6196024674292986, 0.6196024674292986]}
