{"best_test_loss": 0.1628216503956783, "epoch_time_hist": [8.85925555229187, 8.450019121170044, 8.312403917312622, 8.276740074157715, 8.43823528289795, 8.4093599319458, 8.564450025558472, 8.371588468551636, 8.386979579925537, 8.452366590499878, 8.401457071304321, 8.411835193634033, 8.417631149291992, 8.38924789428711, 8.354533672332764, 8.427589416503906, 8.288466453552246, 8.459014654159546, 8.358632802963257, 8.36533784866333, 8.511022806167603, 8.68241000175476, 8.58289647102356, 8.605999946594238, 8.60046100616455], "time_till_best_val_loss": 67.68205237388611, "val_loss_hist": [0.6104637879686895, 0.22960932144780422, 0.18414439113127384, 0.1756911126302104, 0.1740918437246038, 0.18574366003688045, 0.177290381535817, 0.16586703221005558, 0.1628969613853576, 0.164267763304449, 0.16975097098081446, 0.18185972126612154, 0.17706191454930176, 0.16632396618308604, 0.16381082933141855, 0.17432031071111903, 0.16883710303475355, 0.17340644276505812, 0.17317797577854288, 0.19008453278066978, 0.18688599496945657, 0.18231665523915203, 0.1798035183874845, 0.17797578249536267, 0.17591957961672564, 0.17203564084596676]}
