{"best_test_loss": 0.2695208518130098, "epoch_time_hist": [0.9361915588378906, 1.1221287250518799, 1.217275857925415, 1.248687982559204, 1.2782137393951416, 1.1746242046356201, 1.2108736038208008, 1.1574032306671143, 1.224351406097412, 1.1509363651275635, 1.1090643405914307, 0.8963649272918701, 1.0884737968444824, 1.0776050090789795, 0.9734945297241211, 0.9920439720153809, 1.019789457321167, 0.9414176940917969, 0.9897611141204834, 0.9935073852539062, 0.9597792625427246, 0.981346607208252, 0.9891836643218994, 1.0007145404815674, 0.9902129173278809], "time_till_best_val_loss": 11.720686674118042, "val_loss_hist": [0.6502170436223391, 0.6493031755434765, 0.6648389307593138, 0.6442769019734012, 0.605665981210419, 0.5702535983420093, 0.5090244459559282, 0.4121544436734715, 0.33310486633920255, 0.28421293122494373, 0.2721041809396367, 0.29837788415327743, 0.3417866118267812, 0.3701165181546695, 0.42266392505317196, 0.4336303404059029, 0.42837559971605266, 0.46995659126182415, 0.4964587616975906, 0.4880054831965272, 0.5065113091042607, 0.5204477952816896, 0.5204477952816896, 0.4998857664953191, 0.5017135023874408, 0.5049120401986541]}
