{"best_test_loss": 0.5190771960843151, "epoch_time_hist": [13.213184833526611, 12.963690757751465, 13.042410850524902, 13.063830375671387, 12.941772937774658, 12.738427877426147, 12.741528034210205, 12.586629629135132, 12.8343985080719, 12.704420328140259, 12.449728965759277, 12.69151759147644, 13.207801818847656, 12.982368230819702, 13.057385921478271, 13.003505945205688, 13.0630042552948, 13.173276662826538, 13.007131099700928, 13.367195129394531, 13.075988054275513, 13.252878904342651, 13.143569469451904, 13.316034078598022, 12.802016735076904], "time_till_best_val_loss": 39.21928644180298, "val_loss_hist": [0.5798492117756489, 0.531871144607451, 0.5275302718636616, 0.4889193511425881, 0.5295864747422987, 0.5334704135130576, 0.5556317112050347, 0.5592871829892784, 0.5643134566926133, 0.5887594242497428, 0.5816769476677707, 0.5924148960339864, 0.5931002969935321, 0.5942426319261083, 0.591957962060956, 0.5912725611014102, 0.591957962060956, 0.591957962060956, 0.5960703678182301, 0.5978981037103519, 0.5976696367238367, 0.5962988348047453, 0.5976696367238367, 0.5958419008317148, 0.594014164939593, 0.5981265706968671]}
