{"best_test_loss": 0.29106382977897693, "epoch_time_hist": [23.874809741973877, 24.38029456138611, 22.817604303359985, 23.66356325149536, 24.77481484413147, 23.712633848190308, 24.9094340801239, 24.233092784881592, 22.774317979812622, 24.7312331199646, 23.118521451950073, 23.72023868560791, 20.908408164978027, 20.919143199920654, 26.54978370666504, 21.200598001480103, 30.28940439224243, 41.69028878211975, 23.89886713027954, 24.027068614959717, 26.790635108947754, 21.393802404403687, 22.193000078201294, 17.88726782798767, 17.526535749435425], "time_till_best_val_loss": 522.9847557544708, "val_loss_hist": [0.46969696962435764, 0.46736596727219626, 0.4758158503322257, 0.47610722609335354, 0.40238927659289475, 0.4219114219523652, 0.4300699300733273, 0.40093240092071875, 0.43764568701591344, 0.409382284370356, 0.44463869462573896, 0.43444055942790094, 0.43298368318338265, 0.45571095569767744, 0.42977855492581263, 0.33712121211138923, 0.31322843821931157, 0.31759906758981354, 0.31818181817254715, 0.43793706292430257, 0.31118881117974395, 0.3018648018560063, 0.4300699300573989, 0.438811188798403, 0.4408508158379706, 0.4635780885645811]}
