{"best_test_loss": 0.08255319148701977, "epoch_time_hist": [36.659339904785156, 36.4245183467865, 36.72970366477966, 36.71409034729004, 37.01153230667114, 36.47247362136841, 35.98777794837952, 36.46923542022705, 35.94630718231201, 36.93910193443298, 36.80255103111267, 36.82464098930359, 36.85971736907959, 36.90496110916138, 36.86338829994202, 36.55327868461609, 36.83382558822632, 36.886929512023926, 36.888455867767334, 37.02229166030884, 36.92178130149841, 37.00771999359131, 36.4476957321167, 36.659998655319214, 36.72915077209473], "time_till_best_val_loss": 770.7159020900726, "val_loss_hist": [0.4259906759782637, 0.10839160838845013, 0.08974358974097484, 0.08828671328414084, 0.08566433556764988, 0.08420745920500561, 0.09265734265464286, 0.08479020978773921, 0.09731934731651168, 0.09061771561507524, 0.08974358974097484, 0.09819347319061209, 0.09440559440284367, 0.10897435897118374, 0.0996503496474461, 0.0938228441366364, 0.09032634032370844, 0.09236596736327606, 0.08828671328414084, 0.08624708624457322, 0.08304195803953841, 0.08275058274817161, 0.08653846153594003, 0.09178321678054245, 0.09032634032370844, 0.0926573427547307]}
