{"best_test_loss": 0.10893617020967557, "epoch_time_hist": [1.1440544128417969, 1.2678446769714355, 1.2525081634521484, 1.481872797012329, 1.6063549518585205, 1.6481213569641113, 1.570385456085205, 1.621535062789917, 1.705256462097168, 1.718775987625122, 1.67055082321167, 1.5673377513885498, 1.6873257160186768, 1.5096487998962402, 1.6056466102600098, 1.3654088973999023, 1.406493902206421, 1.452972412109375, 1.491137981414795, 1.5126259326934814, 1.4895133972167969, 1.4255414009094238, 1.4562907218933105, 1.48443603515625, 1.5004878044128418], "time_till_best_val_loss": 9.971141815185547, "val_loss_hist": [0.41433566432359165, 0.3779137529027415, 0.24941724940998203, 0.19696969696395777, 0.16870629355241773, 0.14743589743160151, 0.13898601398196428, 0.11538461538125337, 0.13548951048556265, 0.1407342657301651, 0.13228438211906635, 0.1235431235395238, 0.12966200464296776, 0.11684149184321478, 0.13927738902145373, 0.15675990676752743, 0.1611305361258412, 0.1675407925359108, 0.1675407925359108, 0.1675407925359108, 0.1675407925359108, 0.1675407925359108, 0.1675407925359108, 0.1675407925359108, 0.1675407925359108, 0.1675407925359108]}
