{"best_test_loss": 0.38411347516640815, "epoch_time_hist": [25.868298530578613, 25.959883213043213, 26.568918466567993, 25.24500823020935, 26.16026544570923, 23.96172547340393, 23.28907608985901, 23.436343669891357, 24.310680389404297, 23.790642261505127, 23.76555871963501, 23.075618743896484, 22.946107625961304, 22.70642375946045, 23.061092853546143, 22.968557596206665, 22.922738313674927, 22.473287105560303, 23.111520051956177, 23.119462728500366, 22.65643310546875, 23.1221706867218, 23.536724090576172, 23.286540269851685, 23.492629051208496], "time_till_best_val_loss": 51.828181743621826, "val_loss_hist": [0.4169580418945901, 0.4082167832048888, 0.37179487178403864, 0.41462703961495845, 0.44376456875163856, 0.4571678314352844, 0.4589160835512433, 0.4676573423263863, 0.4615384615250135, 0.4309440559314993, 0.4111305361185568, 0.39335664334518194, 0.41695804194589287, 0.42395104893869606, 0.42336829835596246, 0.4204545454422945, 0.41287878786675763, 0.4076340326221552, 0.41287878786675763, 0.41287878786675763, 0.41317016315812444, 0.4102564102444564, 0.40646853124444793, 0.4050116550743781, 0.40442890447765645, 0.40442890447765645]}
