{"best_test_loss": 0.27925072045304755, "epoch_time_hist": [15.439768075942993, 15.094839096069336, 15.080724000930786, 14.290993452072144, 14.994265794754028, 14.71053671836853, 14.76631498336792, 14.11612868309021, 13.598681688308716, 13.315513372421265, 13.06485891342163, 13.93412709236145, 13.879283905029297, 12.489427328109741, 14.145570278167725, 16.925243854522705, 14.307349681854248, 12.375464916229248, 11.322623252868652, 11.158143997192383, 11.2445068359375, 12.497154951095581, 10.894652128219604, 12.084171533584595, 14.094964504241943], "time_till_best_val_loss": 290.2543659210205, "val_loss_hist": [0.4383844339493401, 0.40683962262951534, 0.3947523585950833, 0.42452830187427687, 0.4327830188299113, 0.43661556602486395, 0.4209905660253246, 0.4168632075348802, 0.4398584904827982, 0.4507665094206732, 0.425707547157261, 0.34109669810315163, 0.3083726415003428, 0.3714622641399923, 0.41833726413861033, 0.34787735848031026, 0.3991745282901187, 0.43573113206262587, 0.4501768867791811, 0.4071344339502614, 0.2998231131987081, 0.2897995282933432, 0.4298349056477054, 0.42452830187427687, 0.4360259433833719, 0.4242334905535309]}
