{"best_test_loss": 0.027377521613043878, "epoch_time_hist": [12.778048753738403, 12.596207618713379, 12.413275480270386, 12.508340120315552, 12.378341674804688, 12.39852786064148, 12.343739748001099, 12.377610921859741, 12.221808910369873, 12.3657865524292, 12.354728698730469, 12.409413576126099, 12.328781366348267, 12.30101227760315, 12.280184268951416, 12.015574932098389, 12.28378438949585, 12.401362419128418, 12.335886716842651, 12.070015907287598, 12.20133352279663, 12.24028992652893, 12.452210664749146, 12.31459641456604, 12.327690839767456], "time_till_best_val_loss": 247.1624321937561, "val_loss_hist": [0.43101415141210614, 0.0678066037715859, 0.06810141526333223, 0.056308962262490894, 0.060731132073681277, 0.05041273571456092, 0.051591981130554486, 0.04068396226295153, 0.04363207547041179, 0.04304245282891974, 0.04952830181730219, 0.03626179245176115, 0.03478773584803102, 0.03390330188579295, 0.03301886792355487, 0.03301886792355487, 0.026533018867142304, 0.035966981131015124, 0.033608490565046924, 0.038030660301984084, 0.025353773584158204, 0.0333136792443009, 0.034492924527284995, 0.029186320753856538, 0.02682783018788833, 0.027712264150126408]}
