{"best_test_loss": 0.08645533140961224, "epoch_time_hist": [1.1238477230072021, 1.3101978302001953, 1.3568809032440186, 1.36873197555542, 1.4998068809509277, 1.4873173236846924, 1.527763843536377, 1.535658597946167, 1.5463910102844238, 1.5971009731292725, 1.6162028312683105, 1.634864091873169, 1.5997037887573242, 1.6431920528411865, 1.607816457748413, 1.6972098350524902, 1.6137850284576416, 1.561913013458252, 1.5839934349060059, 1.5693604946136475, 1.5439512729644775, 1.602891445159912, 1.5825767517089844, 1.579439401626587, 1.6123936176300049], "time_till_best_val_loss": 9.674546480178833, "val_loss_hist": [0.3511202830085165, 0.40831367923324546, 0.31397405659451727, 0.195754716975361, 0.16155660376882205, 0.11468160377020396, 0.10760613207229935, 0.0978773584876805, 0.10170990565737884, 0.13060141509048936, 0.12824292452452116, 0.1220518867888546, 0.1081957547137914, 0.12146226414736255, 0.12293632075109269, 0.1276533018830291, 0.1589033018821078, 0.1438679245240605, 0.15005896225972704, 0.15241745282569524, 0.14652122641077472, 0.14180424527883834, 0.13030660376974332, 0.12588443395855295, 0.13413915093944165, 0.1344339622601877]}
