{"best_test_loss": 0.25821325647670856, "epoch_time_hist": [16.20734977722168, 17.19411611557007, 15.59767746925354, 16.56022357940674, 15.351224660873413, 14.743519306182861, 14.109854698181152, 14.101571321487427, 14.27259111404419, 14.478121757507324, 14.56162691116333, 14.964136838912964, 15.918952465057373, 16.507320880889893, 16.82097291946411, 17.055548191070557, 17.03041124343872, 15.982693195343018, 16.106705904006958, 16.11885404586792, 16.064756155014038, 16.759979009628296, 16.14469575881958, 16.129626035690308, 16.27959108352661], "time_till_best_val_loss": 95.6541109085083, "val_loss_hist": [0.42541273583651495, 0.43189858489292754, 0.4038915094220551, 0.4307193396099434, 0.3938679247484314, 0.33166273602587243, 0.26179245282247077, 0.2617924530789802, 0.2656250005051879, 0.2762382081720914, 0.3015919813796936, 0.33520047232324973, 0.35465801968019417, 0.34257075528032516, 0.33431603772599305, 0.35878537734791316, 0.379716981120881, 0.41951650942159446, 0.42452830187427687, 0.42600235847800705, 0.42747641508173717, 0.42452830187427687, 0.42836084904397526, 0.42629716979875304, 0.42393867923278483, 0.4224646226290547]}
