{"best_test_loss": 0.5325203251912258, "epoch_time_hist": [7.486103296279907, 7.108085632324219, 7.04598593711853, 7.146963596343994, 7.180638551712036, 7.43088173866272, 7.305291414260864, 7.636470556259155, 7.790308237075806, 7.95952033996582, 7.0982866287231445, 6.8466432094573975, 7.572605609893799, 7.593438625335693, 7.461712121963501, 7.467816352844238, 7.412672996520996, 7.392536878585815, 7.0311667919158936, 6.95530104637146, 6.770712852478027, 6.562180995941162, 6.66182541847229, 6.512112140655518, 6.200738430023193], "time_till_best_val_loss": 179.62999939918518, "val_loss_hist": [0.5183911087452133, 0.5284466790016289, 0.5297697802583612, 0.5321513627803083, 0.5477639587047429, 0.5514686424834224, 0.5678750992175741, 0.5723736438511194, 0.605186557274274, 0.6332363058842754, 0.6430272558707852, 0.6824556760867305, 0.6808679544672964, 0.6808679544672964, 0.6806033341973908, 0.6806033341973908, 0.6808679544672964, 0.6835141571663532, 0.6835141571663532, 0.6835141571663532, 0.6835141571663532, 0.6835141571663532, 0.6835141571663532, 0.6835141571663532, 0.6835141571663532, 0.6835141571663532]}
