{"best_test_loss": 0.1336946703304049, "epoch_time_hist": [5.358227252960205, 5.043659925460815, 4.974755764007568, 5.022806882858276, 4.9991631507873535, 4.949227333068848, 5.039473533630371, 4.9589927196502686, 4.986195087432861, 5.0447094440460205, 4.974743843078613, 4.981736183166504, 4.996095657348633, 4.989444732666016, 4.94411563873291, 5.02742600440979, 4.9876933097839355, 4.974969148635864, 5.047168016433716, 4.985972166061401, 4.960414886474609, 5.026105165481567, 4.982335090637207, 4.967069149017334, 5.042419672012329], "time_till_best_val_loss": 80.29077315330505, "val_loss_hist": [0.62132839373852, 0.17491399840764982, 0.16274146599198885, 0.16062450380166443, 0.1418364646694407, 0.15003969303651654, 0.13971950266033176, 0.1484519713427584, 0.14474728763840308, 0.14951045261326976, 0.15453823776781905, 0.1428949457490634, 0.13919026197038395, 0.13813178089076128, 0.1521566554556135, 0.14342418628887474, 0.1368086795412329, 0.14421804735844332, 0.15771368086378107, 0.1574490607478369, 0.1540089973228177, 0.14342418658311834, 0.15109817411613924, 0.15586133917398978, 0.1418364646694407, 0.14342418628887474]}
