{"best_test_loss": 0.2183830171585731, "epoch_time_hist": [0.9617171287536621, 1.1193833351135254, 1.2502906322479248, 1.2593464851379395, 1.3547840118408203, 1.4096424579620361, 1.3505685329437256, 1.3684422969818115, 1.3838965892791748, 1.3846518993377686, 1.3618295192718506, 1.3582446575164795, 1.0958306789398193, 1.268681287765503, 1.4005236625671387, 0.8121654987335205, 0.8755731582641602, 1.1891536712646484, 1.1699542999267578, 1.053363561630249, 1.0611340999603271, 0.8797736167907715, 0.967552661895752, 1.1218676567077637, 0.8867959976196289], "time_till_best_val_loss": 10.074174880981445, "val_loss_hist": [0.5895739611853087, 0.5816353532526691, 0.5541148451824791, 0.4847843344671928, 0.4337126223753979, 0.39137337919049026, 0.29584546175454235, 0.23895210372482265, 0.23709976183548295, 0.2453029905317041, 0.24874305387528156, 0.2505953956006723, 0.2415983064238794, 0.31542736136244015, 0.3344800211607706, 0.31066419686926, 0.32786451441312875, 0.3834347710933201, 0.35644350356294147, 0.4024874305265285, 0.3982535062080378, 0.39057951838077326, 0.3866102143321882, 0.3823762900136974, 0.37787774542530095, 0.37867160623501794]}
