{"best_test_loss": 0.4363143631337779, "epoch_time_hist": [9.144375324249268, 8.715888261795044, 8.485041856765747, 8.554908990859985, 8.34685230255127, 8.51004695892334, 8.482111692428589, 8.237797975540161, 7.93347430229187, 8.00947904586792, 7.728338241577148, 8.101896524429321, 8.009487390518188, 8.093611478805542, 8.016458749771118, 7.860952615737915, 7.918601036071777, 8.41199541091919, 8.589102506637573, 8.615176439285278, 8.829866409301758, 8.631102561950684, 8.398736715316772, 7.960697889328003, 8.239267587661743], "time_till_best_val_loss": 124.36976909637451, "val_loss_hist": [0.604392696464557, 0.5525271235630451, 0.5252712357627608, 0.5371791479285025, 0.5318867425104026, 0.5276528181919118, 0.5043662344402126, 0.5149510452364395, 0.4988092087721935, 0.5125694628072884, 0.4945752844537027, 0.4834612331176644, 0.49113522094492895, 0.49139984121483465, 0.4771103466399283, 0.4596454088261539, 0.4689071182728524, 0.47367028313115456, 0.46308547233492764, 0.47949192906907934, 0.49007673974773586, 0.48716591689634386, 0.5128340830771941, 0.5350621857492707, 0.5398253506075728, 0.5403545911083302]}
