{"best_test_loss": 0.2894887995321801, "epoch_time_hist": [24.94181180000305, 23.77786922454834, 23.389833450317383, 22.392964363098145, 24.41055130958557, 24.638477563858032, 25.278724908828735, 26.421485662460327, 23.347881317138672, 24.37166738510132, 23.066493034362793, 23.27601170539856, 21.59437847137451, 21.257144451141357, 20.907087087631226, 21.413296937942505, 21.665340423583984, 25.44304323196411, 18.12268829345703, 18.495254278182983, 19.24949336051941, 20.62988829612732, 23.03524160385132, 17.553834915161133, 17.479573488235474], "time_till_best_val_loss": 374.4856786727905, "val_loss_hist": [0.39119878602758124, 0.398786039441615, 0.38877086493509044, 0.41426403630659714, 0.3787556904285658, 0.3578148709761458, 0.3423368739413988, 0.35265553789655274, 0.3772382397457591, 0.41820940803945156, 0.4124430955868758, 0.4476479514279925, 0.42367223063964576, 0.3426403641777651, 0.2913505310988968, 0.2925644916451422, 0.2886191198698447, 0.3559939301864645, 0.40758725340189417, 0.41638846736217333, 0.4136570561331212, 0.2928679817817036, 0.2940819423976494, 0.2895295902795287, 0.30136570560542136, 0.29590288314731705]}
