{"best_test_loss": 0.05628948879792391, "epoch_time_hist": [36.417330503463745, 36.77233862876892, 36.77110171318054, 36.65335249900818, 36.97305107116699, 36.88823843002319, 36.897475242614746, 36.8485324382782, 36.96060109138489, 36.970935344696045, 37.02479529380798, 36.789536476135254, 36.82335162162781, 37.04812836647034, 37.047759771347046, 37.44698429107666, 37.29774308204651, 37.13277268409729, 37.00367259979248, 37.15628790855408, 36.50077843666077, 36.75378632545471, 36.98102402687073, 36.996891260147095, 36.973618030548096], "time_till_best_val_loss": 738.9239890575409, "val_loss_hist": [0.40758725340189417, 0.10106221547492983, 0.08649468891998499, 0.0889226100124758, 0.07708649468658312, 0.08012139605219662, 0.08133535659844203, 0.06858877086286529, 0.06949924126710366, 0.07647951441346042, 0.07799696509626716, 0.07465857345017891, 0.069195751135988, 0.07010622154567205, 0.07769347495970581, 0.07405159332096961, 0.06100151744883152, 0.06737481031661989, 0.06525037936069043, 0.06464339908756774, 0.05675265553697261, 0.06737481031661989, 0.06737481031661989, 0.08042488618875797, 0.08194233687156473, 0.06828528072630394]}
