{"best_test_loss": 0.10022975301262982, "epoch_time_hist": [1.197195291519165, 1.3829498291015625, 1.3217613697052002, 1.299217939376831, 1.657921552658081, 1.6205463409423828, 1.597325325012207, 1.6098828315734863, 1.6424572467803955, 1.650367259979248, 1.6237313747406006, 1.646345853805542, 1.6468415260314941, 1.6304576396942139, 1.4289400577545166, 1.5465052127838135, 1.4002039432525635, 1.4965996742248535, 1.5491652488708496, 1.4259164333343506, 1.4460349082946777, 1.503842830657959, 1.497910737991333, 1.5231080055236816, 1.493767261505127], "time_till_best_val_loss": 11.686800479888916, "val_loss_hist": [0.4321699544633636, 0.4009104702299359, 0.22610015173820638, 0.20455235189076115, 0.1808801213905651, 0.15690440060221839, 0.13930197268166003, 0.12928679817513547, 0.10470409711366604, 0.17207890743028592, 0.17147192715716322, 0.15660091045768673, 0.14597875568600976, 0.11987860395549281, 0.14506828519806195, 0.16327769347000676, 0.1672230652453043, 0.1672230652453043, 0.1672230652453043, 0.1672230652453043, 0.1672230652453043, 0.1672230652453043, 0.1672230652453043, 0.1672230652453043, 0.1672230652453043, 0.1672230652453043]}
