{"best_test_loss": 0.35898908678276414, "epoch_time_hist": [25.121667623519897, 24.59659504890442, 25.40770125389099, 23.7998309135437, 24.98764133453369, 26.588988542556763, 25.319504022598267, 23.328449249267578, 22.836488962173462, 24.289855003356934, 24.17194128036499, 23.864118099212646, 25.656935453414917, 24.813115119934082, 24.23997974395752, 22.929961442947388, 22.95067811012268, 23.03823971748352, 22.965245962142944, 23.393168687820435, 22.89544129371643, 23.302589893341064, 23.22618556022644, 22.885234594345093, 23.09629464149475], "time_till_best_val_loss": 123.9134361743927, "val_loss_hist": [0.37693474960919776, 0.39119878602758124, 0.39119878602758124, 0.4185128983181028, 0.3827010622038634, 0.35083459765847685, 0.38300455234042474, 0.43672230651178384, 0.4203338391374709, 0.4634294385291827, 0.45735963579795574, 0.45735963579795574, 0.45280728374953544, 0.45827010620763975, 0.45098634293016737, 0.4433990895161336, 0.42883156296118874, 0.4254931714590139, 0.42518968132245255, 0.4270106221418206, 0.42640364186869795, 0.4230652503665231, 0.4203338391374709, 0.4176024279084188, 0.4179059180449801, 0.4172989377718574]}
