{"best_test_loss": 0.22942484905530905, "epoch_time_hist": [10.391471147537231, 9.343777894973755, 8.944741487503052, 8.982297658920288, 8.580839157104492, 9.227830410003662, 9.417001485824585, 9.005398273468018, 9.255231380462646, 9.00776219367981, 7.531752586364746, 7.532377481460571, 6.748554706573486, 6.945871353149414, 8.091491937637329, 6.720017910003662, 7.268887281417847, 7.791540861129761, 7.477185964584351, 6.863728046417236, 7.655345439910889, 7.196110725402832, 5.974873065948486, 6.1020731925964355, 6.778331518173218], "time_till_best_val_loss": 165.12775921821594, "val_loss_hist": [0.4541808086370811, 0.43597655074472813, 0.3825979635796792, 0.35112619560780234, 0.37796976240734437, 0.4026535019931301, 0.43690219066840785, 0.39401419338795596, 0.41900647946871317, 0.49398333846053744, 0.378586855896989, 0.30330145016034243, 0.37241592100054255, 0.4008022215241962, 0.3940141931381051, 0.37796976240734437, 0.36192533167658364, 0.4569577290818588, 0.4112928108481551, 0.3825979635796792, 0.2335698858304977, 0.3801295896211006, 0.39895094105526224, 0.38722616475201405, 0.3801295896211006, 0.36501079912480683]}
