{"best_test_loss": 0.038767079757268286, "epoch_time_hist": [5.968130350112915, 5.687529563903809, 5.619843244552612, 5.627763509750366, 5.619060039520264, 5.555647134780884, 5.618964433670044, 5.644262790679932, 5.625824689865112, 5.616859197616577, 5.6906938552856445, 5.613806247711182, 5.657918453216553, 5.596315860748291, 5.612454414367676, 5.681007623672485, 5.609422206878662, 5.624195098876953, 5.620934724807739, 5.534511566162109, 5.569486379623413, 5.64652419090271, 5.6180500984191895, 5.613489389419556, 5.681746006011963], "time_till_best_val_loss": 140.95444107055664, "val_loss_hist": [0.4041962357172417, 0.08176488721380415, 0.07034865769011904, 0.06849737735055547, 0.09595803763974212, 0.19500154272770745, 0.10953409441192428, 0.11015118790156893, 0.09379821042598586, 0.05553841398788006, 0.0759024990797816, 0.06325208268857599, 0.05214439987497241, 0.052452946700599586, 0.047207651957815254, 0.04689910521299293, 0.04134526380619114, 0.036099969144211666, 0.039802530082079526, 0.04134526386903936, 0.05430422708872866, 0.03455723542010006, 0.031471767971876834, 0.04628201172334829, 0.04072817031654649, 0.02992903424776523]}
