{"best_test_loss": 0.06800127104963453, "epoch_time_hist": [0.919842004776001, 1.0099270343780518, 1.1711246967315674, 1.243727445602417, 1.3185021877288818, 1.2545201778411865, 1.2657279968261719, 1.2183878421783447, 1.2482929229736328, 1.2829291820526123, 1.4079275131225586, 1.4201769828796387, 1.4646649360656738, 1.480144739151001, 1.426828384399414, 1.3919060230255127, 1.3964157104492188, 1.4585020542144775, 1.425652265548706, 1.5053858757019043, 1.5527315139770508, 1.5005841255187988, 1.5017552375793457, 1.6019937992095947, 1.5124623775482178], "time_till_best_val_loss": 14.761085987091064, "val_loss_hist": [0.39308855290363814, 0.3492749150747552, 0.24807158283714684, 0.34711508792511214, 0.20549213205166642, 0.11909904350141627, 0.08731872878471711, 0.06849737743629376, 0.07004011107466708, 0.08053070039862602, 0.07991360690898137, 0.09410675717080819, 0.06849737722841022, 0.08793582227436175, 0.07127429805395637, 0.12218451094963949, 0.09410675717080819, 0.0999691453224323, 0.0956494908949198, 0.08454180812661338, 0.07929651346463391, 0.08022215378045446, 0.0734341253130098, 0.07343412530881058, 0.07466831233759627, 0.07250848514758736]}
