{"best_test_loss": 0.3098188751093162, "epoch_time_hist": [10.151152610778809, 9.51866626739502, 9.676882982254028, 10.381803274154663, 10.48525595664978, 9.623197555541992, 8.861045122146606, 9.717529058456421, 11.033766269683838, 10.491724252700806, 10.266735553741455, 8.539700984954834, 7.960496187210083, 7.500436067581177, 7.139984130859375, 7.518835544586182, 7.844155550003052, 7.705022573471069, 7.861097812652588, 7.743245601654053, 7.8931825160980225, 8.066750049591064, 8.159805059432983, 8.056910037994385, 8.089879512786865], "time_till_best_val_loss": 19.669818878173828, "val_loss_hist": [0.39771675407597296, 0.31286639924983445, 0.29157667385709424, 0.3415612465183104, 0.3356988583666863, 0.3788954026418113, 0.4011107682690185, 0.3896945387105926, 0.3696390002971417, 0.38599197777272476, 0.41746374574460154, 0.46066029001972664, 0.5300833076047491, 0.5374884294804848, 0.542425177397642, 0.5393397099494187, 0.5282320271358152, 0.5297747608599267, 0.5303918543495714, 0.5276149336461705, 0.5269978401565258, 0.5211354520049017, 0.5155816105980999, 0.5128046898946991, 0.5143474236188107, 0.5143474236188107]}
