{"best_test_loss": 0.33787163099922557, "epoch_time_hist": [36.106674671173096, 35.72726559638977, 37.04884219169617, 35.00501871109009, 33.64165115356445, 32.634960651397705, 34.24838161468506, 36.047624588012695, 37.63502335548401, 35.64240097999573, 33.24802923202515, 37.05799627304077, 29.098241090774536, 28.373441696166992, 35.25457787513733, 35.16698336601257, 33.05289888381958, 51.25129771232605, 38.35957932472229, 34.437729597091675, 29.828362226486206, 34.87133574485779, 44.10361647605896, 31.102932691574097, 27.585875511169434], "time_till_best_val_loss": 876.5307412147522, "val_loss_hist": [0.3884066087821785, 0.39148697842644953, 0.40940912908402666, 0.4718566227815218, 0.38336600399734666, 0.3562027443193447, 0.3629235508159361, 0.40128815445472354, 0.4035284233995092, 0.3830859703057103, 0.3724446933527739, 0.3990478857351149, 0.4399327919227126, 0.4497339680635751, 0.4600952114124868, 0.33996079528591544, 0.34416129934628503, 0.36684402127228105, 0.4032483897954845, 0.4648557822444121, 0.46121534692313615, 0.4516942032917476, 0.4819378325264089, 0.4710165219694479, 0.341080929702014, 0.33211985437322544]}
