{"best_test_loss": 0.09141428174238916, "epoch_time_hist": [88.61139416694641, 88.24923515319824, 88.23543500900269, 88.22435808181763, 88.5137951374054, 88.44130873680115, 88.57240390777588, 88.4974856376648, 87.26642942428589, 87.34222316741943, 88.60495114326477, 88.34222054481506, 88.5750937461853, 88.68853616714478, 87.25863695144653, 88.37030959129333, 88.17265772819519, 88.74569773674011, 88.86783599853516, 88.86827683448792, 88.59606647491455], "time_till_best_val_loss": 1147.4763338565826, "val_loss_hist": [0.3847661719298581, 0.20638476616616117, 0.12545505460303963, 0.1279753570392614, 0.10333239988509291, 0.09745169420057542, 0.10753290394546254, 0.12041444973059608, 0.10977317277765967, 0.11397367683802931, 0.11369364323400466, 0.10557266871729004, 0.10921310556961039, 0.09717166059655079, 0.12405488658291641, 0.09717166059655079, 0.13189582749560638, 0.12097451693864536, 0.11005320638168432, 0.10361243348911756, 0.10809297115351182, 0.12377485112460081]}
