{"best_test_loss": 0.10475131980814806, "epoch_time_hist": [1.2433781623840332, 1.327301025390625, 1.2343008518218994, 1.3379263877868652, 1.5960099697113037, 1.6404151916503906, 1.638213872909546, 1.6159734725952148, 1.6199254989624023, 1.555516242980957, 1.4858946800231934, 1.469954013824463, 1.5071818828582764, 1.3909754753112793, 1.508237600326538, 1.3698170185089111, 1.4298336505889893, 1.496399164199829, 1.4877862930297852, 1.4325859546661377, 1.3780243396759033, 1.393730640411377, 1.4961981773376465, 1.47721529006958, 1.4676835536956787], "time_till_best_val_loss": 17.764809370040894, "val_loss_hist": [0.4113693642403987, 0.4323718846140473, 0.3839260711177842, 0.143937272468666, 0.18902268271663336, 0.19546345560920014, 0.17222066647515485, 0.14561747409281386, 0.14225707084451816, 0.12573508820706428, 0.12237468495876856, 0.13245589470365568, 0.11117334079778289, 0.1271352562271875, 0.15205824698538062, 0.1845421450522391, 0.20414449733396403, 0.20078409408566833, 0.19770372444139728, 0.20414449733396403, 0.20834500139433368, 0.20834500139433368, 0.20834500139433368, 0.20834500139433368, 0.20834500139433368, 0.20834500139433368]}
