{"best_test_loss": 0.40511253124742674, "epoch_time_hist": [41.9552481174469, 42.93557667732239, 41.915353775024414, 37.76090717315674, 34.97919940948486, 36.13210916519165, 35.88204860687256, 33.247143507003784, 34.79581356048584, 36.247780323028564, 35.85627508163452, 38.32079792022705, 38.75280451774597, 40.3263521194458, 39.47265100479126, 41.98647952079773, 40.48559212684631, 37.27801728248596, 34.771886587142944, 36.599897146224976, 40.4940288066864, 42.23882222175598, 38.592528343200684, 36.39446496963501, 35.98703908920288], "time_till_best_val_loss": 842.4347846508026, "val_loss_hist": [0.4108092971041499, 0.46961635394932466, 0.4304116493858748, 0.4379725566945401, 0.45673480816419115, 0.45561467374809256, 0.4511341360836983, 0.4497339680635751, 0.4477737328354026, 0.43685242227844157, 0.43489218705026905, 0.4063287594397556, 0.4183702044128152, 0.4539344721239447, 0.4766171930594456, 0.4715765891774972, 0.4757770932378668, 0.4729767571976204, 0.4603752445996883, 0.45281433467346555, 0.4592551106004129, 0.40884906088918604, 0.4049285914196324, 0.4749369924257929, 0.46961635367378946, 0.4570148417682158]}
