{"best_test_loss": 0.3101287852311128, "epoch_time_hist": [3.5161168575286865, 2.712209701538086, 2.564617872238159], "time_till_best_val_loss": 8.792944431304932, "val_loss_hist": [0.3034410844524352, 0.3406326033944862, 0.35349322209407397, 0.346541536310513]}
