{"best_test_loss": 0.35298149416199515, "epoch_time_hist": [4.276316165924072, 4.119626998901367, 3.9656519889831543, 4.255714654922485, 3.7297637462615967, 3.9088361263275146, 3.788733959197998, 3.3344900608062744, 3.2128384113311768, 3.136910915374756, 3.342604875564575, 3.1035068035125732, 3.082458257675171, 3.073098659515381, 2.8676631450653076, 3.05020809173584, 2.8308041095733643, 2.771064043045044, 2.6716506481170654, 2.5535764694213867, 2.601055860519409, 2.669119119644165, 2.846954345703125, 2.723684310913086, 2.809464454650879], "time_till_best_val_loss": 20.347073554992676, "val_loss_hist": [0.39236961846719043, 0.41652082602672313, 0.37241862067803166, 0.3489674484016871, 0.36506825339989263, 0.33496674832569245, 0.3384669233343204, 0.3381169058334576, 0.34336716834639947, 0.34056702833949715, 0.48582429119755605, 0.49422471121826306, 0.49527476372085144, 0.49492474621998866, 0.49492474621998866, 0.49492474621998866, 0.49492474621998866, 0.49492474621998866, 0.49527476372085144, 0.49107455371049796, 0.4805740286846142, 0.4697234861578676, 0.46762338115269086, 0.45677283862594426, 0.4469723486017861, 0.4252712635482929]}
