{"best_test_loss": 0.10894535328545266, "epoch_time_hist": [3.636216878890991, 3.314020872116089, 3.2233049869537354], "time_till_best_val_loss": 3.636216878890991, "val_loss_hist": [0.37643378517982506, 0.12200208550149455, 0.16127911017861388, 0.13242961417683596]}
