{"best_test_loss": 0.047292666208111976, "epoch_time_hist": [4.34813380241394, 4.056414365768433, 4.009047031402588, 4.028604507446289, 4.110002756118774, 4.082890510559082, 4.090642213821411, 4.146036624908447, 4.0829918384552, 4.085522890090942, 4.166684150695801, 4.083664655685425, 4.077436923980713, 4.1256263256073, 4.084490776062012, 4.070296287536621, 4.131770372390747, 4.080440998077393, 4.108770847320557, 4.1638853549957275, 4.10950231552124, 4.09482479095459, 4.155043840408325, 4.1101233959198, 4.114042282104492], "time_till_best_val_loss": 102.71688985824585, "val_loss_hist": [0.4697234861578676, 0.10395519775624938, 0.11620581028644712, 0.09135456772518885, 0.12425621280629136, 0.14630731536064728, 0.12565628280974253, 0.11095554777350523, 0.1410570528477054, 0.14770738536409844, 0.14420721035547052, 0.1452572628580589, 0.1123556177769564, 0.07350367518118643, 0.13055652782182162, 0.0749037451846376, 0.10290514525366101, 0.10465523275797498, 0.09240462022777723, 0.09870493524330749, 0.07805390269240274, 0.0707035351742841, 0.0612530626509887, 0.05005250262337933, 0.0423521176043979, 0.036401820089730426]}
