{"best_test_loss": 0.07059629883239904, "epoch_time_hist": [0.7089996337890625, 0.7569324970245361, 0.8428475856781006, 0.8980410099029541, 0.8443698883056641, 0.778355598449707, 0.7009913921356201, 0.7100281715393066, 0.6394679546356201, 0.6986746788024902, 0.6681091785430908, 0.667353630065918, 0.6945779323577881, 0.8422472476959229, 0.8677260875701904, 1.052741289138794, 1.1895687580108643, 1.5500617027282715, 1.6414215564727783, 1.3550734519958496, 1.1196446418762207, 1.0321784019470215, 1.0245153903961182, 1.0433037281036377, 1.0554780960083008], "time_till_best_val_loss": 23.382709503173828, "val_loss_hist": [0.3486174308593414, 0.3699684984119717, 0.09765488274071912, 0.1606580328960218, 0.1368568428373519, 0.0983549177424447, 0.11935596779421226, 0.12320616030370297, 0.11165558277523083, 0.11375568778040758, 0.12145607279938901, 0.12775638781491927, 0.1081554077666029, 0.14420721035547052, 0.12565628280974253, 0.10080504024848426, 0.10570528526056334, 0.08820441021742371, 0.10500525025883777, 0.08645432271310975, 0.08260413020361904, 0.09205460272691444, 0.07560378018636318, 0.07630381518808878, 0.07875393765871175, 0.0700035001725585]}
