{"best_test_loss": 0.136094674551476, "epoch_time_hist": [3.892936944961548, 4.033616065979004, 3.9496331214904785], "time_till_best_val_loss": 7.926553010940552, "val_loss_hist": [0.34688912047502474, 0.2012513035095323, 0.13451511991190424, 0.15502259297340903]}
