{"best_test_loss": 0.3156271418671821, "epoch_time_hist": [5.623833894729614, 4.251532554626465, 4.509897947311401, 4.640105247497559, 5.081418514251709, 5.343988656997681, 4.721699476242065, 4.544033050537109, 4.355325698852539, 4.236117839813232, 4.380106449127197, 4.789705038070679, 4.665715217590332, 4.745215177536011, 4.745146989822388, 4.647247076034546, 4.514858245849609, 4.544732570648193, 4.412958145141602, 4.471609830856323, 4.280745029449463, 4.332340717315674, 4.268666505813599, 4.289947271347046, 4.239519834518433], "time_till_best_val_loss": 114.63646697998047, "val_loss_hist": [0.31221561076961096, 0.3192159607868668, 0.3213160657920436, 0.3332166608213785, 0.34406720329223806, 0.3360168005645694, 0.3290164503217893, 0.34721736077958126, 0.3384669233343204, 0.33566678332741806, 0.3353167658265553, 0.337416870831732, 0.36506825339989263, 0.366118305902481, 0.36681834090420656, 0.36331816589557864, 0.3622681133929903, 0.3615680783912647, 0.3615680783912647, 0.35911795588522516, 0.35946797338608794, 0.3612180608904019, 0.3580679033826368, 0.3580679033826368, 0.3587679383843624, 0.3587679383843624]}
