{"best_test_loss": 0.3139575356660648, "epoch_time_hist": [3.551219940185547, 3.398697853088379, 3.1381261348724365], "time_till_best_val_loss": 6.949917793273926, "val_loss_hist": [0.44490789014790033, 0.33889468194859595, 0.3267292318273643, 0.3434132777079106]}
