{"best_test_loss": 0.4826231489822069, "epoch_time_hist": [4.248215198516846, 3.895336389541626, 3.85756254196167, 3.9090893268585205, 3.9154884815216064, 3.9696714878082275, 3.9792189598083496, 3.9752838611602783, 3.790079116821289, 3.7833945751190186, 3.634348154067993, 3.7926242351531982, 4.222375392913818, 3.921830892562866, 4.113028049468994, 3.96486234664917, 3.7212846279144287, 4.260752439498901, 4.261995315551758, 4.177372455596924, 4.238235712051392, 4.084446668624878, 4.09112548828125, 4.100044250488281, 3.9137420654296875], "time_till_best_val_loss": 23.795363426208496, "val_loss_hist": [0.5091489979521014, 0.5053732209879441, 0.49404589019767514, 0.4792332268231417, 0.47429567236496384, 0.47022945104646446, 0.469358117906786, 0.47429567236496384, 0.4722625617057141, 0.4943363345775679, 0.5030496659743523, 0.5024687772145667, 0.5413883241202037, 0.6110949752944789, 0.6474005227810805, 0.5794365378861622, 0.5390647690810612, 0.5399361022207396, 0.5387743247011684, 0.5393552134609539, 0.5280278826451342, 0.5288992157848127, 0.5306418820641696, 0.5306418820641696, 0.531513215203848, 0.5312227708239552]}
