{"best_test_loss": 0.11755817467157577, "epoch_time_hist": [4.436793565750122, 4.1421897411346436, 4.06865930557251, 4.071563959121704, 4.133416175842285, 4.082369804382324, 4.072579860687256, 4.138808488845825, 4.068225860595703, 4.092759132385254, 4.142343521118164, 4.086529970169067, 4.0476696491241455, 4.1020731925964355, 4.0882790088653564, 4.097190618515015, 4.1453163623809814, 4.080572605133057, 4.0776848793029785, 4.136596918106079, 4.070352554321289, 4.100218772888184, 4.121149063110352, 4.042369842529297, 4.134845495223999], "time_till_best_val_loss": 102.78055834770203, "val_loss_hist": [0.5471972117180599, 0.16293929711986815, 0.13331397037080123, 0.1370897473094078, 0.12866686029251623, 0.10862619807991211, 0.11443508567776838, 0.12866686029251623, 0.11588730757723244, 0.12140575079519589, 0.1173395294766965, 0.12024397327562464, 0.13534708103005091, 0.1277955271528378, 0.11443508567776838, 0.11182108625873305, 0.12140575079519589, 0.11995352889573183, 0.11966308451583901, 0.11617775195712525, 0.11704908509680369, 0.115015974437554, 0.11298286377830431, 0.11007841997937617, 0.11036886435926899, 0.10775486494023367]}
