{"best_test_loss": 0.22423692957920108, "epoch_time_hist": [0.881887674331665, 1.0551657676696777, 1.103867769241333, 1.208597183227539, 1.191465139389038, 1.2760789394378662, 1.1830613613128662, 1.222468376159668, 1.1670711040496826, 1.233527660369873, 1.3076725006103516, 1.169201374053955, 1.219012975692749, 1.1650090217590332, 1.1476376056671143, 1.1836485862731934, 1.1856038570404053, 1.2002770900726318, 1.0799040794372559, 0.8171839714050293, 1.0102412700653076, 0.930347204208374, 1.0748445987701416, 1.0330545902252197, 1.0712530612945557], "time_till_best_val_loss": 9.122592210769653, "val_loss_hist": [0.560557653180628, 0.5387743249200404, 0.41765901828586527, 0.40023235549229647, 0.37438280568183613, 0.30554748764723944, 0.2985768225298119, 0.24862038918824803, 0.2349695033332858, 0.256462387445354, 0.3009003775689544, 0.2349695033332858, 0.253267499266533, 0.25501016554588996, 0.2500726110877121, 0.2718559395796731, 0.2715654951997803, 0.2765030496579581, 0.29712460063034785, 0.25907638686438933, 0.2584954981046037, 0.2570432762051396, 0.2544292767861043, 0.24862038918824803, 0.24862038918824803, 0.2460063897692127]}
