{"best_test_loss": 0.3856149894111328, "epoch_time_hist": [5.856510162353516, 5.216115474700928, 5.174687147140503, 5.305372953414917, 5.145274877548218, 5.240070104598999, 5.013455629348755, 5.250451564788818, 5.042250394821167, 5.091762542724609, 5.046145439147949, 5.216320276260376, 5.251097917556763, 5.151064157485962, 5.074773788452148, 5.178287029266357, 5.179452657699585, 5.068826913833618, 4.830365180969238, 4.878828048706055, 4.889700174331665, 4.773717880249023, 4.7824859619140625, 4.5219244956970215, 4.601826429367065], "time_till_best_val_loss": 112.87453031539917, "val_loss_hist": [0.5887307580427322, 0.5562009874947371, 0.5753703165676628, 0.5646238745116288, 0.510891664285372, 0.45686900968385585, 0.42608190532570517, 0.4141736857271515, 0.41068835316843777, 0.40371768805101027, 0.3906476909558337, 0.3860005808775486, 0.3990705779727252, 0.4112692419282234, 0.4112692419282234, 0.40081324425208215, 0.3938425791346546, 0.40836479812929527, 0.38396747021829897, 0.37264013940247925, 0.3906476909558337, 0.3851292477378702, 0.37205925064269363, 0.385419692117763, 0.376125471961193, 0.3801916932796924]}
