{"best_test_loss": 0.30192205017880613, "epoch_time_hist": [39.30347299575806, 37.67532277107239, 37.00945591926575, 38.371909618377686, 37.09180974960327, 36.136430978775024, 36.46198511123657, 38.3636269569397, 36.55009198188782, 40.30244755744934, 38.14079737663269, 35.52123212814331, 37.58261680603027, 41.299872398376465, 44.642927408218384, 31.12134313583374, 33.85382437705994, 54.90906739234924, 39.48483991622925, 34.17896318435669, 30.109118700027466, 32.84864592552185, 35.970223903656006, 28.643317222595215, 26.892252683639526], "time_till_best_val_loss": 866.9300262928009, "val_loss_hist": [0.4374495558914189, 0.4557438786601903, 0.4511702986109771, 0.4315308044005507, 0.38471885927148813, 0.4089319343446615, 0.3970944309820529, 0.4242668818825863, 0.46811945115770465, 0.43260694109307163, 0.4140435836805502, 0.3540489642089306, 0.3701910142488515, 0.374495560977406, 0.3683077750775274, 0.3317191267161332, 0.3325262308223695, 0.34409470207476284, 0.4656981436517165, 0.4522464352851158, 0.3591606133882389, 0.36185095506155907, 0.3553941350455907, 0.3112725316031404, 0.3287597524797213, 0.3279526499777253]}
