{"best_test_loss": 0.07821676464714537, "epoch_time_hist": [109.29624652862549, 109.33061838150024, 109.0900444984436, 108.8101863861084, 108.99896478652954, 108.77246570587158, 108.89076948165894, 108.98631644248962, 108.57363319396973, 107.98227143287659, 108.27650594711304, 108.65650224685669, 108.69201755523682, 108.64116978645325, 109.07032656669617, 109.22307419776917, 108.96138858795166], "time_till_best_val_loss": 1741.2911131381989, "val_loss_hist": [0.4065106268386734, 0.18186709711644158, 0.10573042776148156, 0.09281678772954488, 0.08582189951496338, 0.07855797686094813, 0.07506053277571378, 0.07801990852628411, 0.07263922517964383, 0.07452246435096792, 0.07075598606780154, 0.08824320695696611, 0.06510626849434743, 0.06429916634049472, 0.1057304275985125, 0.08178638696852587, 0.06403013182501938, 0.06698950055123686]}
