{"best_test_loss": 0.10117458628172615, "epoch_time_hist": [1.221703052520752, 1.2759623527526855, 1.1706640720367432, 1.4498190879821777, 1.6286332607269287, 1.7343025207519531, 1.658775806427002, 1.8080718517303467, 1.7150194644927979, 1.8168811798095703, 1.7919626235961914, 1.7606313228607178, 1.8534111976623535, 1.5683088302612305, 1.7026734352111816, 1.6801164150238037, 1.6854169368743896, 1.6525137424468994, 1.6201786994934082, 1.6687078475952148, 1.7051405906677246, 1.666093349456787, 1.682342529296875, 1.671743631362915, 1.6588690280914307], "time_till_best_val_loss": 19.032426595687866, "val_loss_hist": [0.4013989776593651, 0.40758676350800144, 0.31315576946902907, 0.2733387140093264, 0.16814635458250884, 0.16437987399304946, 0.09147161701544199, 0.14581651869395168, 0.10330912025549344, 0.12133440955915663, 0.10546139359414955, 0.10546139359414955, 0.09147161689288481, 0.10680656452191511, 0.14205004035130347, 0.16841538874984086, 0.17567931126780525, 0.1770244821044653, 0.1767554479371333, 0.1767554479371333, 0.17621737960246928, 0.16976055958650094, 0.16760828624784482, 0.19047619047106604, 0.1972020446543664, 0.19666397631970234]}
