{"best_test_loss": 0.3088627868006232, "epoch_time_hist": [46.95607805252075, 48.25967597961426, 49.4113552570343, 48.74282932281494, 46.370853424072266, 44.74067044258118, 44.93111610412598, 44.21637964248657, 43.04682445526123, 44.827669858932495, 48.09930467605591, 47.486472845077515, 42.75697302818298, 40.51815176010132, 43.30958914756775, 46.65778613090515, 41.75276756286621, 41.22778630256653, 41.97587442398071, 40.9305522441864, 41.477702140808105, 41.51165008544922, 41.10214138031006, 41.065072774887085, 42.27640676498413], "time_till_best_val_loss": 373.62895822525024, "val_loss_hist": [0.43368307773920683, 0.34786117793048926, 0.3387140166710058, 0.4027441484436204, 0.37906914177080797, 0.34463276835231016, 0.3190745223506964, 0.3287597524797213, 0.31261770243980047, 0.3247242399697411, 0.3338714015341025, 0.3917137476354126, 0.4205004033080135, 0.4145816517061347, 0.414581651989742, 0.37476459468629153, 0.44067796608983917, 0.47565240784300106, 0.474307237006341, 0.44874899098745546, 0.4487489911097996, 0.4522464352851158, 0.4506322302811237, 0.4498251277791277, 0.45090126444845574, 0.4589722894684162]}
