{"best_test_loss": 0.05515027720877881, "epoch_time_hist": [32.88348174095154, 33.21006393432617, 33.061782121658325, 33.610652923583984, 32.87957406044006, 33.25828194618225, 33.459802865982056, 32.74876070022583, 32.675616979599, 32.75377297401428, 32.55189800262451, 32.057594776153564, 31.99174666404724, 32.42742609977722, 32.33602809906006, 32.01046299934387, 32.03609085083008, 32.18570017814636, 32.32313585281372, 32.64353585243225, 32.69801330566406, 32.5979688167572, 31.694402933120728, 32.23501992225647, 32.33373403549194], "time_till_best_val_loss": 297.7880172729492, "val_loss_hist": [0.47592541040084824, 0.07932090175120175, 0.0773726693460425, 0.06095185097364016, 0.08182577233281865, 0.06735318721247548, 0.06651822988960428, 0.0731978853928905, 0.07653771210059217, 0.058446980821581715, 0.07403284167833536, 0.06985805733176015, 0.07737266880494872, 0.07959922097659583, 0.0882271086518726, 0.09323684942685119, 0.09462844419441613, 0.08516559977497452, 0.09518508225573777, 0.08349568645613786, 0.08600055678980915, 0.08544391870794812, 0.09546340147968539, 0.09101029793278928, 0.09073197901652527, 0.0901753411962824]}
