{"best_test_loss": 0.17245404143062582, "epoch_time_hist": [5.549959182739258, 5.998615026473999, 6.736339807510376, 7.206567049026489, 7.557408094406128, 7.330502033233643, 7.522751092910767, 7.78471302986145, 7.813957929611206, 7.8766679763793945, 7.2752439975738525, 6.703423976898193, 7.237271785736084, 6.867358922958374, 6.668146848678589, 6.706119060516357, 6.728492736816406, 6.856538772583008, 6.519761323928833, 6.860724925994873, 7.083108901977539, 7.123212099075317, 6.950247049331665, 6.783563137054443, 6.4316840171813965], "time_till_best_val_loss": 63.500813245773315, "val_loss_hist": [0.40411912050085946, 0.4152518786762246, 0.40718062898950236, 0.4096854997263172, 0.39716114666303476, 0.366824380730119, 0.30503757305023554, 0.23239632598009335, 0.1909268021099102, 0.18814361257478032, 0.20150292234340378, 0.20233787920394272, 0.21430559420500125, 0.23851934316063125, 0.28833843583945623, 0.3100473142134693, 0.3136654606091382, 0.3161703311907551, 0.317283607004807, 0.2966880044448459, 0.3111605900275213, 0.3111605900275213, 0.3111605900275213, 0.3111605900275213, 0.3111605900275213, 0.3111605900275213]}
