{"best_test_loss": 0.42088329908088706, "epoch_time_hist": [16.04286003112793, 17.293113231658936, 16.29136085510254, 15.393716812133789, 16.07367777824402, 15.579328060150146, 14.89025616645813, 15.225985050201416, 15.358265161514282, 15.177874088287354, 15.075832843780518, 15.371050119400024, 15.451101779937744, 16.510114192962646, 16.634882926940918, 16.78062105178833, 16.924160957336426, 16.86066484451294, 16.41377592086792, 16.546597003936768, 17.105772018432617, 16.68588399887085, 16.491707801818848, 16.301401138305664, 16.274490118026733], "time_till_best_val_loss": 402.7544939517975, "val_loss_hist": [0.40137477583976766, 0.45248057380596296, 0.4267782426650694, 0.4043634186097144, 0.4205020915747318, 0.4055588759876983, 0.4327555289769051, 0.43783622234196545, 0.4429169157070258, 0.43813508665755724, 0.42976688582098727, 0.42020322772205015, 0.419007770459683, 0.4276748356118448, 0.44142259412906687, 0.44112372937281, 0.43604303644841474, 0.4330543932924969, 0.43365212192375985, 0.4366407650795983, 0.4411237298134751, 0.4387328152887408, 0.4372384937107819, 0.4381350851238991, 0.4372384937107819, 0.43634190076400653]}
