{"best_test_loss": 0.609479865507413, "epoch_time_hist": [31.18224048614502, 30.758184909820557, 30.501068592071533, 30.630797147750854, 29.835343837738037, 30.36924147605896, 30.52667212486267, 30.94986128807068, 32.33734726905823, 34.020047187805176, 37.612356185913086, 35.961278438568115, 33.6251106262207, 32.79812502861023, 33.35696625709534, 32.93555951118469, 32.5328311920166, 32.60757851600647, 32.64586091041565, 32.021186113357544, 31.970990419387817, 31.82608723640442, 32.18292260169983, 31.870442152023315, 32.195523500442505], "time_till_best_val_loss": 807.253623008728, "val_loss_hist": [0.6473455178303335, 0.6541340294974913, 0.6619669277517499, 0.6685813751928872, 0.670496083539243, 0.6844212358453539, 0.6844212358453539, 0.6842471713242833, 0.6771105308846456, 0.6952132288825899, 0.6832027850185691, 0.6703220191354166, 0.6786771105190831, 0.6797214969420414, 0.6811140121726525, 0.6783289817114303, 0.6765883376731665, 0.6758920800578609, 0.6736292428081179, 0.6738033072119443, 0.6738033072119443, 0.6738033072119443, 0.6715404699622012, 0.6725848563851595, 0.6725848563851595, 0.6725848563851595]}
