{"best_test_loss": 0.25083892616923575, "epoch_time_hist": [73.02079629898071, 72.00825786590576, 71.549649477005, 71.85572504997253, 71.19313192367554, 71.82910299301147, 72.36582064628601, 71.93833136558533, 72.08415722846985, 72.13180112838745, 72.01567554473877, 72.07252049446106, 72.08578085899353, 72.00666189193726, 71.92682385444641, 72.04557776451111, 71.18765068054199, 72.04356718063354, 71.9531135559082, 72.0559549331665, 72.27977061271667, 72.0008590221405, 72.13150811195374, 72.12403321266174, 71.93797135353088], "time_till_best_val_loss": 864.0649700164795, "val_loss_hist": [0.6687554396407295, 0.512271540461057, 0.39582245414448897, 0.3583986074785309, 0.2861618798905803, 0.2461270670105113, 0.24264577893398354, 0.24786771104877514, 0.24369016535694188, 0.2407310704918933, 0.24560487379903212, 0.24003481287658773, 0.23307223672353225, 0.2515230635291293, 0.24543080939520573, 0.2407310704918933, 0.24369016535694188, 0.24386422976076824, 0.23550913837710166, 0.24525674499137934, 0.24229765012633078, 0.23359442993501142, 0.23968668406893495, 0.23968668406893495, 0.23986074847276134, 0.23881636204980303]}
