{"best_test_loss": 0.48510906039251034, "epoch_time_hist": [1.154590368270874, 1.2017061710357666, 1.2964067459106445, 1.3669099807739258, 1.3672611713409424, 1.3813667297363281, 1.234710931777954, 1.0326428413391113, 0.8544840812683105, 0.8366055488586426, 0.821044921875, 0.8088383674621582, 0.8375930786132812, 0.8754241466522217, 0.9051921367645264, 0.9726917743682861, 0.9951977729797363, 0.9109394550323486, 0.9116134643554688, 0.8748228549957275, 0.8857629299163818, 0.9573707580566406, 1.0069005489349365, 0.9962139129638672, 0.9964742660522461], "time_till_best_val_loss": 12.5477294921875, "val_loss_hist": [0.652567449937721, 0.6739773707371989, 0.6837249782300483, 0.674151436019597, 0.6786771105190831, 0.6600522193096597, 0.6456048737453101, 0.5951261966824173, 0.55404699737939, 0.529329852036043, 0.5105308964227933, 0.4840731070411824, 0.49068755438658507, 0.4976501305396406, 0.4931244560401545, 0.529329852036043, 0.529329852036043, 0.513141862480189, 0.49869451696259887, 0.5126196692687098, 0.5013054830199947, 0.4976501305396406, 0.4976501305396406, 0.4957354220975503, 0.510879025230446, 0.510879025230446]}
