{"best_test_loss": 0.6205956375708768, "epoch_time_hist": [38.19273066520691, 38.05611610412598, 37.459269762039185, 37.735135078430176, 37.956090688705444, 37.437358379364014, 36.78695368766785, 36.573853492736816, 36.24611473083496, 36.44708204269409, 36.183165073394775, 36.52179789543152, 35.886537313461304, 36.42534255981445, 36.83189797401428, 36.47122812271118, 36.265281200408936, 36.18764543533325, 36.90463423728943, 35.53071570396423, 36.80915331840515, 36.489784717559814, 36.29977369308472, 36.5000262260437, 36.3986976146698], "time_till_best_val_loss": 151.44325160980225, "val_loss_hist": [0.6515230635221667, 0.6570931243669683, 0.6285465622170836, 0.6217580504678545, 0.618798955602806, 0.6351610095624863, 0.6410791992925835, 0.6506527414331615, 0.6692776327124582, 0.671888598994229, 0.6887728458395627, 0.6791993037305623, 0.6727589207889859, 0.6727589207889859, 0.660226283713486, 0.6591818972586291, 0.6563968667387321, 0.6563968666424439, 0.6563968667919337, 0.6553524803251172, 0.6550043510564009, 0.6529155787301643, 0.6506527414374317, 0.6504786770401543, 0.6492602262724236, 0.6463011313847723]}
