{"best_test_loss": 0.5402106270813736, "epoch_time_hist": [7.161023855209351, 7.121933221817017, 7.052696943283081, 6.968424320220947, 6.84064507484436, 6.515831232070923, 6.61259651184082, 5.956023693084717, 5.864287614822388, 5.041374206542969, 4.933867931365967, 4.769431829452515, 4.692447185516357, 5.122611045837402, 5.932964324951172, 8.184033155441284, 5.775910377502441, 6.43546986579895, 6.59062385559082, 6.357583522796631, 6.324094295501709, 6.586917400360107, 6.3488359451293945, 6.325916767120361, 6.3704729080200195], "time_till_best_val_loss": 41.66055464744568, "val_loss_hist": [0.5661294448563282, 0.5776413404815134, 0.5901765157178261, 0.596827833416633, 0.5704783829082753, 0.5489895113699415, 0.5300588385640814, 0.5656178050507644, 0.5581990278700896, 0.5564082885506163, 0.5487336914671596, 0.550012790981069, 0.5497569710782871, 0.5497569710782871, 0.5489895113699415, 0.6126886671626327, 0.5725249424258756, 0.5771297006759496, 0.5702225633008385, 0.5702225633008385, 0.5722691225230937, 0.5743156817453489, 0.5732924021342213, 0.5738040419397851, 0.576106421064822, 0.576106421064822]}
