{"best_test_loss": 0.14480612733018655, "epoch_time_hist": [5.431482315063477, 5.056414365768433, 4.986142158508301, 4.958018779754639, 5.085516929626465, 4.992162704467773, 4.975940465927124, 5.062001943588257, 4.979682683944702, 5.057968616485596, 4.991091012954712, 4.99124550819397, 5.041032552719116, 4.979534864425659, 5.013888120651245, 5.085050582885742, 5.006078481674194, 4.975443601608276, 5.073965787887573, 4.983092784881592, 5.0048301219940186, 5.0787718296051025, 5.007291316986084, 4.990065574645996, 5.0519514083862305], "time_till_best_val_loss": 50.585330963134766, "val_loss_hist": [0.5796878997037685, 0.19007418776694618, 0.15784088015341702, 0.1724226144749956, 0.16653875671101206, 0.16679457661379396, 0.17139933486386802, 0.16014325927845405, 0.17165515492097963, 0.14965464312740714, 0.14914300332184335, 0.150677922875524, 0.15349194166913555, 0.15758506026797556, 0.1552826811255981, 0.15221284215522607, 0.15963161958711075, 0.1586083398824292, 0.15656178050251826, 0.15579432079417257, 0.15349194166913555, 0.1545152212802631, 0.15323612176635365, 0.15118956254409852, 0.1588641596275553, 0.1586083397247734]}
