{"best_test_loss": 0.22235519386734431, "epoch_time_hist": [1.0347328186035156, 1.062112808227539, 1.2075939178466797, 1.2912793159484863, 1.2730610370635986, 1.330155849456787, 1.3370468616485596, 1.412001132965088, 1.2202239036560059, 1.3272209167480469, 1.3037340641021729, 1.310720443725586, 1.206758975982666, 1.1516788005828857, 1.0445454120635986, 1.3467600345611572, 1.3645424842834473, 0.8980684280395508, 1.3460900783538818, 1.2040739059448242, 1.0484511852264404, 0.9690999984741211, 0.8922944068908691, 0.7875628471374512, 0.6950840950012207], "time_till_best_val_loss": 9.947983741760254, "val_loss_hist": [0.5574315681617439, 0.6339217190935298, 0.49859299052190864, 0.4448708109377112, 0.41954464056230384, 0.34126375031104467, 0.2704016374111939, 0.23944742929940813, 0.22665643392523324, 0.25607572268467443, 0.2353543106198176, 0.24840112571380915, 0.2576106421013658, 0.28805321059590117, 0.2967510873116624, 0.32156561779683895, 0.3586595037002134, 0.37938091582554667, 0.35175236632510226, 0.36249680224194175, 0.36326426195028744, 0.37324123815878124, 0.376311076992164, 0.3783576362144191, 0.37733435660329157, 0.3819391148533656]}
