{"best_test_loss": 0.46960268064463984, "epoch_time_hist": [9.032869100570679, 8.564789295196533, 8.4196617603302, 8.736340522766113, 8.653555393218994, 8.623713493347168, 8.442710638046265, 8.326180696487427, 8.070089101791382, 8.028631448745728, 7.858435869216919, 7.388237476348877, 7.381582975387573, 7.49642014503479, 7.696354627609253, 7.482666492462158, 7.883327007293701, 8.022990226745605, 8.047361373901367, 8.501570463180542, 8.401339054107666, 8.475870132446289, 8.947285175323486, 8.611094236373901, 8.29909610748291], "time_till_best_val_loss": 130.20223903656006, "val_loss_hist": [0.5211051419667152, 0.48733691479950536, 0.5367101560364106, 0.5507802506894147, 0.5239191608973159, 0.5154771041055135, 0.5124072652721308, 0.5221284215778428, 0.4865694550911597, 0.48042977742439424, 0.46917370170199096, 0.45177794831282225, 0.4678946021880815, 0.4638014837435712, 0.46635968277139017, 0.4471731900627482, 0.44333589154031106, 0.4584292657851515, 0.4740342798548469, 0.46994116141033665, 0.4947556919801802, 0.5042210283831102, 0.5259657201195711, 0.5461754924393406, 0.5471987720504682, 0.5535942695880803]}
