{"best_test_loss": 0.33908045976083523, "epoch_time_hist": [41.43926167488098, 41.02653455734253, 42.61798977851868, 37.80013871192932, 40.90921974182129, 41.042863845825195, 38.06345844268799, 39.92419505119324, 42.42361640930176, 39.79346990585327, 40.88123273849487, 40.296552658081055, 43.84798812866211, 41.84191274642944, 47.35105299949646, 59.046563386917114, 48.97097635269165, 43.24944305419922, 32.683422327041626, 33.676241636276245, 32.83618426322937, 28.96036958694458, 29.3332576751709, 29.626562356948853, 30.364924907684326], "time_till_best_val_loss": 405.04074811935425, "val_loss_hist": [0.4195786228052524, 0.40647482013344105, 0.4000513874792048, 0.44347379238326123, 0.4701952723414647, 0.41212744089383024, 0.3854059609356268, 0.4182939362688003, 0.41366906473757276, 0.37076053442007295, 0.3502055495717967, 0.3648509760723162, 0.38463514901375556, 0.45400822198216834, 0.44064748200306664, 0.37358684480026755, 0.3633093525086509, 0.40210688590950394, 0.3705035971127826, 0.35174717368058206, 0.3648509763523934, 0.36228160327948916, 0.36459403904510296, 0.36151079135761793, 0.3591983555920042, 0.3620246659721988]}
