{"best_test_loss": 0.08429118773715678, "epoch_time_hist": [132.3119719028473, 133.25732231140137, 132.84981274604797, 133.1463282108307, 132.39670538902283, 133.2381775379181, 133.28967142105103, 133.23753333091736, 133.5034053325653, 133.50167846679688, 132.43019890785217, 133.6367642879486, 133.3482632637024, 133.6987931728363], "time_till_best_val_loss": 1330.7326066493988, "val_loss_hist": [0.4619732785081713, 0.23381294963428026, 0.1310380267181131, 0.10457348406720007, 0.10585817060365216, 0.10405960907472935, 0.09378211716100252, 0.0863309352495804, 0.09866392599952045, 0.09892086330681088, 0.08530318602041873, 0.08838643370790375, 0.11125385423848279, 0.08941418293706542, 0.08607399816442564]}
