{"best_test_loss": 0.0892172961114062, "epoch_time_hist": [1.2572872638702393, 1.3746733665466309, 1.2984325885772705, 1.421332597732544, 1.737480640411377, 1.6519038677215576, 1.7264244556427002, 1.8510260581970215, 1.9007568359375, 1.8733468055725098, 1.864816427230835, 1.7605981826782227, 1.9018785953521729, 1.8884069919586182, 1.8127987384796143, 1.7116327285766602, 1.766981601715088, 1.7903974056243896, 1.7769594192504883, 1.830726146697998, 1.824418306350708, 1.8843705654144287, 1.852982997894287, 1.9072346687316895, 1.8219141960144043], "time_till_best_val_loss": 10.46753478050232, "val_loss_hist": [0.4447584789802294, 0.46634121273210843, 0.3152620763130488, 0.19193216854594214, 0.1685508735825141, 0.16649537501987755, 0.0963514902339067, 0.09558067831203544, 0.10380267214532882, 0.11973278519733473, 0.13566289824934064, 0.10560123329636174, 0.1382322713222448, 0.13412127440559812, 0.15467625898883156, 0.17189105857728953, 0.18884892085845711, 0.19964028776465467, 0.22636176772285813, 0.22713257964472938, 0.2302158273322144, 0.23252826309782818, 0.23252826309782818, 0.23252826309782818, 0.23252826309782818, 0.23252826309782818]}
