{"best_test_loss": 0.33497536935268457, "epoch_time_hist": [47.20020008087158, 44.512898445129395, 42.95103049278259, 44.09844446182251, 40.67356896400452, 41.06579041481018, 45.80494928359985, 46.88447642326355, 47.81991767883301, 51.7891640663147, 54.56845951080322, 52.78229546546936, 48.774770975112915, 48.723103523254395, 47.59542655944824, 47.5597198009491, 46.76923370361328, 47.59529733657837, 47.09510898590088, 47.54688096046448, 46.9963104724884, 47.02881073951721, 47.27692127227783, 47.02907037734985, 47.85191369056702], "time_till_best_val_loss": 47.20020008087158, "val_loss_hist": [0.38591983555020765, 0.3391572453164296, 0.3571428571336808, 0.3638232271232317, 0.3666495372888899, 0.3658787257608186, 0.4139260020448632, 0.4216341212889926, 0.36510791365968376, 0.3571428571336808, 0.35894141828471376, 0.367677286732588, 0.41058581705008773, 0.41084275399759984, 0.4139260020448632, 0.41778006165421944, 0.4167523124250578, 0.41546762593146475, 0.41366906473757276, 0.40775950666989313, 0.40775950666989313, 0.4090441932063452, 0.4057040082115698, 0.40339157237016104, 0.4033915723701609, 0.40647482013344105]}
