{"best_test_loss": 0.8428369334207335, "epoch_time_hist": [45.30515813827515, 44.618433475494385, 45.141719579696655, 45.18291926383972, 44.59058713912964, 44.39537024497986, 44.53614902496338, 44.27811646461487, 44.57748794555664, 44.205146074295044, 43.91950225830078, 43.662474393844604, 43.73594808578491, 43.76783490180969, 43.775418758392334, 43.98290753364563, 43.800655126571655, 43.80194044113159, 44.07395052909851, 43.72035026550293, 43.85423994064331, 43.85362720489502, 43.78498601913452, 43.92434215545654, 43.59375715255737, 43.90577483177185, 43.941967248916626, 43.74829053878784, 43.88934564590454, 43.91241645812988, 43.737189531326294, 43.67907238006592, 43.69658899307251, 43.90079188346863, 43.819660902023315, 43.76398539543152, 43.678544759750366, 43.690006494522095, 43.73293709754944, 43.691216468811035, 43.64064049720764], "time_till_best_val_loss": 1542.3141205310822, "val_acc_hist": [0.0, 0.0, 0.0, 0.0, 0.0, 0.0, 0.0, 0.0, 0.0, 0.0, 0.0, 0.0, 0.0, 0.0, 0.0, 0.0, 0.0, 0.0, 0.0, 0.0, 0.0, 0.0, 0.0, 0.0, 0.0, 0.0, 0.0, 0.0, 0.0, 0.0, 0.0, 0.0, 0.0, 0.0, 0.0, 0.0, 0.0, 0.0, 0.0, 0.0, 0.0, 0.0], "val_loss_hist": [0.8319435965606269, 0.8336401923974829, 0.8281985533190354, 0.8316314295606232, 0.8620113824406074, 0.8488784780860344, 0.837710673439389, 0.8360503124170576, 0.8305812088177358, 0.8351404277788451, 0.8365200886375928, 0.8350479623971503, 0.8373553708794108, 0.8370961274966536, 0.8373446026265207, 0.8353595548213671, 0.8321931259050501, 0.8321787602869519, 0.8299832722832988, 0.8288372097565915, 0.8275815518077981, 0.8247845950092694, 0.8292772408654062, 0.8246905948179315, 0.8222612553318623, 0.8197776090430893, 0.8209612426042807, 0.8196136940469714, 0.8198763757269854, 0.8171952681348578, 0.8174738804129336, 0.8167418733293813, 0.8167217467241887, 0.8162946431687879, 0.8126769791377887, 0.8118685323158776, 0.8130270547597146, 0.8160743967093725, 0.8151972070402658, 0.8149556940645671, 0.8189520960035778, 0.8189011659050845]}
