{"best_test_loss": 0.1371674209420479, "epoch_time_hist": [150.71707034111023, 151.70114541053772, 153.00251483917236, 153.31402850151062, 154.06724333763123, 154.3313901424408, 154.16742825508118, 154.15737390518188, 153.80353689193726, 153.85746955871582, 153.70669031143188, 153.66674208641052], "time_till_best_val_loss": 1840.4926335811615, "val_acc_hist": [0.0, 0.0, 0.0, 0.0, 0.0, 0.0, 0.0, 0.0, 0.0, 0.0, 0.0, 0.005, 0.0], "val_loss_hist": [0.8483656635014447, 0.3069464456272015, 0.2212640690781047, 0.19159006976456003, 0.18255471334772455, 0.166647549302252, 0.16008523383649248, 0.15531406692846006, 0.1516223033585047, 0.14669087559301533, 0.14072173125882817, 0.1384405355647837, 0.13214072820206899]}
