{"best_test_loss": 0.12865090566807125, "epoch_time_hist": [2.1916773319244385, 2.3925023078918457, 2.755601406097412, 2.922123670578003, 3.0858044624328613, 3.1537907123565674, 3.117936611175537, 3.16420578956604, 3.212449312210083, 3.207380533218384, 3.2070720195770264, 3.1409027576446533, 3.1760568618774414, 3.1580233573913574, 3.1980960369110107, 3.3201422691345215, 3.1467907428741455, 3.0169601440429688, 3.0570051670074463, 3.1930458545684814, 3.0239126682281494, 3.1317625045776367, 3.1187996864318848, 3.112175226211548, 3.1119649410247803, 3.180603504180908, 3.0306098461151123, 3.186973810195923, 3.1216111183166504, 3.1642613410949707, 3.1404170989990234, 3.232933521270752, 3.204802989959717, 3.176790952682495, 3.193024158477783, 3.2875800132751465, 3.2442378997802734, 3.161729097366333, 3.2316460609436035, 3.188361644744873, 3.2292959690093994, 3.1656363010406494, 3.2845611572265625, 3.225555896759033, 3.3072144985198975, 3.310370445251465, 3.3507308959960938, 3.25844669342041, 3.2261812686920166, 3.244155168533325, 3.2140674591064453, 3.1670467853546143, 3.1566383838653564, 3.3174448013305664, 3.2502505779266357, 3.212951898574829, 3.2455801963806152, 3.250424385070801, 3.2523136138916016, 3.202871322631836, 3.2509779930114746, 3.275698184967041, 3.2122232913970947, 3.175212860107422, 3.215876340866089, 3.18546462059021, 3.2229785919189453, 3.1922502517700195, 3.188244342803955, 3.2174367904663086, 3.183436393737793, 3.1944565773010254, 3.2858786582946777, 3.2192983627319336, 3.2586803436279297, 3.2713046073913574, 3.2331464290618896, 3.279935836791992, 3.194007396697998, 3.2152011394500732, 3.2197864055633545, 3.2137627601623535, 3.195751190185547, 3.2356390953063965, 3.1805763244628906, 3.2271389961242676, 3.2183916568756104, 3.2081243991851807, 3.192413330078125, 3.195934295654297, 3.233694076538086, 3.2214362621307373, 3.2215843200683594, 3.2345895767211914, 3.2242984771728516, 3.2188477516174316, 3.2175676822662354, 3.1891980171203613, 3.18827748298645, 3.195085287094116], "time_till_best_val_loss": 317.637309551239, "val_acc_hist": [0.0, 0.0, 0.0, 0.0, 0.0, 0.0, 0.0, 0.0, 0.0, 0.0, 0.0, 0.0, 0.0, 0.0, 0.0, 0.0, 0.0, 0.0, 0.0, 0.0, 0.0, 0.0, 0.0, 0.0, 0.0, 0.0, 0.0, 0.0, 0.0, 0.0, 0.0, 0.005, 0.005, 0.0, 0.0, 0.005, 0.0, 0.005, 0.0, 0.0, 0.005, 0.005, 0.0, 0.005, 0.0, 0.0, 0.0, 0.005, 0.005, 0.0, 0.005, 0.005, 0.005, 0.01, 0.005, 0.01, 0.005, 0.005, 0.005, 0.01, 0.005, 0.005, 0.005, 0.005, 0.005, 0.005, 0.005, 0.005, 0.005, 0.005, 0.005, 0.0, 0.005, 0.005, 0.01, 0.005, 0.005, 0.005, 0.005, 0.005, 0.005, 0.005, 0.005, 0.005, 0.005, 0.005, 0.005, 0.005, 0.005, 0.005, 0.005, 0.005, 0.005, 0.005, 0.005, 0.005, 0.005, 0.005, 0.005, 0.005, 0.005], "val_loss_hist": [0.9210356498208745, 0.7878089858273136, 0.730553815233656, 0.6697343241679765, 0.5953167649937222, 0.5476958931462632, 0.5162881297199771, 0.4548377744642907, 0.36390126590401817, 0.34551289287358433, 0.31614970429370015, 0.2920364714085948, 0.2986101421459073, 0.2631091894852, 0.2841270113030003, 0.28297847423186046, 0.35602399469308993, 0.2801373953886335, 0.28997095002508666, 0.26631739490986744, 0.3012743423424177, 0.2708338284958925, 0.25971300488976734, 0.25558427429511504, 0.24458259390830564, 0.2325635361638068, 0.2204416672840567, 0.22799307573215402, 0.2541942500770439, 0.21693853263573581, 0.21854865581847063, 0.2098350499396314, 0.19517550878737766, 0.1952003141232237, 0.1727202146823172, 0.17982089420674238, 0.1848341687676929, 0.19377115162740824, 0.1939999712136272, 0.19996381801317456, 0.18924296833898496, 0.19366856302493315, 0.1884346898141658, 0.19293400974546596, 0.1950227759017679, 0.1828204559319107, 0.1524197312152725, 0.1449798055948976, 0.13929295291344496, 0.1398183755498365, 0.13476595714806278, 0.13130525082094696, 0.13034136593756698, 0.12834498819501972, 0.12779883727586994, 0.12991169113161186, 0.13019060570898658, 0.1256094740776045, 0.12642379048838528, 0.12656509685168194, 0.12880210904842485, 0.12505412004604258, 0.1255453688747436, 0.12836719155795887, 0.12683845414946482, 0.12527990908713166, 0.12330679353638296, 0.12624835060577608, 0.12716041405056244, 0.12434702029894378, 0.12687569970772797, 0.1263764889028193, 0.1257831275384741, 0.12385086489023653, 0.12554578084235185, 0.12838139506165513, 0.12456506845547416, 0.12436922925898877, 0.12279842637172829, 0.12340235600441286, 0.12589480601257907, 0.12404080684231901, 0.1258864159062018, 0.12448402350230015, 0.12417404202375823, 0.123180761969421, 0.12427980612597082, 0.1250290859458575, 0.12418418075037393, 0.12424816327808122, 0.12432808645824836, 0.1237333273593436, 0.123757448489396, 0.1241465333593064, 0.12427468008939051, 0.12305515808730916, 0.12289239890646411, 0.12310717248546314, 0.12306259359120048, 0.12337098793520908, 0.1227984045818941]}
