{"best_test_loss": 0.7358084756754008, "epoch_time_hist": [59.140971183776855, 58.83718276023865, 58.64639401435852, 58.59688115119934, 58.41362643241882, 58.32846283912659, 58.46876621246338, 58.11113786697388, 58.197983264923096, 58.15473222732544, 58.1166775226593, 58.19118809700012, 57.96788549423218, 57.87608027458191, 57.77021241188049, 57.96234107017517, 58.005754232406616, 57.66094660758972, 57.77018475532532, 57.857964515686035, 57.75747489929199, 57.887048959732056, 57.587993144989014, 57.70504927635193, 57.594937324523926, 57.9324836730957, 57.90169954299927, 57.95206570625305, 57.95436978340149, 57.93656516075134, 57.66352462768555, 57.7584662437439], "time_till_best_val_loss": 1337.3078899383545, "val_acc_hist": [0.0, 0.0, 0.0, 0.0, 0.0, 0.0, 0.0, 0.0, 0.0, 0.0, 0.0, 0.0, 0.0, 0.0, 0.0, 0.0, 0.0, 0.0, 0.0, 0.0, 0.0, 0.0, 0.0, 0.0, 0.0, 0.0, 0.0, 0.0, 0.0, 0.0, 0.0, 0.0, 0.0], "val_loss_hist": [0.8484842715903385, 0.8073596121562794, 0.7874598211252337, 0.7798351846973427, 0.7739556701674051, 0.7829655232208914, 0.782504017066857, 0.7837252676835303, 0.7746195767507715, 0.7687852893924744, 0.7765035659338203, 0.7675295002077517, 0.7630026643257797, 0.7592477224855453, 0.7562591510262565, 0.753577484435438, 0.756040966405643, 0.7450829473670818, 0.7416297498411629, 0.7431524841989733, 0.7393813462902907, 0.7362105492973922, 0.7303911819523888, 0.7229619392408129, 0.730535736244121, 0.7295535953937397, 0.7296257327971185, 0.7381328128148825, 0.7564765934431879, 0.757296158590525, 0.7506117354446259, 0.7382785311051008, 0.7441825825892643]}
