{"best_test_loss": 0.5425387333367073, "epoch_time_hist": [5.599092960357666, 5.042169570922852, 5.326300144195557, 4.922943353652954, 4.953526973724365, 5.083926677703857, 5.218163728713989, 5.649845838546753, 5.630547285079956, 4.981958389282227, 4.685327053070068, 4.289678335189819, 4.996978044509888, 5.286928176879883, 4.874775409698486, 4.972534656524658, 4.802313327789307, 5.246339321136475, 6.0340423583984375, 5.87167763710022, 4.376455783843994, 3.8116455078125, 3.636568307876587, 4.029491186141968, 3.7457587718963623], "time_till_best_val_loss": 76.54216194152832, "val_loss_hist": [0.5867473192030039, 0.5751993400996646, 0.5490789111754446, 0.5279076161526558, 0.5196590596502706, 0.5042617541791514, 0.5174594445829679, 0.5303821831033714, 0.6169920263784165, 0.6563101457064529, 0.6414627440021594, 0.6510860599216088, 0.6623590871415354, 0.5861974154361783, 0.49931262027772033, 0.49711300521041757, 0.5565026120275913, 0.5565026120275913, 0.5565026120275913, 0.6227660159300862, 0.6043442397414258, 0.6268902941812788, 0.635138850683664, 0.635138850683664, 0.5270827605024173, 0.5270827605024173]}
