{"best_test_loss": 0.1212285947235328, "epoch_time_hist": [4.657189607620239, 4.3252973556518555, 4.263350486755371, 4.27142858505249, 4.319851636886597, 4.248383522033691, 4.25467324256897, 4.323791027069092, 4.263068199157715, 4.262030124664307, 4.309379577636719, 4.253918409347534, 4.320850849151611, 4.24913763999939, 4.251475811004639, 4.3192949295043945, 4.2583091259002686, 4.2501220703125, 4.328863859176636, 4.255461692810059, 4.241706609725952, 4.27143931388855, 4.228813409805298, 4.258567571640015, 4.255954027175903], "time_till_best_val_loss": 47.498443365097046, "val_loss_hist": [0.5933461644049122, 0.18146824305247544, 0.14984877645999867, 0.14297497937467762, 0.15424800659460414, 0.15259829529412708, 0.14489964255856752, 0.13307671157181533, 0.1374759417064208, 0.13500137475570523, 0.1328017596884025, 0.12950233708744838, 0.13417651910546669, 0.14379983502491614, 0.1407753643073749, 0.14379983502491614, 0.1407753643073749, 0.14132526807420057, 0.14379983502491614, 0.1421501237244391, 0.13720098982300796, 0.13802584547324648, 0.14599945009221887, 0.1473742095092831, 0.14105031619078773, 0.13720098982300796]}
