{"best_test_loss": 0.22343027996130932, "epoch_time_hist": [0.9341199398040771, 1.0346705913543701, 1.1619791984558105, 1.1954894065856934, 1.2385528087615967, 1.2032687664031982, 1.2542381286621094, 1.300182819366455, 1.2364375591278076, 1.248399019241333, 1.2769670486450195, 1.3306615352630615, 1.259660243988037, 1.1830205917358398, 1.0127792358398438, 1.0925312042236328, 0.9540615081787109, 1.034860610961914, 0.8734836578369141, 0.7312240600585938, 0.7301421165466309, 0.7057039737701416, 0.7980985641479492, 0.7128462791442871, 0.716038703918457], "time_till_best_val_loss": 9.32250165939331, "val_loss_hist": [0.6002199614902332, 0.5881220786200682, 0.54110530666213, 0.4649436348511151, 0.37448446520829026, 0.3318669232792998, 0.265603519376805, 0.24470717623742902, 0.23563376408480524, 0.2631289524260894, 0.26862799022279293, 0.2716524608118875, 0.27275226834553884, 0.2867748143995938, 0.2749518834128416, 0.300247456686823, 0.3689854275400334, 0.3450646136831162, 0.3527632664186758, 0.35578773713621703, 0.3643112455220151, 0.3527632664186758, 0.34286499861581343, 0.34561451744994187, 0.3508386032347859, 0.3571624965532812]}
