{"best_test_loss": 0.49089426473251174, "epoch_time_hist": [7.002210378646851, 6.794285774230957, 6.634183645248413, 6.984816551208496, 6.941988468170166, 6.448929786682129, 6.574957609176636, 6.636782169342041, 6.682372570037842, 6.3816750049591064, 6.617300510406494, 6.50131893157959, 6.583725214004517, 6.6142258644104, 6.645618200302124, 6.682297945022583, 6.5616774559021, 6.539073944091797, 6.635133266448975, 6.66192626953125, 6.683854818344116, 6.54877781867981, 6.675924062728882, 6.7972331047058105, 6.68912148475647], "time_till_best_val_loss": 7.002210378646851, "val_loss_hist": [0.5309320868701971, 0.5094858399639954, 0.5163596370493165, 0.5595270827451326, 0.572724773148949, 0.5543029969602886, 0.5647511685299766, 0.5573274676778299, 0.5468792961081419, 0.5614517458292082, 0.5655760241802151, 0.5570525157944171, 0.5356062688882154, 0.5419301622067108, 0.5411053065564723, 0.5413802584398851, 0.5400054990228209, 0.5400054990228209, 0.5457794885744905, 0.5413802584398851, 0.5441297772740135, 0.5419301620757286, 0.544679680909861, 0.5452295848076648, 0.5435798735071878, 0.5435798735071878]}
