{"best_test_loss": 0.3203285420850593, "epoch_time_hist": [28.582754373550415, 28.510843515396118, 29.367318153381348, 30.250354766845703, 28.939728498458862, 27.894134998321533, 26.925970554351807, 28.211164474487305, 27.24681782722473, 28.10842251777649, 29.60660147666931, 33.13981366157532, 32.73949980735779, 29.709190607070923, 30.038183212280273, 25.509875774383545, 28.544979333877563, 30.24994707107544, 26.675103902816772, 17.410197019577026, 18.71325159072876, 25.076261043548584, 32.282431840896606, 24.176340341567993, 21.446239948272705], "time_till_best_val_loss": 667.9091863632202, "val_loss_hist": [0.39264664607373995, 0.40471512693466155, 0.4061184395058625, 0.39854055570029356, 0.4353073252754615, 0.41650294694312373, 0.41846758348530827, 0.39517260706411106, 0.41622228007063033, 0.3884367106262016, 0.4355879876386307, 0.40696042645749847, 0.372719613960053, 0.37777154082577125, 0.40162784169515503, 0.43334268873327697, 0.4322200392806001, 0.37496491719407904, 0.41509963569656727, 0.4557956777868146, 0.4557956777868146, 0.4557956777868146, 0.3300589390870037, 0.3373561605294034, 0.307605950033466, 0.44962110579709175]}
