{"best_test_loss": 0.08770900546414219, "epoch_time_hist": [57.12890672683716, 57.9551317691803, 57.937968254089355, 58.12661337852478, 58.13270545005798, 57.64064645767212, 58.189706563949585, 58.190250873565674, 58.1221821308136, 58.33195662498474, 58.18209910392761, 58.243664503097534, 58.25560283660889, 57.52105522155762, 58.38560724258423, 58.24200630187988, 58.195106983184814, 58.190571546554565, 58.412495851516724, 58.430442094802856, 57.65150046348572, 57.70445895195007, 58.27581214904785, 58.43973112106323, 58.63330006599426], "time_till_best_val_loss": 289.2813255786896, "val_loss_hist": [0.44288520908103046, 0.13836654504242588, 0.11001964636233456, 0.10412573673578093, 0.08307605949808937, 0.08111142313639809, 0.08700533211646716, 0.09205725485287558, 0.08896996967542525, 0.09009261849109554, 0.10019646374184488, 0.09991580161855351, 0.10945832180712656, 0.1114229583301318, 0.09795116474605807, 0.10272242491993483, 0.10075778837775028, 0.09907381419873496, 0.09879315223207347, 0.0971091776565504, 0.09486387915812902, 0.09514454131862839, 0.09402189185227107, 0.09654785291652143, 0.10019646396826998, 0.1001964637936596]}
