{"best_test_loss": 0.111176298031353, "epoch_time_hist": [1.1905388832092285, 1.3082172870635986, 1.2106118202209473, 1.3633439540863037, 1.6188085079193115, 1.6633493900299072, 1.6538150310516357, 1.701232671737671, 1.6309678554534912, 1.4137396812438965, 1.4100406169891357, 1.3758811950683594, 1.403268814086914, 1.3017818927764893, 1.1747033596038818, 1.1599376201629639, 1.2377252578735352, 1.2340304851531982, 1.2074384689331055, 1.198124885559082, 1.2018945217132568, 1.2105882167816162, 1.2174263000488281, 1.2124297618865967, 1.2076385021209717], "time_till_best_val_loss": 10.008684873580933, "val_loss_hist": [0.36822902039308053, 0.4229581812960158, 0.2764524277216825, 0.19506034240260847, 0.1737300028017477, 0.14594442884799483, 0.13134998596319536, 0.11394891944670366, 0.12966601178418002, 0.12742071287882625, 0.1453831041216564, 0.14229581812679495, 0.11563289362571898, 0.1349985966843952, 0.12321077743128794, 0.16278417063814807, 0.24473758068356055, 0.2896435587906359, 0.2629806342895599, 0.2671905697370982, 0.2733651417268211, 0.2879595846116206, 0.3003087285910663, 0.3022733651332508, 0.30395733931226615, 0.3047993264017738]}
