{"best_test_loss": 0.29832795540339313, "epoch_time_hist": [34.69761776924133, 34.089080810546875, 34.36636924743652, 30.766772031784058, 29.615079879760742, 31.203516483306885, 29.8785560131073, 30.302534341812134, 29.63958764076233, 30.222863912582397, 30.32325029373169, 30.73961615562439, 31.058166027069092, 29.99525213241577, 28.56411361694336, 29.202192306518555, 28.356006860733032, 26.626627445220947, 26.532182693481445, 25.346541166305542, 26.342000484466553, 26.27100920677185, 26.844637155532837, 26.140449285507202, 26.029932737350464], "time_till_best_val_loss": 314.7819781303406, "val_loss_hist": [0.4327813589451653, 0.4282907659511968, 0.37721021623909096, 0.40218916642149344, 0.4263261296540464, 0.4448498435785605, 0.4451305079863842, 0.4114510244060777, 0.33651417343989576, 0.3174291327443888, 0.30620263775976947, 0.3286556272711576, 0.3544765646827259, 0.42660679201721563, 0.45046309267247825, 0.4563570025131531, 0.4661801852240758, 0.46702217231358345, 0.46926747121893725, 0.47291608194013707, 0.4816166062423169, 0.4838619141037367, 0.4835812517405675, 0.4838619141037367, 0.48414257646690595, 0.48470390119324436]}
