{"best_test_loss": 0.07020626768041256, "epoch_time_hist": [1.291680097579956, 1.015578269958496, 1.0240120887756348, 1.018779993057251, 1.0056240558624268, 1.005012035369873, 1.0155768394470215, 1.015171766281128, 1.0088047981262207, 0.9986519813537598, 1.006255865097046, 1.0035970211029053, 1.008098840713501, 0.9951531887054443, 0.9997482299804688, 0.9936070442199707, 0.9972028732299805, 0.9977102279663086, 0.9930288791656494, 0.9938991069793701, 0.9884469509124756, 1.0148200988769531, 0.9937291145324707, 1.0098230838775635, 1.0049998760223389, 0.99285888671875, 0.9968528747558594, 1.0260140895843506, 0.9946432113647461, 1.0077250003814697, 1.0269980430603027, 1.0016179084777832, 1.0029356479644775, 1.015171766281128, 1.0080161094665527, 1.0005311965942383, 1.0230920314788818, 1.043632984161377, 1.0030462741851807, 1.025447130203247, 0.9989597797393799, 1.0310866832733154, 1.0090951919555664, 0.9978809356689453, 0.9926819801330566, 0.9857468605041504, 0.989354133605957, 1.0226690769195557, 1.057582139968872, 1.050638198852539, 1.0231819152832031, 1.0174221992492676, 1.016089916229248, 1.0140399932861328, 0.9996168613433838, 1.0293052196502686, 1.0215060710906982, 1.0055439472198486, 1.0221068859100342, 1.02540922164917, 1.0076367855072021, 1.0106291770935059, 1.0177280902862549, 1.0499069690704346, 1.0014748573303223, 0.9956018924713135, 1.0358922481536865, 1.0201220512390137, 1.0223548412322998, 1.0008046627044678, 1.0044188499450684, 0.9988939762115479, 0.9914650917053223, 1.0101399421691895, 1.0205979347229004, 0.998960018157959, 1.0111980438232422, 0.9936060905456543, 0.9989938735961914, 0.9999291896820068, 0.995955228805542, 0.9940619468688965, 1.0078129768371582, 0.9994580745697021, 1.0022118091583252, 0.9895808696746826, 0.9883081912994385, 1.0034921169281006, 1.0071728229522705, 0.9972727298736572, 1.0061349868774414, 1.0034270286560059, 0.99800705909729, 0.9983932971954346, 0.9936778545379639, 0.9898478984832764, 0.9939529895782471, 0.9974420070648193, 0.9961662292480469, 0.9999291896820068], "time_till_best_val_loss": 1.291680097579956, "val_acc_hist": [0.015, 0.005, 0.005, 0.015, 0.01, 0.015, 0.02, 0.02, 0.03, 0.03, 0.03, 0.035, 0.035, 0.035, 0.035, 0.035, 0.035, 0.04, 0.05, 0.05, 0.05, 0.05, 0.05, 0.05, 0.05, 0.05, 0.05, 0.05, 0.05, 0.05, 0.05, 0.05, 0.05, 0.05, 0.05, 0.05, 0.05, 0.05, 0.05, 0.05, 0.05, 0.05, 0.05, 0.05, 0.05, 0.05, 0.05, 0.05, 0.05, 0.05, 0.05, 0.05, 0.05, 0.05, 0.05, 0.05, 0.05, 0.05, 0.05, 0.05, 0.05, 0.05, 0.05, 0.05, 0.05, 0.05, 0.05, 0.05, 0.05, 0.05, 0.05, 0.05, 0.05, 0.05, 0.05, 0.05, 0.05, 0.05, 0.05, 0.05, 0.05, 0.05, 0.05, 0.05, 0.05, 0.05, 0.05, 0.05, 0.05, 0.05, 0.05, 0.05, 0.05, 0.05, 0.05, 0.05, 0.05, 0.05, 0.05, 0.05, 0.05], "val_loss_hist": [0.09067189163948683, 0.07791851000897428, 0.07939674435821455, 0.07990525466387158, 0.08237347524868859, 0.08217466635822465, 0.08306582878299042, 0.08318421036283326, 0.0822402395076686, 0.08141036648183576, 0.08015506165089507, 0.08083245355395123, 0.0808481952259963, 0.08098283157344867, 0.08098283157344867, 0.08098283157344867, 0.08098167123199525, 0.08055065333746435, 0.08019272165258767, 0.08011155107569112, 0.08011155107569112, 0.08011155107569112, 0.08021455377076633, 0.08021455377076633, 0.08021455377076633, 0.08021455377076633, 0.08021455377076633, 0.08018427738723999, 0.08018427738723999, 0.08018427738723999, 0.08018427738723999, 0.08018427738723999, 0.08018427738723999, 0.08018427738723999, 0.08018427738723999, 0.08018427738723999, 0.08018427738723999, 0.08018427738723999, 0.08018427738723999, 0.08018427738723999, 0.08018427738723999, 0.08018427738723999, 0.08018427738723999, 0.08018427738723999, 0.08018427738723999, 0.08018427738723999, 0.08018427738723999, 0.08018427738723999, 0.08018427738723999, 0.08018427738723999, 0.08018427738723999, 0.08018427738723999, 0.08018427738723999, 0.08018427738723999, 0.08018427738723999, 0.08018427738723999, 0.08018427738723999, 0.08018427738723999, 0.08018427738723999, 0.08018427738723999, 0.08018427738723999, 0.08018427738723999, 0.08018427738723999, 0.08018427738723999, 0.08018427738723999, 0.08018427738723999, 0.08018427738723999, 0.08018427738723999, 0.08018427738723999, 0.08018427738723999, 0.08018427738723999, 0.08018427738723999, 0.08018427738723999, 0.08018427738723999, 0.08018427738723999, 0.08018427738723999, 0.08018427738723999, 0.08018427738723999, 0.08018427738723999, 0.08018427738723999, 0.08018427738723999, 0.08018427738723999, 0.08018427738723999, 0.08018427738723999, 0.08018427738723999, 0.08018427738723999, 0.08018427738723999, 0.08018427738723999, 0.08018427738723999, 0.08018427738723999, 0.08018427738723999, 0.08018427738723999, 0.08018427738723999, 0.08018427738723999, 0.08018427738723999, 0.08018427738723999, 0.08018427738723999, 0.08018427738723999, 0.08018427738723999, 0.08018427738723999, 0.08018427738723999]}
