{"best_test_loss": 0.18839178516069494, "epoch_time_hist": [2.9726340770721436, 2.4729249477386475, 2.424916982650757, 2.4368069171905518, 2.4069600105285645, 2.449324131011963, 2.402928113937378, 2.4124460220336914, 2.4198379516601562, 2.45639705657959, 2.4165709018707275, 2.411925792694092, 2.4514620304107666, 2.4111380577087402, 2.405088186264038, 2.4104039669036865, 2.44143009185791, 2.415837049484253, 2.4238719940185547, 2.4247148036956787, 2.4714670181274414, 2.4161949157714844, 2.418268918991089, 2.4293339252471924, 2.4652721881866455, 2.458461046218872, 2.431928873062134, 2.4723880290985107, 2.415609121322632, 2.4379870891571045, 2.41576886177063, 2.4897420406341553, 2.401355028152466, 2.436501979827881, 2.4217288494110107, 2.4772019386291504, 2.5363571643829346, 2.45406174659729, 2.4679901599884033, 2.4340860843658447, 2.4515037536621094, 2.425241231918335, 2.498029947280884, 2.4403977394104004, 2.4699840545654297, 2.4328198432922363, 2.492800712585449, 2.4391839504241943, 2.432710886001587, 2.461045980453491], "time_till_best_val_loss": 122.56304216384888, "val_loss_hist": [0.6770654831576972, 0.6377495817456709, 0.6114942811456806, 0.578159925486956, 0.5415423329838275, 0.4929643318938088, 0.49216971457897846, 0.45400865095886117, 0.4119335336502391, 0.3924779501262165, 0.3715249815086498, 0.3400919650362351, 0.33790527182499025, 0.3112146035836458, 0.3090694584108635, 0.3058062677846851, 0.28840653607221306, 0.283347555617024, 0.27693733365517303, 0.27663492628345804, 0.27183199869681823, 0.2690203692195422, 0.2645654315045403, 0.2654903042352326, 0.2601905658230657, 0.24501234468953328, 0.2362893265576739, 0.23086205014994274, 0.22828349752350946, 0.23000549867897813, 0.22905924223838145, 0.22587101638240953, 0.2267953134467817, 0.2267953134467817, 0.22182962167356265, 0.22071479385779422, 0.21604934126275244, 0.21347536911309525, 0.20530264358157965, 0.2043245224343617, 0.19335174646689626, 0.19210744495262855, 0.1748271631688033, 0.16709785692758344, 0.1630771833738076, 0.159903447683397, 0.15880587796890533, 0.15079907784190894, 0.15028426223439842, 0.1511200553693488, 0.1463175151731304]}
