{"best_test_loss": 0.0002750927288241126, "epoch_time_hist": [4.198754787445068, 4.012766122817993, 4.137531757354736, 4.198193073272705, 3.9099881649017334, 3.7857398986816406, 3.861628770828247, 3.7823259830474854, 3.7970387935638428, 3.82673978805542, 3.8853859901428223, 3.698765993118286, 3.7997782230377197, 3.6771700382232666, 3.6857969760894775, 3.7184691429138184, 3.6972527503967285, 3.6521270275115967, 3.5141348838806152, 3.645117998123169, 3.754631757736206, 3.48618483543396, 3.67378306388855, 3.4949140548706055, 3.5965402126312256, 3.7454781532287598, 3.51366925239563, 3.656186103820801, 3.534296989440918, 3.501534938812256, 3.5410170555114746, 3.5463430881500244, 3.5569517612457275, 3.440340995788574, 3.506544828414917, 3.515056848526001, 3.431758165359497, 3.481046676635742, 3.4184162616729736, 3.3695929050445557, 3.449446201324463, 3.502039909362793, 3.5374410152435303, 3.5209872722625732, 3.502171039581299, 3.556910991668701, 3.6124517917633057, 3.4937171936035156, 3.60186505317688, 3.6322691440582275, 3.59883713722229, 3.5823209285736084, 3.594902992248535, 3.523509979248047, 3.7122910022735596, 3.5251221656799316, 3.581632137298584, 3.5586700439453125, 3.565556049346924, 3.525887966156006, 3.593738079071045, 3.689771890640259, 3.6478259563446045, 3.617387056350708, 3.5175538063049316, 3.5845229625701904, 3.5850629806518555, 3.6641299724578857, 3.6938083171844482, 3.6123058795928955, 3.674875259399414, 3.658090114593506, 3.5150389671325684, 3.591294050216675, 3.529500961303711, 3.5194380283355713, 3.57966685295105, 3.484225034713745, 3.557399034500122, 3.6018097400665283, 3.5313727855682373, 3.7057976722717285, 3.6765806674957275, 3.643507242202759, 3.635395050048828, 3.516258716583252, 3.6253371238708496, 3.6180338859558105, 3.527815818786621, 3.6009490489959717, 3.5468409061431885, 3.600759983062744, 3.59230899810791, 3.5252301692962646, 3.564653158187866, 3.5293309688568115, 3.5632457733154297, 3.4949018955230713, 3.536665916442871, 3.4307608604431152], "time_till_best_val_loss": 168.31799054145813, "val_loss_hist": [0.09308238825992605, 0.029333365687784933, 0.012919500894029576, 0.012639941212675244, 0.006022376525446636, 0.005197498717672708, 0.0035270572540613897, 0.002362446103629958, 0.002186481896995312, 0.0026239955153850294, 0.002085888066996518, 0.0017292873184853847, 0.0017451392427647121, 0.0011908684102102632, 0.0009978098639538261, 0.001244685482692711, 0.0007111429262291089, 0.0010518083122406038, 0.0009722585965634123, 0.0008885658080885495, 0.0007883984252426797, 0.0008515299389080867, 0.0007359452560062446, 0.0006089749878793134, 0.000517119824515308, 0.000499793459405382, 0.0006066555890489558, 0.0005364584088239514, 0.0005098475643158523, 0.0005299419703145163, 0.00034695183215390554, 0.0005814734936496562, 0.00035909206199889884, 0.0005193199469071839, 0.00039700017580455115, 0.0003752287659088599, 0.00045352229809010315, 0.00040238209706554436, 0.0004644832463534324, 0.0003907332761598344, 0.0003567959905581246, 0.0004381999840256612, 0.0004607092385405014, 0.00042135072466966235, 0.0003882173779575879, 0.0003877752989568274, 0.0003019260110219857, 0.00030800268900210215, 0.0003276986746006939, 0.00032106256729607144, 0.0003233335992452744, 0.00036022087224071484, 0.0003813216731890688, 0.0003738884397339706, 0.0003833042872909142, 0.0003585092696160179, 0.0003645859475961344, 0.00038846648879680947, 0.00038846648879680947, 0.00038846648879680947, 0.00038846648879680947, 0.00038846648879680947, 0.00038846648879680947, 0.00038846648879680947, 0.0003645859475961344, 0.0003645859475961344, 0.00038846648879680947, 0.00038846648879680947, 0.0003645859475961344, 0.0003645859475961344, 0.0003645859475961344, 0.0003645859475961344, 0.0003645859475961344, 0.0003645859475961344, 0.0003645859475961344, 0.0003645859475961344, 0.0003645859475961344, 0.0003645859475961344, 0.0003645859475961344, 0.0003645859475961344, 0.0003645859475961344, 0.0003645859475961344, 0.0003645859475961344, 0.0003645859475961344, 0.0003645859475961344, 0.0003645859475961344, 0.0003645859475961344, 0.0003645859475961344, 0.0003645859475961344, 0.0003645859475961344, 0.0003645859475961344, 0.0003645859475961344, 0.0003645859475961344, 0.0003645859475961344, 0.0003645859475961344, 0.0003645859475961344, 0.0003645859475961344, 0.0003645859475961344, 0.0003645859475961344, 0.0003645859475961344, 0.0003645859475961344]}
