{"best_test_loss": 0.5406529423884248, "epoch_time_hist": [22.537292957305908, 22.784305334091187, 22.905649185180664, 22.330737829208374, 21.709694623947144, 22.16530156135559, 21.530397415161133, 20.97586417198181, 19.593793869018555, 18.887845516204834, 17.84718942642212, 16.94534945487976, 15.645158290863037, 16.169225931167603, 17.969292640686035, 26.317166090011597, 29.053244590759277, 31.882719039916992, 25.345009565353394, 21.143791913986206, 26.193174362182617, 27.565901517868042, 23.275925397872925, 20.6554856300354, 19.090277194976807], "time_till_best_val_loss": 487.4981052875519, "val_loss_hist": [0.6164383561500711, 0.5994892036080918, 0.5920594381102378, 0.591130717423006, 0.58393313209696, 0.573949384755284, 0.572324122126761, 0.5853262131083511, 0.5799860691762251, 0.5760390062554902, 0.5799860691762251, 0.5799860691762251, 0.5665196192113647, 0.5676805200704045, 0.5688414209294441, 0.5576967726826632, 0.6628743905116584, 0.6631065706834663, 0.6466217784851028, 0.6477826793441425, 0.5706988623039077, 0.5472486649513061, 0.5437659623741871, 0.5437659623741871, 0.5437659623741871, 0.5518922683874647]}
