{"best_test_loss": 0.21459762944032862, "epoch_time_hist": [26.450963973999023, 26.387678623199463, 26.66542673110962, 26.828116416931152, 26.70854663848877, 26.720794677734375, 26.755325317382812, 26.695629835128784, 26.653388738632202, 26.808913946151733, 26.590973615646362, 26.760382652282715, 26.68090844154358, 26.787997722625732, 26.877631664276123, 26.643760919570923, 26.77352547645569, 26.819324731826782, 26.54387140274048, 26.794039726257324, 26.749444007873535, 26.795319318771362, 26.782021522521973, 26.693071126937866, 26.700532913208008], "time_till_best_val_loss": 640.9670572280884, "val_loss_hist": [0.6143487346210961, 0.3647550499102681, 0.27791966565409987, 0.2393777571339824, 0.22149988390477132, 0.21732064081222846, 0.19990712792663323, 0.2029254701601364, 0.20385419084736814, 0.23078709077708875, 0.2143022985787253, 0.19804968655216973, 0.19921058720390883, 0.2040863710191761, 0.2091943347989507, 0.21151613651703005, 0.2233573252792348, 0.1966566055213221, 0.19758532620855387, 0.20269328998832847, 0.2175528209840364, 0.22800092871539354, 0.21105177617341417, 0.20896215462714274, 0.18945902019527608, 0.19410262363143482]}
