{"best_test_loss": 0.49719276355797065, "epoch_time_hist": [1.0818071365356445, 1.1458818912506104, 1.2382228374481201, 1.3083069324493408, 1.3395648002624512, 1.2175228595733643, 1.109567642211914, 0.9513759613037109, 1.0178470611572266, 1.0430865287780762, 0.8779115676879883, 1.0259315967559814, 0.940319299697876, 0.9994161128997803, 1.0920312404632568, 1.058793067932129, 1.0151915550231934, 0.8658955097198486, 1.041724681854248, 1.0816764831542969, 1.0925757884979248, 1.0696089267730713, 1.093630313873291, 1.0642220973968506, 1.068392038345337], "time_till_best_val_loss": 10.410097122192383, "val_loss_hist": [0.653122823295725, 0.6610169492170596, 0.6828418851843152, 0.6884142084944894, 0.6707685164193519, 0.6668214534323933, 0.649640120718606, 0.6366380309765923, 0.5451590434050346, 0.4518226143382442, 0.46366380310044897, 0.46668214533395214, 0.5010448107615267, 0.5049918736822616, 0.5379614580789887, 0.5758068260836823, 0.5825400510661124, 0.5523566287310807, 0.5337822137651504, 0.5741815648810267, 0.5498026468411934, 0.5646621778369013, 0.5662874390395568, 0.5493382864975775, 0.5762711864272981, 0.5762711864272981]}
