{"best_test_loss": 0.5957579538241681, "epoch_time_hist": [23.39463496208191, 23.450852155685425, 22.84166717529297, 23.052918672561646, 22.99552893638611, 22.84618043899536, 22.859397411346436, 22.377318382263184, 22.70305562019348, 22.580851078033447, 22.54125690460205, 22.29891347885132, 22.652374267578125, 22.207005977630615, 22.401996612548828, 22.28868818283081, 22.58863878250122, 22.28323221206665, 22.325550317764282, 22.561624765396118, 22.609405279159546, 22.37660789489746, 22.115919828414917, 22.49630618095398, 22.73782515525818], "time_till_best_val_loss": 46.845487117767334, "val_loss_hist": [0.6352449500665139, 0.6217784999570075, 0.6057580681831191, 0.6210819595069218, 0.6250290225069648, 0.6366380310699652, 0.6236359414761171, 0.6166705363218791, 0.6410494549930926, 0.6740190387584394, 0.7021128390540994, 0.6956117947365774, 0.6891107499259552, 0.6944508941388545, 0.6953796148137388, 0.6846993269105729, 0.679591363409008, 0.678662642194598, 0.678662642194598, 0.6751799395356269, 0.6740190386755919, 0.6728581378165522, 0.6696076154940885, 0.6703041559276629, 0.6800557231435977, 0.6800557231435979]}
