{"best_test_loss": 0.4278432621717795, "epoch_time_hist": [3.0392425060272217, 2.762859582901001, 2.651848793029785, 2.78953218460083, 2.669102430343628, 2.5226008892059326, 2.5819079875946045, 2.408869504928589, 2.5028836727142334, 2.4559919834136963, 2.472165107727051, 2.5793676376342773, 2.8092665672302246, 2.756781578063965, 2.716031789779663, 2.5361671447753906, 2.356318712234497, 2.572909116744995, 2.1830263137817383, 2.049170732498169, 2.1687631607055664, 2.0859694480895996, 2.3110837936401367, 2.2303786277770996, 2.1805038452148438], "time_till_best_val_loss": 31.43637228012085, "val_loss_hist": [0.549691184712249, 0.555867490158454, 0.549691184712249, 0.5359348680366105, 0.49185850644323814, 0.45957327342898446, 0.4578888264891104, 0.44469399212676325, 0.424480628848274, 0.4211117349685258, 0.4177428410887776, 0.4177428410887776, 0.4160583941489035, 0.4314991577644161, 0.43458731048751864, 0.4357102751141014, 0.4376754632106211, 0.4452554744400546, 0.48175182480399353, 0.47389107241791434, 0.48119034249070214, 0.47922515439418234, 0.483997754057159, 0.4949466591663407, 0.49803481188944315, 0.5014037057691914]}
