{"best_test_loss": 0.09397897419260978, "epoch_time_hist": [4.039805173873901, 3.7272584438323975, 3.6498348712921143, 3.665245532989502, 3.711296319961548, 3.667741298675537, 3.6478869915008545, 3.7049636840820312, 3.643803119659424, 3.6619138717651367, 3.7339529991149902, 3.64424991607666, 3.643695116043091, 3.712007522583008, 3.6645703315734863, 3.667567491531372, 3.7184524536132812, 3.662111520767212, 3.676909923553467, 3.7110917568206787, 3.6480207443237305, 3.6536049842834473, 3.7066683769226074, 3.641458511352539, 3.6331939697265625], "time_till_best_val_loss": 66.56635665893555, "val_loss_hist": [0.5098259404685619, 0.1235261089241009, 0.12324536776745522, 0.12745648511714047, 0.13279056709340847, 0.1285794497437232, 0.12043795620099838, 0.11285794497156491, 0.11678832116460448, 0.10752386299529693, 0.10696238068200556, 0.11706906232125017, 0.10190903986238324, 0.10640089836871418, 0.10527793374213144, 0.10752386299529693, 0.1097697922484624, 0.10555867489877713, 0.1007860752358005, 0.11706906232125017, 0.10106681639244619, 0.10106681639244619, 0.10724312183865124, 0.11791128579118722, 0.12099943851428975, 0.11510387422473038]}
