{"best_test_loss": 0.16661357119571157, "epoch_time_hist": [0.9291865825653076, 1.008194923400879, 1.04246187210083, 1.072645902633667, 1.0896239280700684, 1.205740213394165, 1.1335210800170898, 1.1861438751220703, 1.0977001190185547, 1.264197826385498, 1.2154858112335205, 1.2317607402801514, 1.163849115371704, 1.2899794578552246, 1.161961555480957, 1.2089884281158447, 1.2566649913787842, 1.2311928272247314, 1.1974570751190186, 1.1375441551208496, 1.1357762813568115, 1.2516460418701172, 1.2320504188537598, 1.2292594909667969, 1.2416739463806152], "time_till_best_val_loss": 12.24490213394165, "val_loss_hist": [0.5628860190745961, 0.37871982031502754, 0.24929814710136727, 0.24817518247478454, 0.2540707467643439, 0.23891072430547697, 0.2692307692232108, 0.2142055025206568, 0.21476698483394815, 0.20971364401432585, 0.20859067938774312, 0.17012914092728443, 0.20044918584501828, 0.23076923076275213, 0.20129140931495534, 0.20578326782128628, 0.217574396400405, 0.21673217293046795, 0.1827624929763402, 0.21336327905071975, 0.1998877035317269, 0.19202695114564777, 0.21504772599059385, 0.2052217855079949, 0.18893879842254524, 0.1774284110000722]}
