{"best_test_loss": 0.3214399490181128, "epoch_time_hist": [3.3587427139282227, 2.7410643100738525, 2.781095266342163, 2.789687395095825, 2.792283535003662, 2.758554697036743, 2.7273108959198, 2.785987138748169, 2.72035551071167, 2.6410181522369385, 2.613922119140625, 2.6530580520629883, 2.6116902828216553, 2.6394457817077637, 2.5882489681243896, 2.670100212097168, 2.524329423904419, 2.5942020416259766, 2.5907504558563232, 2.543660879135132, 2.601588487625122, 2.5585272312164307, 2.618915557861328, 2.587960720062256, 2.5996012687683105], "time_till_best_val_loss": 64.49249982833862, "val_loss_hist": [0.6173498034638588, 0.44946659178973986, 0.4177428410887776, 0.4140932060523837, 0.42167321728181717, 0.4489051094764485, 0.43795620436726684, 0.4247613700049197, 0.4303761931378334, 0.38910724318296863, 0.3773161145736036, 0.37198203266004226, 0.36075238635241047, 0.3360471645048836, 0.32959011790203285, 0.3245367770824105, 0.3290286355887415, 0.3413812464811516, 0.35597978662672713, 0.35710275125330987, 0.3621560920729322, 0.36440202132609767, 0.34362717573431706, 0.3253790005523476, 0.3169567658529771, 0.3197641774194339]}
