{"best_test_loss": 0.5144485144380454, "epoch_time_hist": [12.850513935089111, 12.264988422393799, 12.108520269393921, 12.132545709609985, 11.610257863998413, 12.535570859909058, 11.645626068115234, 12.406750202178955, 13.367233276367188, 13.959697961807251, 14.036563873291016, 13.234124422073364, 12.740596771240234, 14.237765789031982, 15.450216054916382, 15.834320068359375, 16.568843841552734, 16.3247709274292, 14.802353620529175, 14.218406915664673, 12.042553186416626, 9.762502908706665, 9.097371101379395, 8.822250604629517, 8.406668424606323], "time_till_best_val_loss": 243.3089063167572, "val_loss_hist": [0.5977378903221604, 0.6142119497505567, 0.6024096385394048, 0.597000245866806, 0.591099090223971, 0.559380378643733, 0.5571674452776698, 0.5660191787419223, 0.5982296532923966, 0.6210966314083822, 0.6183919350720828, 0.6242930907149178, 0.6188836980423191, 0.5992131792328691, 0.49176297023624876, 0.504057044492155, 0.49741824439396565, 0.5062699778582181, 0.46299483647742823, 0.47135480697144444, 0.563560363890741, 0.5733956232954661, 0.5576592082479062, 0.5502827636943624, 0.604868453390586, 0.6137201868548384]}
