{"best_test_loss": 0.15771265770944826, "epoch_time_hist": [9.300859928131104, 8.736109733581543, 8.609838247299194, 8.621393918991089, 8.708338022232056, 8.725723028182983, 8.60897707939148, 8.762641668319702, 8.683562994003296, 8.782658100128174, 8.71874189376831, 8.62479305267334, 8.77152156829834, 8.680325269699097, 8.747873306274414, 8.750624895095825, 8.555007457733154, 8.587409019470215, 8.69053840637207, 8.63842511177063, 8.741058588027954, 8.81192946434021, 8.65652847290039, 8.473284482955933, 8.489661931991577], "time_till_best_val_loss": 78.75744462013245, "val_loss_hist": [0.5758544380945078, 0.2328497664068638, 0.1915416769070189, 0.19522989918379077, 0.1745758544338683, 0.1844111138385933, 0.19104991393678264, 0.1745758544338683, 0.16375706908867085, 0.15687238750536336, 0.15859355790119023, 0.16006884681189898, 0.16203589869284396, 0.1603147282970171, 0.16695352839520647, 0.16277354314819834, 0.17555938037434082, 0.1635111876035527, 0.1745758544338683, 0.17924760265111267, 0.1713793951273327, 0.16965822408950196, 0.16424883205890708, 0.16006884681189898, 0.16105237275237147, 0.1622817801779621]}
