{"best_test_loss": 0.3270248270181721, "epoch_time_hist": [1.301837682723999, 1.4797282218933105, 1.631789207458496, 1.755014181137085, 1.7870960235595703, 1.7117688655853271, 1.6899664402008057, 1.7869393825531006, 1.6450152397155762, 1.6936089992523193, 1.8543004989624023, 1.4544076919555664, 1.2112226486206055, 1.3832881450653076, 1.6019251346588135, 1.3277301788330078, 1.0930209159851074, 1.0657408237457275, 0.9464740753173828, 1.0434141159057617, 1.1073460578918457, 1.0879650115966797, 1.0863065719604492, 1.1278042793273926, 1.2259814739227295], "time_till_best_val_loss": 18.337064743041992, "val_loss_hist": [0.5480698303282993, 0.6132284238846022, 0.587164986462081, 0.565281534286568, 0.5429063191408187, 0.5333169412212118, 0.45783132525383813, 0.3931644947038809, 0.36242930906411536, 0.35652815342128036, 0.3587410867873435, 0.3528399311445085, 0.3545611015403354, 0.42070322103711083, 0.4597983771708926, 0.44111138430191515, 0.4455372510340414, 0.4767641996440432, 0.4708630440012082, 0.49643471845349313, 0.51782640765877, 0.4838947627124688, 0.49545119251302067, 0.4792230144952244, 0.4979100073642019, 0.4979100073642019]}
