{"best_test_loss": 0.5720390720274311, "epoch_time_hist": [13.886109113693237, 13.720828533172607, 13.657154083251953, 13.980926752090454, 13.553374767303467, 13.61202621459961, 13.8966383934021, 13.461387634277344, 13.920273780822754, 13.776179552078247, 13.990453004837036, 13.997743129730225, 13.404627323150635, 13.62202501296997, 12.856579065322876, 12.58305835723877, 12.715981721878052, 12.53768539428711, 11.926434516906738, 11.77798843383789, 11.553414583206177, 11.735870599746704, 11.550352096557617, 11.803132057189941, 12.11003065109253], "time_till_best_val_loss": 109.76844549179077, "val_loss_hist": [0.6164248832027023, 0.5561839193371974, 0.5642980083460954, 0.5507745266645986, 0.5520039340901892, 0.5556921563669611, 0.5446274895366455, 0.5465945414175906, 0.5387263338938105, 0.545611015477118, 0.5765920826020017, 0.6078190312120035, 0.6260142611107447, 0.6181460535869647, 0.6287189574470441, 0.6589623801165734, 0.6695352839766527, 0.670027046946889, 0.6729776247683065, 0.6651094172445264, 0.6651094172445264, 0.6638800098189358, 0.6643717727891721, 0.6673223506105896, 0.6673223506105896, 0.6656011802147627]}
