{"best_test_loss": 0.1929160935284417, "epoch_time_hist": [4.697681903839111, 4.499113082885742, 4.285612344741821, 4.384071588516235, 4.909650087356567, 5.021218538284302, 4.718258619308472, 4.567030906677246, 4.506424903869629, 3.197920083999634, 3.420902729034424, 3.477293014526367, 3.554022789001465, 3.7920072078704834, 4.1623523235321045, 4.2773003578186035, 3.8293659687042236, 2.9755921363830566, 2.8124313354492188, 3.2886106967926025, 3.5408682823181152, 3.915721893310547, 3.8312835693359375, 3.864006280899048, 3.6023378372192383], "time_till_best_val_loss": 67.4708604812622, "val_loss_hist": [0.3749126484844545, 0.3724668064160564, 0.3511530398200156, 0.32564640110672094, 0.35429769390795607, 0.30118798042273975, 0.3469601677027617, 0.43570929418463633, 0.4706498951617523, 0.4839273235330564, 0.4793850454060313, 0.36862334030857363, 0.2620545073283699, 0.27707896574852975, 0.3385744234682539, 0.2138364779799498, 0.17225716281718179, 0.34416491962459245, 0.32494758908717863, 0.32389937105786515, 0.33368273933145765, 0.34346610760505014, 0.34381551361482127, 0.3487071977516175, 0.3508036338102445, 0.3508036338102445]}
