{"best_test_loss": 0.33958259637992283, "epoch_time_hist": [2.9950976371765137, 3.0394530296325684, 2.8765952587127686], "time_till_best_val_loss": 8.91114592552185, "val_loss_hist": [0.32310984306978924, 0.3420114122559911, 0.35485021396737343, 0.3355920114561006]}
