{"best_test_loss": 0.10930314820978765, "epoch_time_hist": [3.6414241790771484, 3.385312795639038, 3.2385871410369873], "time_till_best_val_loss": 3.6414241790771484, "val_loss_hist": [0.358059914395219, 0.09736091297798286, 0.1323109843034126, 0.1480028530617688]}
