{"best_test_loss": 0.09090909090598397, "epoch_time_hist": [3.8937063217163086, 3.4384546279907227, 3.2734992504119873, 3.3151979446411133, 3.4260830879211426, 3.3672170639038086, 3.463282823562622, 3.3737118244171143, 3.37678599357605, 3.465846061706543, 3.337162971496582, 3.4331698417663574, 3.425457000732422, 3.355100154876709, 3.4550158977508545, 3.4093809127807617, 3.3849637508392334, 3.418368101119995, 3.285391092300415, 3.387794017791748, 3.395665168762207, 3.336801052093506, 3.3701331615448, 3.366799831390381, 3.308779716491699], "time_till_best_val_loss": 85.06376767158508, "val_loss_hist": [0.4607218683488775, 0.10438782731406979, 0.17338995045387864, 0.1539278131580351, 0.11535739560809069, 0.16560509553554123, 0.1500353856988664, 0.1457891011979551, 0.13729653219613247, 0.23779193205103355, 0.179405520163503, 0.13941967444658812, 0.17445152157910646, 0.16914366595296731, 0.13941967444658812, 0.13552724698741941, 0.12420382165165592, 0.11535739560809069, 0.12172682235945766, 0.10898796885672371, 0.11429582448286285, 0.10368011323058457, 0.09200283085307846, 0.09058740268610803, 0.1004953998549011, 0.09023354564436542]}
