{"best_test_loss": 0.05398899587159598, "epoch_time_hist": [4.385076999664307, 4.058434963226318, 3.995927572250366, 4.09099817276001, 4.0614013671875, 4.098623275756836, 4.1560540199279785, 4.099825143814087, 4.137253999710083, 4.17915153503418, 4.107917785644531, 4.10208797454834, 4.1762120723724365, 4.118060827255249, 4.105994462966919, 4.156097173690796, 4.121722936630249, 4.118477821350098, 4.166465520858765, 4.121089458465576, 4.109790802001953, 4.169748544692993, 4.083858013153076, 4.102595329284668, 4.1679322719573975], "time_till_best_val_loss": 4.385076999664307, "val_loss_hist": [0.3801537386310219, 0.0496156533875047, 0.056603773582927897, 0.07861635219851096, 0.15059399021136988, 0.2358490565955329, 0.2330538085173636, 0.18029350104191846, 0.17435359887580876, 0.14116002794754856, 0.15059399021136988, 0.22257162822422882, 0.14430468203548902, 0.15513626833839497, 0.15863032843610655, 0.15688329838725076, 0.13417190775212537, 0.1425576519866332, 0.13836477986937928, 0.1306778476544138, 0.13207547169349843, 0.12648497553715987, 0.11320754716585579, 0.08106219426690908, 0.08141160027668023, 0.08665269042324764]}
