{"best_test_loss": 0.07723855092012172, "epoch_time_hist": [4.380453109741211, 3.6778459548950195, 3.8276469707489014, 4.272059679031372, 4.167746067047119, 4.338824987411499, 3.869039297103882, 3.1851589679718018, 3.129021167755127, 3.3886947631835938, 3.413141965866089, 3.5799670219421387, 3.4968528747558594, 4.611495733261108, 5.793877124786377, 5.960571050643921, 6.318160772323608, 5.727017879486084, 6.271285057067871, 4.908521890640259, 4.270811080932617, 4.330120325088501, 4.173833847045898, 4.162482976913452, 4.14297080039978], "time_till_best_val_loss": 92.58819341659546, "val_loss_hist": [0.32661004952842854, 0.31564048123440763, 0.15357395611629251, 0.1266808209438542, 0.09589525831224717, 0.09907997168793065, 0.08881811747739497, 0.10297239914709935, 0.1234961075681707, 0.10721868364801067, 0.1047416843558124, 0.15180467090757946, 0.14295824486401423, 0.12986553431953768, 0.19532908704192042, 0.11500353856634808, 0.10969568294020893, 0.14826610049015337, 0.12845010615256724, 0.12526539277688375, 0.11075725406543677, 0.07324840764072016, 0.082448690726028, 0.08386411889299844, 0.08634111818519671, 0.07678697805814626]}
