{"best_test_loss": 0.11142553943716217, "epoch_time_hist": [3.689488172531128, 3.9248898029327393, 4.521461009979248], "time_till_best_val_loss": 7.614377975463867, "val_loss_hist": [0.35413694720562994, 0.28851640512523125, 0.11590584878331292, 0.1276747503520801]}
