{"best_test_loss": 0.07599724896574976, "epoch_time_hist": [0.7654678821563721, 0.7359557151794434, 0.8344004154205322, 0.8258926868438721, 0.8989579677581787, 0.8137071132659912, 0.7571032047271729, 0.7385735511779785, 0.6512088775634766, 1.2161812782287598, 1.2270867824554443, 0.999943733215332, 1.013671875, 0.7621679306030273, 0.7353782653808594, 0.7523806095123291, 0.8725566864013672, 1.0720231533050537, 1.0285370349884033, 0.9328243732452393, 0.8869688510894775, 0.9141519069671631, 0.9110019207000732, 0.9670886993408203, 0.9356093406677246], "time_till_best_val_loss": 19.435139894485474, "val_loss_hist": [0.3843466107482758, 0.3504542278004733, 0.1851851851787147, 0.1016771488434075, 0.11006289307791535, 0.07791754017896864, 0.11320754716585579, 0.09538784066752663, 0.12368972745899058, 0.11146051711699999, 0.14150943395731974, 0.1016771488434075, 0.09643605869684012, 0.11390635918539811, 0.1243885394785329, 0.13976240390846392, 0.1016771488434075, 0.10027952480432287, 0.10237596086294984, 0.08455625436462068, 0.0904961565307304, 0.09014675052095923, 0.07721872815942632, 0.085255066384163, 0.093990216628442, 0.09993011879455171]}
