{"best_test_loss": 0.32152682254740284, "epoch_time_hist": [5.677214622497559, 5.318351984024048, 5.2823896408081055, 4.8044962882995605, 5.247863054275513, 5.48497200012207, 5.758664846420288, 5.700146675109863, 4.634050130844116, 4.138420104980469, 3.937303304672241, 3.938646078109741, 3.961702585220337, 3.9612534046173096, 3.9553029537200928, 4.024188280105591, 3.8329200744628906, 3.908707618713379, 3.861377000808716, 3.880539655685425, 3.875175714492798, 3.846660852432251, 3.930000066757202, 3.8370203971862793, 3.819657325744629], "time_till_best_val_loss": 5.677214622497559, "val_loss_hist": [0.4776380153571755, 0.3102725367418173, 0.31201956672564574, 0.3155136268233573, 0.31201956672564574, 0.35534591193726955, 0.35709294198612535, 0.3469601677027617, 0.35814116001543883, 0.3661774982401755, 0.3633822501620062, 0.3595387840545235, 0.35464709991772725, 0.35429769390795607, 0.35429769390795607, 0.35429769390795607, 0.35464709991772725, 0.35464709991772725, 0.3525506638591003, 0.3549965059274984, 0.3549965059274984, 0.35429769390795607, 0.3549965059274984, 0.35534591193726955, 0.35534591193726955, 0.35569531794704073]}
