{"best_test_loss": 0.2607003890958366, "epoch_time_hist": [3.304027795791626, 3.2113687992095947, 3.4178531169891357], "time_till_best_val_loss": 3.304027795791626, "val_loss_hist": [0.3277460770211218, 0.2382310985152384, 0.2792439372225662, 0.2667617688920556]}
