{"best_test_loss": 0.5345247765935311, "epoch_time_hist": [14.490494728088379, 15.3883638381958, 14.744937181472778, 14.53441858291626, 14.65091609954834, 14.9918053150177, 15.530266761779785, 14.71224570274353, 14.985917806625366, 14.567681550979614, 14.364547491073608, 14.252019882202148, 14.063668727874756, 12.62502670288086, 12.169774770736694, 19.677486419677734, 19.601360082626343, 20.204115629196167, 16.95751690864563, 17.767614126205444, 15.883417844772339, 14.558388710021973, 12.113357067108154, 11.628127813339233, 11.713768005371094], "time_till_best_val_loss": 255.3509316444397, "val_loss_hist": [0.5991244532110572, 0.6095476339686872, 0.6012090890014341, 0.5959974984240984, 0.5930790077199394, 0.5893266624851089, 0.5789034814130269, 0.5912028351539426, 0.5903689795356514, 0.6049614342171157, 0.6122576610253855, 0.6441525953586793, 0.6520742130362295, 0.6458203043434267, 0.6295601417421397, 0.6118407337791987, 0.519282885365226, 0.4925995413697603, 0.5121951219405422, 0.5699395455374205, 0.5916197623391366, 0.6385240775351569, 0.6283093600035792, 0.643527204489399, 0.643527204489399, 0.5943297894393511]}
