{"best_test_loss": 0.19821283508939455, "epoch_time_hist": [12.63853406906128, 12.297578811645508, 12.206367254257202, 12.2640860080719, 12.152369499206543, 12.196714878082275, 12.198659658432007, 12.222432613372803, 12.145766496658325, 12.245411396026611, 12.125754356384277, 12.202841758728027, 12.205455303192139, 12.2109215259552, 12.239627599716187, 12.176912546157837, 12.183005332946777, 12.201187133789062, 12.117817878723145, 12.219551801681519, 12.284528493881226, 12.184130191802979, 12.230886459350586, 12.224324226379395, 12.186594486236572], "time_till_best_val_loss": 98.17674279212952, "val_loss_hist": [0.6318532415961674, 0.2503648113352019, 0.20158432353134076, 0.16781321659020612, 0.1659370439823653, 0.1774025432525036, 0.17156556180588772, 0.1571815718124415, 0.14425682718064922, 0.16572858035927188, 0.16510318944975413, 0.15884928079718888, 0.15593079016398745, 0.1607254534050297, 0.16385240775143106, 0.1651031894899916, 0.17156556180588772, 0.16281008963596394, 0.1584323532622206, 0.16656243485164557, 0.16593704385452887, 0.1634354804619436, 0.15884928079718888, 0.15926620804337574, 0.15739003543553493, 0.1607254534050297]}
