{"best_test_loss": 0.33103168155298474, "epoch_time_hist": [0.9862945079803467, 1.1222667694091797, 1.218217134475708, 1.2946608066558838, 1.261181354522705, 1.2564232349395752, 1.1329400539398193, 1.101944923400879, 1.1129131317138672, 0.9682276248931885, 0.9131178855895996, 1.0347368717193604, 0.9907894134521484, 1.008202314376831, 0.951042652130127, 0.9286971092224121, 0.9615218639373779, 0.9503028392791748, 1.0325441360473633, 1.0503671169281006, 1.0581905841827393, 1.087205410003662, 1.0286498069763184, 1.0084655284881592, 0.9768321514129639], "time_till_best_val_loss": 10.486841917037964, "val_loss_hist": [0.6306024598576068, 0.6549927037595373, 0.6262247237726449, 0.6166353971103474, 0.6145507608794132, 0.5747342088178488, 0.5372107562873534, 0.4571607254285513, 0.34980195955076504, 0.3114446529015751, 0.3249947884026476, 0.34021263288846754, 0.3502188867969519, 0.3587658953437822, 0.4342297269036016, 0.4677923702216429, 0.4982280591932827, 0.4821763602150891, 0.45278298935891637, 0.514071294548383, 0.43860746298856357, 0.4365228267576293, 0.4540337710974769, 0.47029393369876393, 0.47029393369876393, 0.47029393369876393]}
