{"best_test_loss": 0.5934199837409947, "epoch_time_hist": [16.61328434944153, 16.364651679992676, 16.868090391159058, 16.114410877227783, 16.26346731185913, 16.2497296333313, 15.960693597793579, 15.90803837776184, 15.680504560470581, 16.01986598968506, 16.220805168151855, 15.9792160987854, 16.168642282485962, 16.068020820617676, 16.150795698165894, 16.15185546875, 16.15762424468994, 16.3168683052063, 15.789990425109863, 16.510610818862915, 16.61296820640564, 16.091479539871216, 16.49280285835266, 16.628990650177002, 16.91155457496643], "time_till_best_val_loss": 210.41140031814575, "val_loss_hist": [0.567229518437206, 0.617886178848908, 0.5713987908990744, 0.5703564727836073, 0.5695226182912336, 0.5901605169774826, 0.5953721075548182, 0.5661872003217389, 0.5770273087225969, 0.5647279549600849, 0.5584740462672821, 0.5588909735134691, 0.5599332916289361, 0.5557640191670676, 0.563894100418061, 0.5741088179992889, 0.6037106524785552, 0.616426933487254, 0.6237231602955238, 0.6331040233347279, 0.616426933487254, 0.6074629976942367, 0.5932874708175694, 0.5968313529164722, 0.5968313529164722, 0.6024598707399946]}
