{"best_test_loss": 0.3182314410393496, "epoch_time_hist": [42.27978467941284, 41.33937191963196, 42.43774104118347, 43.020334243774414, 43.0860116481781, 41.94623064994812, 43.347496032714844, 41.197834730148315, 40.57694911956787, 45.03847289085388, 43.75594425201416, 45.1210994720459, 50.047178983688354, 40.73862552642822, 45.43662071228027, 39.32110929489136, 42.48958969116211, 46.495827436447144, 37.96162676811218, 47.373661518096924, 39.37803792953491, 48.48219633102417, 43.50337362289429, 36.3643102645874, 36.03912663459778], "time_till_best_val_loss": 902.3895485401154, "val_loss_hist": [0.40461933275150785, 0.4194468206324652, 0.4282862845460932, 0.39948674079271496, 0.4414029084561904, 0.44339891644016544, 0.4374108924882404, 0.4414029084561904, 0.45508982034630485, 0.3929284288453685, 0.35785571720673365, 0.3772455090270181, 0.3886512688133194, 0.44596521242189635, 0.40575990874235074, 0.4442543484332976, 0.35329341316357876, 0.3524379811704466, 0.46478471626846923, 0.48160821213340155, 0.3438836612391251, 0.318790989440582, 0.3304818933467214, 0.3957798688224756, 0.4853150841036409, 0.33361847732153926]}
