{"best_test_loss": 0.06932314410291149, "epoch_time_hist": [132.43295168876648, 133.5694453716278, 133.93760681152344, 133.03989338874817, 134.04169821739197, 132.87130856513977, 131.40932822227478, 133.89158964157104, 134.1431529521942, 133.07130646705627, 131.2806921005249, 134.05208492279053, 134.08648657798767, 134.2261369228363], "time_till_best_val_loss": 532.9798972606659, "val_loss_hist": [0.3949244368293435, 0.1993156543997914, 0.1414314228645158, 0.09580838323080101, 0.07984031935900085, 0.080695751352133, 0.09295694325369384, 0.10122611918730465, 0.09352723124911529, 0.0955232392330903, 0.09267179925598312, 0.10179640733695242, 0.09352723124911529, 0.08753920729719021, 0.09181636726285097]}
