{"best_test_loss": 0.09143013100187145, "epoch_time_hist": [1.2335729598999023, 1.4127578735351562, 1.3026976585388184, 1.6050441265106201, 1.7332918643951416, 1.7760798931121826, 1.7092549800872803, 1.7850003242492676, 1.8466901779174805, 1.9042294025421143, 1.592369794845581, 1.8691415786743164, 1.7215843200683594, 1.871631383895874, 1.5993189811706543, 1.760387897491455, 1.8022055625915527, 1.8504574298858643, 1.9260988235473633, 1.805931568145752, 1.8113808631896973, 1.8899688720703125, 1.866452693939209, 1.8217108249664307, 1.7957582473754883], "time_till_best_val_loss": 12.55769968032837, "val_loss_hist": [0.46079270030051916, 0.43655546049510824, 0.2714570858206029, 0.24379811800585258, 0.14086113486909435, 0.12774451097440137, 0.13230681493777283, 0.11976047903850127, 0.11177644710260119, 0.12774451097440137, 0.11263187909573334, 0.15882520672486955, 0.12432278300187276, 0.14371257484620154, 0.17023096663329823, 0.18705446249823057, 0.19703450241810566, 0.213857998283038, 0.2010265183860557, 0.20729968633569149, 0.20844026232653437, 0.20901055032195578, 0.21785001425098804, 0.21984602223496305, 0.21984602223496305, 0.21984602223496305]}
