{"best_test_loss": 0.3542576419117288, "epoch_time_hist": [47.028576612472534, 48.47813272476196, 51.421263694763184, 51.70332956314087, 45.603615283966064, 46.66277575492859, 45.4884512424469, 45.50588583946228, 42.62033247947693, 42.55881452560425, 47.09220886230469, 47.392356634140015, 48.63507437705994, 48.36849498748779, 49.760196924209595, 50.51753854751587, 51.2867534160614, 50.748005867004395, 51.91569519042969, 50.572142362594604, 49.201080560684204, 49.81028437614441, 50.259649991989136, 50.84927320480347, 49.04329061508179], "time_till_best_val_loss": 47.028576612472534, "val_loss_hist": [0.42714570857065454, 0.33761049277632393, 0.375249500987304, 0.36612489305218116, 0.47761619616545153, 0.47219845976185604, 0.4630738522456174, 0.4411177643850708, 0.4462503564172726, 0.4744796121906336, 0.47761619616545153, 0.4644995722707585, 0.47647562022805146, 0.4744796121906336, 0.4764756202498069, 0.47932706015171583, 0.48160821213340155, 0.48303393212195517, 0.48474479610821947, 0.484174508112798, 0.48502994010593015, 0.48445965211050873, 0.4838893641150873, 0.48274878812424443, 0.4813230681356908, 0.4796122041494265]}
